cohort,image,effort,distance,cpu,batch,gpu,mode,power,variant,baseline_ms_n,baseline_ms_median,baseline_ms_mean,baseline_ms_p10,baseline_ms_p90,baseline_ms_min,baseline_ms_max,treatment_ms_n,treatment_ms_median,treatment_ms_mean,treatment_ms_p10,treatment_ms_p90,treatment_ms_min,treatment_ms_max,saved_ms_n,saved_ms_median,saved_ms_mean,saved_ms_p10,saved_ms_p90,saved_ms_min,saved_ms_max,saved_percent_n,saved_percent_median,saved_percent_mean,saved_percent_p10,saved_percent_p90,saved_percent_min,saved_percent_max,processes,process_saved_percent_min,process_saved_percent_max
ac_confirm,alpine24,1,1.9,8,1,1,ordinary,ac,1,72,73.887125,73.93936055555555,72.7347247,75.2322744,72.269125,76.5705,72,73.352833,73.47494731944444,72.2836497,74.9115042,71.435834,76.097875,72,0.3921459999999968,0.4644132361111113,-0.9410202999999979,1.7968374999999994,-1.6926660000000027,3.151458000000005,72,0.5339915134876568,0.619504578953597,-1.2728755141113326,2.4253188877187064,-2.2749294340400317,4.170367368408871,4,0.26401572662325273,0.9277752860398369
ac_confirm,alpine24,1,1.9,8,1,1,ordinary,ac,2,72,73.887125,73.93936055555555,72.7347247,75.2322744,72.269125,76.5705,72,73.0932085,73.30167304166666,72.27617939999999,74.81277560000001,71.26025,75.509625,72,0.5639164999999977,0.6376875138888898,-0.37143780000000104,1.7374494000000082,-1.8757069999999914,2.7373329999999925,72,0.7616464479627851,0.8551967350367911,-0.5085635538939092,2.3531860531855857,-2.5800173075228456,3.682717176152388,4,0.4631278998572811,1.2407662120807288
ac_confirm,alpine24,7,1.9,8,1,1,ordinary,ac,1,72,322.7614585,322.45551795833336,313.9793913,329.5976206,311.4415,346.682583,72,322.6093955,321.80115569444445,313.0010247,328.2970286,309.424125,336.942959,72,1.034312,0.6543622638888896,-5.712433000000003,6.151733600000022,-13.045708999999988,10.836999000000048,72,0.31544774095886846,0.19104694935525973,-1.769763079047715,1.9406150685015822,-4.02773070780934,3.2036481995979234,4,-0.20598813457919313,0.40163851840709747
ac_confirm,alpine24,7,1.9,8,1,1,ordinary,ac,2,72,322.7614585,322.45551795833336,313.9793913,329.5976206,311.4415,346.682583,72,321.0312295,320.9395729444444,312.4301211,329.2194462,311.062208,335.859209,72,1.5745425000000068,1.5159450138888895,-4.327958699999994,7.476108400000014,-12.153291000000024,16.51916600000004,72,0.4974104924082388,0.45711236558572904,-1.3485359655647156,2.2658425884550386,-3.860150879530509,4.764925268830145,4,0.45896359547936805,0.5276962760445725
ac_confirm,campus12,7,1.9,8,1,1,ordinary,ac,1,72,183.27797950000001,184.0169630277778,182.4030045,187.0194712,180.640375,190.695625,72,182.31275,183.167414875,181.1467625,186.4651044,180.134708,191.410833,72,0.7524789999999797,0.8495481527777784,-2.2843579999999974,4.024824700000002,-8.162833000000006,9.010542000000015,72,0.41102880550609383,0.4516568940763449,-1.2512030828935468,2.15080814718589,-4.454527743822583,4.72509109739671,4,0.33968702563877806,0.6471265454867978
ac_confirm,campus12,7,1.9,8,1,1,ordinary,ac,2,72,183.27797950000001,184.0169630277778,182.4030045,187.0194712,180.640375,190.695625,72,181.9234375,182.159721,180.6058166,183.8020622,179.780208,187.338708,72,1.4949790000000007,1.8572420277777806,-0.20461280000000373,4.992334000000013,-5.311541000000005,9.230000000000018,72,0.8125699108913205,0.998571446205518,-0.11299015658961938,2.674090351948622,-2.922767101446587,4.8507696455526945,4,0.4928627710287571,0.9949693697904962
ac_confirm,clic_a,1,1.9,8,1,1,ordinary,ac,1,72,16.0502915,16.927916083333333,15.6289461,19.9427962,15.004667,23.711959,72,15.057646,15.880865125,14.7015661,18.7654417,13.978209,22.046833,72,0.999020999999999,1.0470509583333332,0.055471199999999,1.8846911999999998,-2.4641659999999987,4.199417,72,6.1859669754752495,6.059145543852392,0.3650443893190292,11.184557691017393,-12.583403476145504,19.544519684226554,4,5.491305278209388,7.557179781442541
ac_confirm,clic_a,1,1.9,8,1,1,ordinary,ac,2,72,16.0502915,16.927916083333333,15.6289461,19.9427962,15.004667,23.711959,72,14.324125,15.149446805555556,13.7898173,18.2889414,13.103042,21.162458,72,1.710813,1.7784692777777775,0.9010088999999996,2.7447241999999994,-1.857875,6.952374999999998,72,10.85878972215653,10.453954074914568,5.397582583680675,15.405834409536599,-10.891065138110108,31.293041364720704,4,9.678660238069266,11.244258420325146
ac_confirm,clic_a,7,1.9,8,1,1,ordinary,ac,1,72,55.9564375,56.210419486111114,55.4267792,57.4818958,55.027791,59.45775,72,54.8979585,55.16546301388889,54.3697036,56.6643494,53.90475,57.95125,72,1.0605209999999978,1.0449564722222222,-0.33046579999999814,2.1156040999999997,-1.4066669999999988,4.377041999999996,72,1.9029856404798946,1.83979712408474,-0.593984873820372,3.7728796847157273,-2.510252400762888,7.389431708268984,4,1.4525042746281938,2.2602363067117572
ac_confirm,clic_a,7,1.9,8,1,1,ordinary,ac,2,72,55.9564375,56.210419486111114,55.4267792,57.4818958,55.027791,59.45775,72,54.157792,54.332683430555555,53.620933,55.155312800000004,53.21575,57.709083,72,1.8171454999999987,1.877736055555556,0.9315958000000024,3.1173128000000014,-1.1977909999999952,5.912458000000001,72,3.23041294613527,3.318890853141212,1.6641757254535476,5.4673293729768275,-2.1316420779128245,9.967490661301051,4,2.557515535934507,3.7042035405960325
ac_trace,alpine24,1,1.9,8,1,1,trace,ac,1,16,73.5848955,73.81640625,72.91679149999999,75.063917,72.503542,75.7215,16,73.79472899999999,73.7270520625,72.44475,74.484125,72.232625,78.006875,16,0.22625049999999902,0.08935418750000146,-1.729458500000007,1.4368540000000039,-2.2853749999999877,2.549790999999999,16,0.309661114910315,0.1139470690836479,-2.3811453422039057,1.9455358402053706,-3.0181322345700856,3.390837339503832,2,-0.45541315745140526,1.3130605235101718
ac_trace,alpine24,1,1.9,8,1,1,trace,ac,2,16,73.5848955,73.81640625,72.91679149999999,75.063917,72.503542,75.7215,16,72.8257285,73.014979125,71.9451665,74.250542,71.813167,75.48675,16,0.44887550000000687,0.801427125,-0.26495849999999876,2.5757494999999935,-0.34437400000000196,2.683334000000002,16,0.6139787839467646,1.0779704073228098,-0.35659292677485654,3.4577456690192556,-0.47497541568383234,3.5436883844086577,2,0.3271766278429606,0.9696801068173131
ac_trace,alpine24,7,1.9,8,1,1,trace,ac,1,16,316.0104165,318.26392968749997,313.3305835,327.09099949999995,313.080708,330.723625,16,318.01099999999997,319.47290875,314.50935400000003,325.4700205,312.320917,332.01075,16,-1.1972494999999697,-1.2089790624999992,-9.459603999999985,5.142020500000001,-10.468957999999986,15.543207999999993,16,-0.3681803761462902,-0.40226765320651975,-2.9929979107932736,1.594090711650558,-3.3385964779403836,4.702339210158139,2,-1.154514253157482,0.0020754586264178088
ac_trace,alpine24,7,1.9,8,1,1,trace,ac,2,16,316.0104165,318.26392968749997,313.3305835,327.09099949999995,313.080708,330.723625,16,317.9376665,318.28205725,312.8279585,325.510771,311.7175,328.008708,16,-0.051208000000002585,-0.01812756250000902,-4.622062999999997,4.381958499999996,-5.4266660000000115,6.211874000000023,16,-0.01631347851803641,-0.015096998334042804,-1.4574565766192822,1.3361918228869634,-1.7285832467218027,1.9331129477633415,2,-0.01631347851803641,0.06939221738504486
ac_trace,campus12,7,1.9,8,1,1,trace,ac,1,16,185.949167,187.1164479375,184.633604,190.8484585,183.639625,193.441958,16,185.4420835,185.5921094375,183.30620850000003,188.44425,183.067167,190.651542,16,1.037062000000006,1.5243384999999936,-1.29872850000001,4.624270500000009,-2.945875000000001,7.195666999999986,16,0.5573344364289661,0.8018415687995082,-0.6985726992010632,2.4131938730829656,-1.5694118601118212,3.7508485801489684,2,0.41517991616119737,1.1457887611178657
ac_trace,campus12,7,1.9,8,1,1,trace,ac,2,16,185.949167,187.1164479375,184.633604,190.8484585,183.639625,193.441958,16,185.0329165,185.3291509375,182.6057495,187.8695625,182.244417,192.950083,16,2.053271499999994,1.7872969999999935,-1.2604165000000194,3.919750499999992,-1.7774589999999932,6.726832999999999,16,1.1077471077826202,0.9487757458477968,-0.6694703933202839,2.0687952963366385,-0.9521207064284694,3.47744257220556,2,0.8225688360869224,1.1077471077826202
ac_trace,clic_a,1,1.9,8,1,1,trace,ac,1,16,16.097437499999998,16.3413385,15.577895999999999,17.167417,15.429958,18.951667,16,14.9952085,15.28259375,14.698979,16.223896,14.282625,16.391292,16,0.9855,1.0587447500000002,0.1797500000000003,2.1343750000000004,0.0480830000000001,2.687583,16,6.189761192997716,6.343059995398248,1.1158047077048285,12.730150951691275,0.30985473114722867,14.181248541355227,2,5.96986646729217,6.230566626252111
ac_trace,clic_a,1,1.9,8,1,1,trace,ac,2,16,16.097437499999998,16.3413385,15.577895999999999,17.167417,15.429958,18.951667,16,14.478291,14.581632625,13.8181245,15.183229,13.586458,16.337459,16,1.690208499999999,1.759705875,1.101813,2.322063000000001,0.8879169999999998,2.6142080000000014,16,10.54649526885454,10.700643435868807,6.926642741861,14.007785344756119,5.497384938048029,14.225988841770244,2,10.54649526885454,10.811541036772873
ac_trace,clic_a,7,1.9,8,1,1,trace,ac,1,16,55.934062499999996,56.136979375,55.682417,56.8592915,55.634917,58.019542,16,54.6770415,55.1735520625,54.0220415,56.941833,53.839125,58.528917,16,1.4627920000000003,0.9634273124999999,-1.1513120000000008,2.6508959999999995,-2.7134169999999997,3.2624580000000023,16,2.6200859947971122,1.7007330066466901,-2.062793003869036,4.635930502970275,-4.861404090261665,5.706145915716425,2,2.1948735505736052,2.7687585022652854
ac_trace,clic_a,7,1.9,8,1,1,trace,ac,2,16,55.934062499999996,56.136979375,55.682417,56.8592915,55.634917,58.019542,16,54.223957999999996,54.331695375,53.6622085,54.847145999999995,53.452041,57.067875,16,1.7787085000000005,1.8052840000000008,1.0777085,2.5607295000000008,0.7493340000000046,3.0711240000000046,16,3.1832341214986286,3.214462463618862,1.8984557565045086,4.5490472070125865,1.3434181155504887,5.371496481873084,2,2.6093341749022807,3.4994100621189634
batch,alpine24,1,1.9,8,4,1,ordinary,ac,1,16,308.894146,309.066268125,295.658854,321.5121665,283.192417,329.712833,16,311.873333,311.245989625,297.6525625,324.65277100000003,282.186584,337.670458,16,-1.9056670000000224,-2.179721500000003,-20.3316255,15.036041499999982,-23.72583400000002,25.17458300000004,16,-0.6140953473822567,-0.7866677022036377,-6.532129260362455,4.608330540323799,-8.187397936974554,8.190554208821062,2,-3.389851621076895,0.5275251716742827
batch,alpine24,1,1.9,8,4,1,ordinary,ac,2,16,308.894146,309.066268125,295.658854,321.5121665,283.192417,329.712833,16,313.55775,312.265463625,299.9661665,327.7440625,272.402375,339.540292,16,-3.2598330000000146,-3.1991954999999983,-26.59804200000002,20.319333,-29.97595799999999,34.95879200000002,16,-1.0544827337626064,-1.152077930160736,-8.842231885431847,6.217263069822407,-9.941189273209595,11.373848017697048,2,-2.806582478890746,-0.44391244888474285
batch,alpine24,7,1.9,8,4,1,ordinary,ac,1,16,1444.1306455,1441.777075625,1404.9158335,1474.4518335,1386.413667,1487.220458,16,1457.06125,1458.711302125,1435.8868539999999,1483.7781875,1425.462916,1492.963834,16,-13.785645000000045,-16.934226499999994,-56.78733299999999,17.370603999999958,-94.96679199999994,51.671583000000055,16,-0.9551531306173947,-1.2147379764220434,-4.059822664428816,1.1798049079592459,-6.793061011355126,3.47437279537477,2,-1.3354937991307385,-0.7708454812060251
batch,alpine24,7,1.9,8,4,1,ordinary,ac,2,16,1444.1306455,1441.777075625,1404.9158335,1474.4518335,1386.413667,1487.220458,16,1436.406,1442.057619875,1415.5769785,1480.821167,1402.863333,1510.252125,16,4.400499999999965,-0.2805442500000055,-60.794000000000096,48.6239374999999,-79.2500829999999,72.81904200000008,16,0.3004248104420642,-0.075345953244082,-4.325501778737052,3.3111359028108533,-5.538083152504677,4.8963179337867935,2,0.3004248104420642,0.8745423848537734
batch,clic_a,1,1.9,8,4,1,ordinary,ac,1,16,33.7866875,34.018223875,32.668791999999996,36.240624999999994,31.080166,37.702583,16,33.802396,33.9200418125,31.953625,35.598625,31.103375,37.365542,16,0.36183300000000074,0.09818206249999983,-1.7944589999999963,2.173624499999999,-4.390583999999997,2.5362909999999985,16,1.0603445109420206,0.15185594435215896,-5.607248350827423,6.436427750155575,-13.314903994722288,6.890846484834459,2,-0.13407713023628215,2.654174557008054
batch,clic_a,1,1.9,8,4,1,ordinary,ac,2,16,33.7866875,34.018223875,32.668791999999996,36.240624999999994,31.080166,37.702583,16,34.233979000000005,34.473255125,32.9436455,36.5879585,32.5965,37.28525,16,-0.1306875000000005,-0.45503125000000066,-4.078604500000001,2.5024164999999954,-4.398875000000004,4.096207999999997,16,-0.3809414989071399,-1.638221232027787,-12.724405922721157,6.9018233855790605,-13.464707185414545,10.864528830823069,2,-1.2707896989125405,-0.3621445615690123
batch,clic_a,7,1.9,8,4,1,ordinary,ac,1,16,204.257875,202.8730105,192.727896,211.029813,190.016667,213.629875,16,206.1994585,204.66388025,196.73064599999998,210.4157915,194.573417,211.807625,16,-1.6764794999999992,-1.7908697499999988,-14.164832999999987,11.571103999999991,-20.527792000000005,14.995959,16,-0.8430247669762119,-1.0472606421899493,-7.360774376496504,5.510682714950294,-10.731811962633826,7.081255007324179,2,-0.8576538226685461,-0.8430247669762119
batch,clic_a,7,1.9,8,4,1,ordinary,ac,2,16,204.257875,202.8730105,192.727896,211.029813,190.016667,213.629875,16,200.2668545,199.270648625,190.9420215,204.7634585,184.892792,211.185917,16,4.086437000000004,3.6023618750000015,-6.163041499999991,11.586021000000002,-14.390041999999994,17.567082999999997,16,2.027005728520803,1.6788180799615378,-3.219984537105537,5.490685433018729,-7.523031453085801,8.53048293240868,2,1.1724890934284569,2.640323898452763
batch_trace,alpine24,1,1.9,8,4,1,trace,ac,1,3,307.851625,303.79874966666665,294.6608578,311.31549140000004,291.363166,312.181458,3,307.987375,309.01969433333335,301.2818414,317.170475,299.605458,319.46625,3,-0.13574999999997317,-5.220944666666658,-22.509617200000015,10.033650000000023,-28.103084000000024,12.576000000000022,3,-0.044095917960469806,-1.8870164729515677,-7.725123035122874,3.2139218672233,-9.645379814413475,4.028426313519242,1,-0.044095917960469806,-0.044095917960469806
batch_trace,alpine24,1,1.9,8,4,1,trace,ac,2,3,307.851625,303.79874966666665,294.6608578,311.31549140000004,291.363166,312.181458,3,318.949792,324.726903,315.1053584,336.659292,314.14425,341.086667,3,-22.78108400000002,-20.928153333333324,-31.144250399999976,-9.97088399999999,-33.235041999999964,-6.768333999999982,3,-7.8187934023204635,-6.927556355156741,-10.200397710711202,-3.2982201807367915,-10.795798787808888,-2.1680768753408732,1,-7.8187934023204635,-7.8187934023204635
batch_trace,alpine24,7,1.9,8,4,1,trace,ac,1,3,1430.740875,1415.5765413333334,1379.9125078,1445.1748414,1367.205416,1448.783333,3,1484.2205,1473.8529583333334,1444.5812336,1498.9776664,1434.671417,1502.666958,3,-53.47962499999994,-58.27641699999996,-119.06515859999999,0.5936078000000649,-135.461542,14.111916000000065,3,-3.737897332387316,-4.223919605344963,-8.673910969541083,0.03166284966809796,-9.907914378829524,0.9740528951819508,1,-3.737897332387316,-3.737897332387316
batch_trace,alpine24,7,1.9,8,4,1,trace,ac,2,3,1430.740875,1415.5765413333334,1379.9125078,1445.1748414,1367.205416,1448.783333,3,1458.020916,1453.0977916666666,1439.2594168,1464.9669168,1434.569042,1466.703417,3,-35.962541999999985,-37.521250333333306,-61.08340920000005,-14.582574799999882,-67.36362600000007,-9.237582999999859,3,-2.5135608151266373,-2.692758005930673,-4.444394968646985,-1.012799919535975,-4.927103507027072,-0.6376096956383096,1,-2.5135608151266373,-2.5135608151266373
batch_trace,clic_a,1,1.9,8,4,1,trace,ac,1,3,32.716667,32.69993066666667,32.291367,33.101799799999995,32.185042,33.198083,3,33.162959,33.201903,32.612791800000004,33.8065918,32.47525,33.9675,3,-0.2902079999999998,-0.5019723333333346,-1.058708,-0.029942400000003033,-1.250833,0.03512399999999616,3,-0.901685944669576,-1.5397044491528993,-3.2389201429982766,-0.09569615710085144,-3.8232286925804515,0.1058012897913297,1,-0.901685944669576,-0.901685944669576
batch_trace,clic_a,1,1.9,8,4,1,trace,ac,2,3,32.716667,32.69993066666667,32.291367,33.101799799999995,32.185042,33.198083,3,32.51225,33.13,32.2750164,34.2320836,32.215708,34.662042,3,-0.03066599999999653,-0.43006933333333325,-1.562433199999998,0.5425331999999969,-1.9453749999999985,0.6858329999999953,3,-0.09528028579237686,-1.3251757553248134,-4.775958708641888,1.6336490101792869,-5.946128314354266,2.065881334172203,1,-0.09528028579237686,-0.09528028579237686
batch_trace,clic_a,7,1.9,8,4,1,trace,ac,1,3,202.351666,200.947333,196.1140332,205.21889960000001,194.554625,205.935708,3,192.218292,191.14595833333334,187.1996584,194.6633248,185.945,195.274583,3,10.133374000000003,9.801374666666666,1.4507083999999852,18.01924120000001,-0.7199580000000196,19.990708000000012,3,5.007803592780898,4.781668652743044,0.7055171780852113,8.767366151385737,-0.3700544255887105,9.707256791036945,1,5.007803592780898,5.007803592780898
batch_trace,clic_a,7,1.9,8,4,1,trace,ac,2,3,202.351666,200.947333,196.1140332,205.21889960000001,194.554625,205.935708,3,191.663875,193.31204166666666,190.620175,196.663175,190.35925,197.913,3,8.022707999999994,7.635291333333328,4.960841599999986,10.154774400000003,4.195374999999984,10.687791000000004,3,3.895734293928275,3.7779747596131164,2.5042664749345835,5.004579230565586,2.1563995201861608,5.281790464724914,1,3.895734293928275,3.895734293928275
cpu,alpine24,1,1.9,1,1,1,ordinary,ac,1,20,152.5005835,152.61703965,150.6586035,154.6057834,149.78075,155.403917,20,152.60277100000002,152.30927505,150.56780899999998,153.57931250000001,149.999666,155.342042,20,0.14735350000000835,0.3077645999999987,-1.1316285999999933,2.6941336000000007,-2.3187910000000045,3.2820420000000183,20,0.09696083714334167,0.1965839501599379,-0.7430495208650905,1.7417192917618811,-1.5270440833417405,2.1411830823284004,2,-0.5277124571452302,0.8568961446258119
cpu,alpine24,1,1.9,1,1,1,ordinary,ac,2,20,152.5005835,152.61703965,150.6586035,154.6057834,149.78075,155.403917,20,152.33491650000002,152.15514165,150.9226042,153.6843539,149.328667,154.395042,20,0.16854150000000345,0.46189800000000075,-1.8021666999999837,2.608124799999993,-2.195083000000011,3.552209000000005,20,0.11049763199249851,0.29548467591787464,-1.2023958236401713,1.7135565406880082,-1.4455759521207596,2.2857911618791467,2,-0.26417969960208276,1.0720777466467597
cpu,alpine24,1,1.9,2,1,1,ordinary,ac,1,20,106.5320415,106.5093542,105.0352337,108.3130211,103.179625,109.079042,20,114.552875,114.25769165,111.5376958,116.1632706,111.038625,116.301834,20,-7.718479499999994,-7.748337449999999,-10.018595499999995,-5.901103799999991,-11.792790999999994,-3.867999999999995,20,-7.175015136799525,-7.287979828831333,-9.449609834186807,-5.608429248580007,-11.429379589235756,-3.6008373827393494,2,-7.245608561971026,-7.139927835868679
cpu,alpine24,1,1.9,2,1,1,ordinary,ac,2,20,106.5320415,106.5093542,105.0352337,108.3130211,103.179625,109.079042,20,114.4841665,114.68587715,112.8471166,116.4301712,110.864084,116.802125,20,-8.107042000000007,-8.17652295,-10.223654399999992,-6.0351254000000045,-12.719458000000003,-4.113917000000001,20,-7.641668282892001,-7.69473001337597,-9.643719147043267,-5.586594192472016,-12.327490044667252,-3.7834050528678995,2,-8.51751090267246,-7.472672166613142
cpu,alpine24,1,1.9,4,1,1,ordinary,ac,1,20,85.177167,85.5969605,84.831558,86.79879620000001,84.235333,88.754083,20,84.53295800000001,84.77121875,83.45774159999999,86.36820060000001,83.063416,86.743417,20,0.764521000000002,0.8257417500000003,-1.0643164000000027,2.8039212000000022,-1.6280419999999935,3.499332999999993,20,0.8942442047704967,0.9530741726283666,-1.2474692208978686,3.222218303390804,-1.9127472562976942,3.9427290347870456,2,0.6215048499502547,1.6669758260318575
cpu,alpine24,1,1.9,4,1,1,ordinary,ac,2,20,85.177167,85.5969605,84.831558,86.79879620000001,84.235333,88.754083,20,84.57541699999999,84.66716445,83.4730417,85.8405753,83.293625,86.716875,20,1.200645999999999,0.9297960500000002,-0.4966579999999979,2.6213455999999913,-1.1911659999999955,3.4775419999999997,20,1.403409575094597,1.075288373914999,-0.5846188976366341,2.960034243694758,-1.3927578197568586,4.007716065406841,2,0.6438623680246223,1.4393504699422448
cpu,alpine24,7,1.9,1,1,1,ordinary,ac,1,20,382.40133349999996,382.43162705,379.3379663,383.9462289,378.997333,394.782416,20,381.525417,382.6164897,379.8472628,386.6778836,379.519,389.689792,20,1.05064550000003,-0.18486264999999663,-6.046450300000004,3.1734090000000057,-10.601500999999985,9.715458000000012,20,0.2749788079802616,-0.055912141549117556,-1.5888716605664126,0.8289348302744138,-2.7965783306137473,2.4609652320482307,2,0.2705246879714004,0.3076786031881994
cpu,alpine24,7,1.9,1,1,1,ordinary,ac,2,20,382.40133349999996,382.43162705,379.3379663,383.9462289,378.997333,394.782416,20,381.490896,381.793052,380.477108,383.61039139999997,379.865417,385.675583,20,0.137083500000017,0.63857505,-1.6696044999999968,2.224870599999976,-2.8648750000000405,10.903749000000005,20,0.03596611356723742,0.16158143275824577,-0.44046412393886336,0.5801351758158676,-0.7483790134731656,2.7619642005534524,2,-0.07724132397510973,0.2527970175750903
cpu,alpine24,7,1.9,2,1,1,ordinary,ac,1,20,346.90962449999995,346.2486916,342.1574378,349.6845206,340.608625,355.046666,20,353.50481249999996,354.65263765,349.0462544,362.0348503,348.077375,366.967834,20,-6.950916500000005,-8.403946050000005,-13.833004400000032,-5.075300300000005,-15.69074999999998,1.901666999999975,20,-2.0316271669142822,-2.4290923465843814,-3.972555009020829,-1.472991626347959,-4.5805610404106005,0.5417747287454705,2,-3.2629158373633906,-1.867475109426398
cpu,alpine24,7,1.9,2,1,1,ordinary,ac,2,20,346.90962449999995,346.2486916,342.1574378,349.6845206,340.608625,355.046666,20,346.9902915,347.6837125,342.66410030000003,351.59392979999996,341.963291,358.728125,20,-1.1279995000000156,-1.4350209000000036,-6.3469291999999715,4.057905000000001,-11.682500000000005,4.896165999999994,20,-0.3263361709515439,-0.41858729312415477,-1.851084595437509,1.1576238744366196,-3.3662720859829327,1.379020413051842,2,-0.43716805118839175,-0.30496234139903466
cpu,alpine24,7,1.9,4,1,1,ordinary,ac,1,20,327.9363545,330.7744667,323.1724919,339.0150378,322.247708,359.592417,20,327.82360400000005,329.34492925,323.3099253,335.0368173,321.491,355.103917,20,1.218874999999997,1.429537449999995,-6.014371399999998,5.614291399999995,-11.636209000000008,25.148708,20,0.3751820606971237,0.38831198138738676,-1.832301311239001,1.6972788673413897,-3.5613357509010752,7.031596768235121,2,0.13092824909295478,0.4911178305523145
cpu,alpine24,7,1.9,4,1,1,ordinary,ac,2,20,327.9363545,330.7744667,323.1724919,339.0150378,322.247708,359.592417,20,324.86789550000003,329.13363755,321.2617956,348.54252110000004,320.352458,358.580917,20,2.013500000000022,1.640829149999999,-4.090846099999993,9.996928899999979,-20.957790999999986,14.319749999999999,20,0.619469198840922,0.485306513851544,-1.2637836493600036,2.8191182098398078,-6.257643990800505,4.249888083090039,2,0.5034946675948763,0.6581429832741537
cpu,clic_a,1,1.9,1,1,1,ordinary,ac,1,20,20.316667000000002,20.58549385,19.6014911,21.872400300000002,19.35275,24.542834,20,20.500228999999997,21.0142604,19.5106423,22.816791700000003,19.2535,23.458875,20,-0.24547899999999956,-0.4287665499999994,-2.0623881,1.0688877999999986,-3.3628329999999984,1.8951679999999982,20,-1.2503916107689093,-2.2196084060710253,-9.893016639919072,5.047246971554895,-17.36772475432202,7.721879225520566,2,-2.860491273474204,1.1715802542432618
cpu,clic_a,1,1.9,1,1,1,ordinary,ac,2,20,20.316667000000002,20.58549385,19.6014911,21.872400300000002,19.35275,24.542834,20,20.5358125,21.4783937,19.5343952,24.697391,19.225792,28.433875,20,-0.2909585000000021,-0.8928998499999995,-3.1674505999999987,0.6195045000000021,-6.458124999999999,1.0950830000000025,20,-1.4425353298701746,-4.3229099990664235,-16.330691520408422,3.0402173100344343,-29.3875066835034,5.388955938167045,2,-2.8776575790613794,-0.10900127613332328
cpu,clic_a,1,1.9,2,1,1,ordinary,ac,1,20,17.2461045,17.60541465,16.6743872,18.7133253,16.415625,22.953333,20,16.1158955,16.9469417,15.5895045,20.3941173,15.158209,23.105333,20,1.0134169999999987,0.6584729499999995,0.002391599999999494,1.6066044000000006,-5.709208,1.993250999999999,20,5.996207619633381,3.7274550523850185,0.07639238848297225,8.904968908322294,-32.8188490252858,11.329017405670236,2,5.33757737115441,6.812436987097373
cpu,clic_a,1,1.9,2,1,1,ordinary,ac,2,20,17.2461045,17.60541465,16.6743872,18.7133253,16.415625,22.953333,20,15.877125,16.07963335,14.8222786,17.176337800000002,14.71875,21.320708,20,1.6545414999999997,1.5257812999999998,0.6369826999999997,2.3050621999999996,0.11687500000000028,2.6174999999999997,20,9.257470629918746,8.669844756347592,3.8240980391463295,13.14788893273857,0.6388008307826863,14.694702193544302,2,7.821235556166781,11.125103787468888
cpu,clic_a,1,1.9,4,1,1,ordinary,ac,1,20,16.661271,17.4888021,16.1414,20.879866900000003,15.94275,23.027459,20,15.4897715,16.6425001,15.0283164,19.6452589,14.484375,23.092208,20,0.8959790000000005,0.8463020000000008,-0.2741002999999993,1.9954783000000007,-2.6772509999999983,5.492625000000002,20,5.223554269630799,4.711543338086078,-1.5622799522586952,11.84845550237458,-15.883820597170905,26.410448115361103,2,5.223554269630799,5.574882012985095
cpu,clic_a,1,1.9,4,1,1,ordinary,ac,2,20,16.661271,17.4888021,16.1414,20.879866900000003,15.94275,23.027459,20,14.9112915,16.4427313,14.4145539,21.1290586,14.299,21.825542,20,1.5107289999999987,1.0460708000000005,-0.6789162999999995,2.2008782,-4.424792,2.5174160000000008,20,9.004389272410771,6.217196368349671,-3.4864300924685034,13.066045337377224,-26.578120823509977,14.935538024805155,2,6.941930873427648,9.91956657172257
cpu,clic_a,7,1.9,1,1,1,ordinary,ac,1,20,59.0540415,59.093412550000004,58.4274202,59.6581125,58.123,60.170042,20,59.192479,59.7383144,58.696520799999995,61.9472666,58.181625,62.310417,20,-0.2747499999999974,-0.644901849999999,-2.760129700000004,0.5229920000000028,-3.1881249999999994,0.9623750000000015,20,-0.4662973055166248,-1.0909697625012498,-4.665962762858858,0.8814067019551158,-5.392424569737586,1.6128491643518255,2,-0.6005785069297336,-0.38417858903773283
cpu,clic_a,7,1.9,1,1,1,ordinary,ac,2,20,59.0540415,59.093412550000004,58.4274202,59.6581125,58.123,60.170042,20,59.0795835,59.2721293,58.2301962,60.601471100000005,58.096083,62.212084,20,-0.06524999999999892,-0.17871675000000026,-1.432320600000002,0.811599700000003,-3.1183750000000003,1.5607919999999993,20,-0.11064437834552222,-0.3087897503061079,-2.4536488788452333,1.3737021002442316,-5.341699344810931,2.6162818618977264,2,-0.48475914860743485,0.5628259063732068
cpu,clic_a,7,1.9,2,1,1,ordinary,ac,1,20,57.0001665,57.0804042,56.5761964,57.732700300000005,56.456083,58.447917,20,55.8376045,56.07796055,55.5163997,56.6830087,55.45475,57.981917,20,1.1054579999999987,1.0024436500000005,0.4410538000000024,1.4487669000000027,-0.4148759999999996,2.154709000000004,20,1.9388905278383854,1.754262553372837,0.7647518825393511,2.540225326796956,-0.7227432426043264,3.735785065181876,2,1.3381234830994533,2.1768977283381665
cpu,clic_a,7,1.9,2,1,1,ordinary,ac,2,20,57.0001665,57.0804042,56.5761964,57.732700300000005,56.456083,58.447917,20,55.305458,55.64570005,54.473825299999994,57.1039839,54.158791,59.016958,20,1.7257500000000014,1.43470415,-0.2979502999999979,2.9193869000000015,-1.999208000000003,3.7005829999999946,20,3.000684781470575,2.503019489631194,-0.5256767625341974,5.088511202887544,-3.506290584949429,6.331419817749869,2,1.6694452554920318,3.8180506362330187
cpu,clic_a,7,1.9,4,1,1,ordinary,ac,1,20,56.657624999999996,56.84571865,56.0787663,57.861420200000005,55.540208,59.578209,20,55.1958335,55.4413687,54.6817958,56.8859664,54.416083,58.273792,20,1.4159789999999965,1.4043499499999996,0.27931220000000057,2.3164668999999987,-1.8635420000000025,4.918500000000002,20,2.494381395654675,2.444637691725793,0.5042384603526815,3.998412970605597,-3.3035521026763797,8.273031676132199,2,2.47292541083507,2.494381395654675
cpu,clic_a,7,1.9,4,1,1,ordinary,ac,2,20,56.657624999999996,56.84571865,56.0787663,57.861420200000005,55.540208,59.578209,20,54.5590835,54.8733166,54.0461878,55.8139586,53.741458,57.747916,20,2.109791999999999,1.97240205,0.7422750999999977,3.174653200000004,-1.3376659999999987,4.002667000000002,20,3.7215594336205085,3.448888076076243,1.314581313086388,5.484320435084778,-2.3713172694678692,6.718340593286385,2,3.0059268382542053,4.184721238127343
cpu_tokens,alpine24,1,1.9,8,1,0,trace,ac,1,6,84.2066875,84.2159515,83.998771,84.442396,83.8545,84.505875,6,84.5726245,84.55579833333334,83.838104,85.2566665,83.648625,85.44475,6,-0.39243700000000104,-0.33984683333333504,-0.9621245000000016,0.33502099999999757,-1.0658329999999978,0.554583000000008,6,-0.46771929193434714,-0.4036867831860003,-1.1412620954398773,0.39792103781622357,-1.2631508413410875,0.6586245502665504,1,-0.46771929193434714,-0.46771929193434714
cpu_tokens,alpine24,1,1.9,8,1,0,trace,ac,2,6,84.2066875,84.2159515,83.998771,84.442396,83.8545,84.505875,6,84.82152099999999,84.78879866666666,84.0786665,85.4662085,83.399166,85.666708,6,-0.7926669999999945,-0.5728471666666645,-1.1081874999999997,0.1823130000000006,-1.1608329999999967,0.7438760000000002,6,-0.9437451382714888,-0.6800037512114334,-1.3135664152661888,0.21730029990337724,-1.3736713571689503,0.8840612156617778,1,-0.9437451382714888,-0.9437451382714888
cpu_tokens,alpine24,7,1.9,8,1,0,trace,ac,1,6,331.9586045,332.4618958333333,327.934854,337.492229,326.761208,338.800833,6,333.034896,333.295903,330.998292,335.854521,330.453542,338.0775,6,-1.5532295000000431,-0.8340071666666802,-6.083562499999999,5.134770500000002,-6.136708999999996,7.257790999999997,6,-0.47374148005846894,-0.2672653626418215,-1.8470868292694997,1.5190322214025045,-1.8780408597338751,2.1421998687943007,1,-0.47374148005846894,-0.47374148005846894
cpu_tokens,alpine24,7,1.9,8,1,0,trace,ac,2,6,331.9586045,332.4618958333333,327.934854,337.492229,326.761208,338.800833,6,331.971146,332.65752783333335,331.0756045,334.925833,330.646375,337.420041,6,-0.12089550000001736,-0.1956320000000081,-6.0983540000000005,5.632353499999994,-8.311541000000034,7.295998999999995,6,-0.0364542279336366,-0.07556289018040104,-1.857232057387977,1.6669976147804104,-2.5254713870957555,2.1534772908896582,1,-0.0364542279336366,-0.0364542279336366
cpu_tokens,clic_a,1,1.9,8,1,0,trace,ac,1,6,16.3081255,16.843715333333332,15.901875,18.3211455,15.789,18.9735,6,16.182854,16.122409666666666,15.6928125,16.4915625,15.494958,16.549083,6,0.04616649999999822,0.721305666666666,-0.18137450000000044,2.299125,-0.2010000000000005,2.424417000000002,6,0.29061698440293315,3.898625289488091,-1.1353146087476595,12.540573492809,-1.2730381911457376,12.777911297335768,1,0.29061698440293315,0.29061698440293315
cpu_tokens,clic_a,1,1.9,8,1,0,trace,ac,2,6,16.3081255,16.843715333333332,15.901875,18.3211455,15.789,18.9735,6,16.074208,16.666742833333334,15.183479,18.7425415,15.036083,20.83075,6,0.25266699999999975,0.17697249999999976,-1.3612914999999992,1.6395419999999987,-1.857249999999997,2.101207999999998,6,1.4986787207746362,1.1474796938608685,-7.634629672971931,9.5783900337799,-9.788652594407973,11.892200207699544,1,1.4986787207746362,1.4986787207746362
cpu_tokens,clic_a,7,1.9,8,1,0,trace,ac,1,6,55.827541499999995,56.236368166666665,55.630208499999995,57.2513545,55.473667,58.580667,6,56.554646000000005,56.578014,55.065937500000004,58.1134585,54.984209,58.236375,6,0.24904149999999703,-0.3416458333333357,-1.8382500000000022,0.564270999999998,-2.0685000000000002,0.6390839999999969,6,0.43164211306454614,-0.614517429694474,-3.2891487993812936,1.0139543972333258,-3.698899264086244,1.1455838527965814,1,0.43164211306454614,0.43164211306454614
cpu_tokens,clic_a,7,1.9,8,1,0,trace,ac,2,6,55.827541499999995,56.236368166666665,55.630208499999995,57.2513545,55.473667,58.580667,6,56.109187500000004,56.05644483333333,55.368188,56.691959,55.133917,56.931834,6,-0.11702150000000344,0.17992333333333121,-0.733916500000003,1.390708,-1.0097920000000045,2.128582999999999,6,-0.2094306582471764,0.29225942278323935,-1.3157023051918233,2.4019112317887177,-1.8057137470051692,3.6335929735999746,1,-0.2094306582471764,-0.2094306582471764
cpu_trace,alpine24,1,1.9,2,1,1,trace,ac,1,6,105.36379149999999,104.946764,103.425667,106.05083350000001,103.363375,106.482042,6,113.55031249999999,113.35118733333333,111.6050415,114.89820800000001,110.883375,115.146416,6,-8.746437499999999,-8.404423333333332,-10.876270499999997,-5.5905619999999985,-11.286625,-4.401332999999994,6,-8.296810608888379,-8.030508213975848,-10.516269232184197,-5.27844480085497,-10.919365781157978,-4.133404015674299,1,-8.296810608888379,-8.296810608888379
cpu_trace,alpine24,1,1.9,2,1,1,trace,ac,2,6,105.36379149999999,104.946764,103.425667,106.05083350000001,103.363375,106.482042,6,113.5071665,113.18466666666666,111.2529165,114.793917,110.5435,114.814292,6,-8.692957999999997,-8.237902666666663,-10.338771000000001,-5.681978999999991,-11.410167000000001,-5.362833999999992,6,-8.31307291470237,-7.863311193290197,-9.909612400901963,-5.367248264266257,-11.038887807214113,-5.098688004124249,1,-8.31307291470237,-8.31307291470237
cpu_trace,alpine24,1,1.9,4,1,1,trace,ac,1,6,84.87606249999999,84.88495133333333,84.38108299999999,85.3977085,84.310125,85.460292,6,84.418479,84.142229,82.8130205,85.1951875,82.354791,85.530792,6,0.9301669999999973,0.7427223333333283,-0.5453125000000085,1.8433124999999961,-1.220667000000006,2.0972499999999883,6,1.0895010633371758,0.8734407830966199,-0.6473217693835702,2.178143055336254,-1.4478296645865558,2.483362125019558,1,1.0895010633371758,1.0895010633371758
cpu_trace,alpine24,1,1.9,4,1,1,trace,ac,2,6,84.87606249999999,84.88495133333333,84.38108299999999,85.3977085,84.310125,85.460292,6,83.7397085,83.68219450000001,82.3340625,84.9728125,82.020792,85.205167,6,1.1454999999999984,1.2027568333333296,-0.09675000000000722,2.559520499999998,-0.31366700000000947,3.314333000000005,6,1.3522005982150656,1.4162298486444092,-0.11394325663672256,3.0104322043548843,-0.36949164521773026,3.8839024375953097,1,1.3522005982150656,1.3522005982150656
cpu_trace,alpine24,7,1.9,2,1,1,trace,ac,1,6,344.387834,343.9960905,340.885,346.7154375,340.6525,347.64225,6,351.6629375,354.4504028333333,349.6248335,362.06343749999996,348.944959,364.34925,6,-8.141437499999967,-10.454312333333329,-19.423208000000017,-3.798291500000005,-23.69675000000001,-2.662458000000015,6,-2.3757833219602134,-3.0494296623973947,-5.676115232988428,-1.0963904322435436,-6.9562824285745775,-0.7658614567130477,1,-2.3757833219602134,-2.3757833219602134
cpu_trace,alpine24,7,1.9,2,1,1,trace,ac,2,6,344.387834,343.9960905,340.885,346.7154375,340.6525,347.64225,6,345.80760399999997,348.14388883333334,343.245271,355.37879150000003,342.634917,355.736083,6,-1.918582999999984,-4.147798333333327,-12.73856200000003,2.213750000000033,-15.083583000000033,5.007333000000017,6,-0.5610220790444165,-1.2155136805673,-3.721861605583594,0.6363426429261104,-4.4278503753825476,1.4403695178017106,1,-0.5610220790444165,-0.5610220790444165
cpu_trace,alpine24,7,1.9,4,1,1,trace,ac,1,6,323.574021,325.42275,322.1919375,330.5022915,321.464667,336.942625,6,322.67656250000005,324.0670416666667,321.141792,328.3827705,320.498042,333.666916,6,1.4961244999999792,1.3557083333333253,-5.561582500000014,8.132583000000011,-12.202248999999995,13.843999999999994,6,0.46201151087351555,0.38671586440869343,-1.7311068800105578,2.4292429623631224,-3.7958289829718654,4.108711386693801,1,0.46201151087351555,0.46201151087351555
cpu_trace,alpine24,7,1.9,4,1,1,trace,ac,2,6,323.574021,325.42275,322.1919375,330.5022915,321.464667,336.942625,6,319.77685399999996,320.9660416666667,318.929375,324.19189600000004,318.630292,328.262625,6,4.414917000000003,4.456708333333343,2.082166500000028,6.873041499999999,1.343500000000006,8.680000000000007,6,1.3635976336982023,1.3599743802151687,0.6457361272073949,2.070589379739909,0.41793084525833935,2.5761062436075,1,1.3635976336982023,1.3635976336982023
cpu_trace,clic_a,1,1.9,2,1,1,trace,ac,1,6,16.61275,16.569326333333333,16.2294375,16.8657915,16.032,17.04775,6,15.368187500000001,15.295555333333333,15.031083,15.4873955,14.780625,15.503333,6,1.2934584999999998,1.2737709999999998,0.9325209999999995,1.5953334999999997,0.6983329999999999,1.6462499999999984,6,7.77341988432341,7.666000139928279,5.684057154669168,9.540523380792258,4.355869510978042,10.02168702202944,1,7.77341988432341,7.77341988432341
cpu_trace,clic_a,1,1.9,2,1,1,trace,ac,2,6,16.61275,16.569326333333333,16.2294375,16.8657915,16.032,17.04775,6,14.521354,14.556666666666667,14.451771,14.696875,14.439084,14.701833,6,2.0913959999999996,2.0126596666666665,1.5325624999999992,2.4140205000000003,1.3301669999999994,2.583292,6,12.588451422343706,12.10724427313706,9.429327187068047,14.303954209999425,8.296949850299399,15.153272425979969,1,12.588451422343706,12.588451422343706
cpu_trace,clic_a,1,1.9,4,1,1,trace,ac,1,6,17.0478125,17.572833333333335,15.7731875,19.8975,15.447792,21.462042,6,15.508791500000001,16.595513999999998,14.785542,19.492208499999997,14.420542,21.677417,6,1.0266040000000016,0.9773193333333348,0.349375000000002,1.5559790000000007,-0.2153749999999981,1.785833000000002,6,6.164056224162072,5.865591409571788,2.2963666171348325,9.136351387418461,-1.0035158816667962,10.544363832284075,1,6.164056224162072,6.164056224162072
cpu_trace,clic_a,1,1.9,4,1,1,trace,ac,2,6,17.0478125,17.572833333333335,15.7731875,19.8975,15.447792,21.462042,6,15.0701455,15.9990345,14.132479,18.794479,14.132417,21.635666,6,1.586062000000001,1.573798833333334,0.38750099999999943,2.7478335000000014,-0.17362400000000022,2.803834000000002,6,9.620660271541869,9.30188627584487,2.6659349895138664,15.619063566478872,-0.8089817362206272,16.5551010768243,1,9.620660271541869,9.620660271541869
cpu_trace,clic_a,7,1.9,2,1,1,trace,ac,1,6,56.771395999999996,56.95652783333333,56.40025,57.6979375,56.340375,57.960042,6,55.8078125,55.71104183333333,55.369021000000004,55.956292,55.341167,55.985459,6,1.0977499999999978,1.2454860000000008,0.5778955000000039,2.060812500000001,0.413250000000005,2.0826670000000007,6,1.9383411514244135,2.177062736495136,1.021218960317945,3.5716280977430483,0.7334881956323596,3.5932806950001877,1,1.9383411514244135,1.9383411514244135
cpu_trace,clic_a,7,1.9,2,1,1,trace,ac,2,6,56.771395999999996,56.95652783333333,56.40025,57.6979375,56.340375,57.960042,6,54.660646,55.13470816666667,54.540437,56.2030415,54.519333,56.94625,6,1.9324789999999972,1.8218196666666664,1.3963130000000028,2.136666999999999,1.0137920000000022,2.295458999999994,6,3.393005348880828,3.2032124331462044,2.4532105473810653,3.7634214031767206,1.7491222659914605,4.040248884480636,1,3.393005348880828,3.393005348880828
cpu_trace,clic_a,7,1.9,4,1,1,trace,ac,1,6,56.1955835,56.637979333333334,55.696625,58.021729500000006,55.41825,59.046584,6,56.0015205,56.38400683333333,55.826625500000006,57.3238745,55.778792,58.528583,6,0.012625500000002177,0.2539725000000021,-1.3895209999999985,2.1388130000000025,-2.3228329999999957,3.267792,6,0.022333976707004898,0.3991203048275247,-2.4779713683898663,3.6529983061654354,-4.132731971373028,5.5342608812052525,1,0.022333976707004898,0.022333976707004898
cpu_trace,clic_a,7,1.9,4,1,1,trace,ac,2,6,56.1955835,56.637979333333334,55.696625,58.021729500000006,55.41825,59.046584,6,54.5980835,54.589673833333336,53.9898545,55.1810835,53.521084,55.436875,6,1.7137705000000025,2.0483055000000014,0.8049999999999997,3.626146000000002,0.7688750000000013,4.587959000000005,6,3.0284952094443724,3.575805820454787,1.442870602605362,6.256051649314627,1.3679650213723709,7.7700667662671306,1,3.0284952094443724,3.0284952094443724
distance,alpine24,1,0.1,8,1,1,ordinary,ac,1,16,109.4054795,109.4970495,108.6848545,110.448354,108.318916,111.489042,16,109.895896,109.606242125,108.7223125,110.3314995,108.108,110.501541,16,-0.14235450000000327,-0.10919262500000126,-1.0259170000000069,0.9525000000000006,-1.2403750000000002,1.6267500000000013,16,-0.12981062460321557,-0.10324177646860885,-0.9432097373537478,0.8629575515302219,-1.1352386629298832,1.4591120085147034,2,-0.12981062460321557,-0.10920990679410439
distance,alpine24,1,0.1,8,1,1,ordinary,ac,2,16,109.4054795,109.4970495,108.6848545,110.448354,108.318916,111.489042,16,109.8707915,110.041458375,109.074833,111.0054165,108.897584,112.210041,16,-0.6220624999999984,-0.5444088750000002,-1.201500000000003,0.2063334999999995,-1.6637500000000074,0.5997910000000104,16,-0.5694795319652164,-0.49800937335904094,-1.1040275996992728,0.1878063371192496,-1.5165982621219682,0.5477674693114885,2,-0.8162885560921659,-0.23720173200237568
distance,alpine24,1,3,8,1,1,ordinary,ac,1,16,71.828229,71.6889894375,70.938521,72.308937,70.867125,72.570458,16,71.335458,71.2801745,70.5177915,71.91452100000001,70.468625,72.006042,16,0.26102050000000787,0.408814937499999,-0.2173335000000023,1.3227704999999972,-0.8140420000000006,1.5517919999999918,16,0.3634577460058679,0.5659721843753054,-0.3064437743950305,1.841208525594746,-1.144128911657848,2.1546556721547336,2,0.23493748466534248,0.6506735613268542
distance,alpine24,1,3,8,1,1,ordinary,ac,2,16,71.828229,71.6889894375,70.938521,72.308937,70.867125,72.570458,16,70.88875,70.9446040625,70.101833,71.59364550000001,69.534791,73.389375,16,0.8564369999999997,0.7443853749999985,-0.2489995000000036,1.5132290000000026,-1.228625000000008,2.4856259999999963,16,1.195364246716152,1.0357499939888617,-0.35106110613383446,2.1122897170022705,-1.702622270417101,3.4512796558786887,2,1.195364246716152,1.2447896567352612
distance,alpine24,7,0.1,8,1,1,ordinary,ac,1,16,365.820854,371.8034713125,363.6635625,386.1298335,362.537375,388.457458,16,370.2359795,373.088422,364.4776465,385.5238125,364.062,388.961541,16,0.017895499999980302,-1.2849506875000074,-6.3930830000000185,2.7689374999999927,-12.961748999999998,4.321416999999997,16,0.004687748728246771,-0.3550344883332405,-1.703199977180983,0.7169638327536589,-3.5523084687306263,1.170469685502879,2,-0.023700459820902207,0.013151668084988903
distance,alpine24,7,0.1,8,1,1,ordinary,ac,2,16,365.820854,371.8034713125,363.6635625,386.1298335,362.537375,388.457458,16,368.493521,372.641711125,364.37366699999995,386.78864550000003,363.385542,388.571709,16,-0.3869175000000098,-0.838239812500003,-8.149687500000027,5.110520500000007,-9.575124999999957,7.910250000000019,16,-0.10485743646601083,-0.23500605532448693,-2.196225869771924,1.3553779605025378,-2.6312462944909996,2.094181582440411,2,-0.17493631924481406,-0.0031384910928144855
distance,alpine24,7,3,8,1,1,ordinary,ac,1,16,308.573646,309.8943438125,306.267333,317.7706045,304.346167,318.800084,16,306.8630835,307.6564245,305.297125,311.766875,305.237875,313.537041,16,0.7719579999999837,2.2379193125000008,-2.9551460000000134,12.418458500000042,-4.099625000000003,13.480584000000022,16,0.2499458077753401,0.7016045213640957,-0.9571836148741719,3.9079393270145832,-1.3374651737885057,4.228538409042584,2,0.22167304140991811,0.34959113583117574
distance,alpine24,7,3,8,1,1,ordinary,ac,2,16,308.573646,309.8943438125,306.267333,317.7706045,304.346167,318.800084,16,307.019521,307.6433750625,305.83495849999997,309.3891665,305.689709,316.754834,16,1.2203124999999773,2.250968750000002,-2.2284580000000176,11.182938500000034,-8.365584000000013,11.530124999999998,16,0.3952996295887553,0.7066243424009457,-0.7289895564382498,3.5145472965478954,-2.712670431929781,3.626285405563718,2,-0.028909065428606762,0.6542792724376216
distance,clic_a,1,0.1,8,1,1,ordinary,ac,1,16,21.090104,22.3205365,20.691729,25.518458,20.166292,28.128375,16,20.7846875,21.294734375,19.685729000000002,22.569208000000003,19.274084,27.665833,16,0.8000624999999992,1.0258021249999993,-1.3782289999999993,3.844645999999999,-2.294749000000003,5.395999999999997,16,3.8007863339101724,4.146115218763105,-6.559854497842441,15.539462471055023,-11.379132068503239,21.58360458836393,2,1.4057040449384604,4.4771538484629785
distance,clic_a,1,0.1,8,1,1,ordinary,ac,2,16,21.090104,22.3205365,20.691729,25.518458,20.166292,28.128375,16,19.934146,20.7977551875,18.801811999999998,24.321583500000003,18.666833,27.387792,16,1.3935839999999988,1.5227813124999992,-0.7767505000000021,4.041687999999999,-1.3513340000000014,5.162873999999999,16,6.749060757299731,6.744359621959641,-3.7544752559475065,17.575210021172417,-5.190160658565775,20.65111767152425,2,5.1026880848617076,8.246906506288784
distance,clic_a,1,3,8,1,1,ordinary,ac,1,16,15.354271,15.363755125,14.919062499999999,15.776665999999999,14.688167,16.294958,16,14.308208,14.378184875,14.017562999999999,14.746375,13.874958,14.990709,16,0.9806660000000003,0.9855702500000001,0.47512500000000024,1.3846870000000004,0.4217089999999999,1.642040999999999,16,6.339314684206405,6.381384461832678,3.146742552323123,8.90505107363617,2.871079829089633,10.366148212269167,2,5.734126849014665,8.044803604483832
distance,clic_a,1,3,8,1,1,ordinary,ac,2,16,15.354271,15.363755125,14.919062499999999,15.776665999999999,14.688167,16.294958,16,13.589521,13.559362125,13.254479,13.717667,12.9965,14.666417,16,1.8234160000000008,1.8043930000000001,1.2209369999999993,2.3860624999999995,0.4494580000000017,2.6467080000000003,16,11.881856590714484,11.68668853492747,8.246230372660944,15.391608253078491,2.973417020185743,16.242496605391683,2,11.18767036635358,12.944867061233772
distance,clic_a,7,0.1,8,1,1,ordinary,ac,1,16,62.170958,62.053361875,61.3890625,62.6907295,60.915708,62.851708,16,61.037771,61.1092135625,60.238292,62.3225415,59.738209,63.334,16,1.0114585000000034,0.9441483125000008,-0.015457999999998862,1.7415420000000026,-1.1550420000000017,2.1349990000000005,16,1.6278255349695612,1.5210962153091736,-0.014793006086041949,2.8105442906799043,-1.857609128798848,3.428803857761073,2,1.2995690130806279,2.141401646752052
distance,clic_a,7,0.1,8,1,1,ordinary,ac,2,16,62.170958,62.053361875,61.3890625,62.6907295,60.915708,62.851708,16,60.684333,60.8433905625,60.2041875,61.9535,59.498958,62.317042,16,1.3422710000000002,1.2099713125,0.4635415000000016,1.9236465000000003,0.0975830000000002,2.1701259999999962,16,2.160988248493219,1.9488876115776943,0.7411403114838321,3.0763230935336345,0.15671809066510073,3.5189852990195156,2,1.8197305408239797,2.2192424421319035
distance,clic_a,7,3,8,1,1,ordinary,ac,1,16,54.35627100000001,54.5072811875,53.864166499999996,55.699646,53.557084,56.107709,16,52.867520999999996,53.1544323125,52.506104,53.855125,52.213083,55.488042,16,1.3767499999999977,1.3528488750000003,0.6634795000000011,2.0556875000000012,0.1696239999999989,3.519167000000003,16,2.5394904162144796,2.474699460179247,1.2028038254939837,3.731255228177151,0.3127997432159424,6.314417594839618,2,1.798908211443282,2.6975651832765646
distance,clic_a,7,3,8,1,1,ordinary,ac,2,16,54.35627100000001,54.5072811875,53.864166499999996,55.699646,53.557084,56.107709,16,52.474125,52.649294375,51.946792,53.853083,51.578125,54.779417,16,2.031791499999997,1.8579868125000005,0.9116670000000013,2.7224375000000016,-0.551751000000003,4.284792000000003,16,3.727606139067632,3.3963296485724936,1.6620278368034975,4.955965570257556,-1.0174714139457948,7.63672599784818,2,2.7047386149771944,3.8554881996423105
forced_retry,clic_a,7,1.9,8,1,1,trace,ac,1,4,58.318271499999994,58.30308375,57.297304600000004,59.2967127,57.216667,59.359125,4,55.078354000000004,55.520250000000004,54.8870418,56.506975000000004,54.839667,57.084625,4,3.1844794999999984,2.782833749999998,0.8978463999999968,4.3465045,0.40083399999999614,4.361542,4,5.442437599041012,4.7324684087638245,1.5669113319575128,7.330050133348386,0.6972789414449942,7.3477194955282785,1,5.442437599041012,5.442437599041012
forced_retry,clic_a,7,1.9,8,1,1,trace,ac,2,4,58.318271499999994,58.30308375,57.297304600000004,59.2967127,57.216667,59.359125,4,55.170604,55.140603999999996,54.7563374,55.5008706,54.668,55.553208,4,3.030063000000002,3.162479750000001,2.1509590000000025,4.279933899999999,2.106709000000002,4.483083999999998,4,5.175728301482491,5.398816144670935,3.747271012476494,7.22883155141613,3.6647685112856143,7.5790394644331425,1,5.175728301482491,5.175728301482491
pilot,alpine24,1,1.9,8,1,1,trace,battery,1,6,94.898125,95.50267383333333,92.9300835,98.679813,92.42875,100.538834,6,93.69285400000001,93.02813883333333,89.04362499999999,96.3479375,88.097375,97.3655,6,3.4183339999999944,2.474534999999996,-1.8492290000000082,5.854500000000002,-2.90162500000001,5.932749999999999,6,3.469974946036288,2.548136990757857,-1.9960816956723286,6.1705177219096115,-3.1393100090610444,6.309414137224638,1,3.469974946036288,3.469974946036288
pilot,alpine24,1,1.9,8,1,1,trace,battery,2,6,94.898125,95.50267383333333,92.9300835,98.679813,92.42875,100.538834,6,92.821271,92.4451875,89.3815,95.1327915,89.097125,95.804625,6,3.8779789999999963,3.0574863333333275,-0.21095800000000509,5.505437999999991,-3.3758750000000077,6.077875999999989,6,4.098554226153341,3.147858105774592,-0.30072636183018675,5.645746453000621,-3.652407935842482,6.045301858185455,1,4.098554226153341,4.098554226153341
pilot,alpine24,7,1.9,8,1,1,trace,battery,1,6,517.290354,521.2650765,495.9733545,550.531521,493.017209,555.650875,6,501.5608545,509.07342366666666,489.926354,535.7330625,486.533291,541.494333,6,20.479667000000035,12.191652833333336,-19.81989600000003,35.9151875,-36.95458300000007,43.90516699999995,6,3.884517790242522,2.190426645757223,-4.016895523846644,6.70365767087579,-7.495596974181904,8.049906044725246,1,3.884517790242522,3.884517790242522
pilot,alpine24,7,1.9,8,1,1,trace,battery,2,6,517.290354,521.2650765,495.9733545,550.531521,493.017209,555.650875,6,506.6065835,520.3761039999999,500.4355205,554.0862079999999,498.53475,589.578666,6,-2.4314584999999624,0.8889725000000132,-28.982166000000035,34.08054200000004,-44.166499000000044,53.314584000000025,6,-0.4725479816645127,0.10028160662978186,-5.448236014807039,6.221628816360896,-8.097820634060048,9.594978861501842,1,-0.4725479816645127,-0.4725479816645127
pilot,clic_a,1,1.9,8,1,1,trace,battery,1,6,19.951895999999998,20.00539583333333,19.454458,20.6098335,19.418083,20.67375,6,19.4139795,19.266673833333332,18.768917000000002,19.617125,18.487292,19.641875,6,0.6304374999999993,0.7387219999999992,0.040478499999998974,1.5452499999999993,-0.10833399999999926,2.0586249999999993,6,3.1603469790780103,3.62413907419219,0.20663848954213493,7.505431753956426,-0.5579026518735102,10.019630664331016,1,3.1603469790780103,3.1603469790780103
pilot,clic_a,1,1.9,8,1,1,trace,battery,2,6,19.951895999999998,20.00539583333333,19.454458,20.6098335,19.418083,20.67375,6,17.680875,17.839833166666665,17.5989165,18.239708,17.544291,18.335625,6,2.3413755,2.165562666666666,1.2147499999999987,2.9405624999999986,1.1552079999999982,3.0202079999999967,6,11.735227896204773,10.74886510621424,6.244664209465807,14.266703212972137,5.926929854665516,14.608902593869022,1,11.735227896204773,11.735227896204773
pilot,clic_a,7,1.9,8,1,1,trace,battery,1,6,86.1361875,85.21545833333333,75.2565205,94.25366700000001,73.932375,97.658,6,80.03775,80.9509585,75.9488125,86.86631299999999,75.895667,91.936292,6,5.525791500000004,4.264499833333332,-0.692292000000009,7.960000000000001,-1.9632920000000098,9.717416999999998,6,6.0917120883190545,4.671375072419295,-0.9499199213413716,8.8723330502802,-2.655524051540357,10.69618958351417,1,6.0917120883190545,6.0917120883190545
pilot,clic_a,7,1.9,8,1,1,trace,battery,2,6,86.1361875,85.21545833333333,75.2565205,94.25366700000001,73.932375,97.658,6,78.07374999999999,79.605132,73.54175000000001,87.199896,72.957334,87.575792,6,5.7773325,5.610326333333333,0.49056300000000164,10.563083499999998,-0.1937910000000045,11.043959000000001,6,7.071408648629426,6.282698163912702,0.5365150591046968,11.240170784003984,-0.2621192677768089,12.156345582016044,1,7.071408648629426,7.071408648629426
primary,alpine24,1,1.9,8,1,1,ordinary,battery,1,72,95.5651255,98.48356077777778,91.2851837,110.51851629999999,90.059584,131.02125,72,93.8352295,97.63167708333333,89.97016219999999,116.49954189999998,88.747125,140.436625,72,1.4807289999999966,0.8518836944444449,-6.3562256,7.279359300000004,-27.703833000000003,30.83179100000001,72,1.5535372910434981,0.6421286756564245,-6.369943229362622,7.34089609557178,-29.94299502030422,23.53190112290946,4,1.0333989181677714,3.1987974532547403
primary,alpine24,1,1.9,8,1,1,ordinary,battery,2,72,95.5651255,98.48356077777778,91.2851837,110.51851629999999,90.059584,131.02125,72,93.81268750000001,96.21646593055556,90.2931792,104.4000128,87.587875,129.693041,72,1.7931665000000052,2.267094847222223,-4.215590700000003,7.6495789000000025,-21.339416,36.703958000000014,72,1.8844672630237775,1.9047862141305387,-4.680613909269117,7.696309586867153,-20.9675133290072,28.013744335365455,4,1.3855685413883811,2.803261927009219
primary,alpine24,4,1.9,8,1,1,ordinary,battery,1,72,109.4873125,110.2073073611111,106.2439791,114.3233711,105.117416,121.000042,72,109.170896,109.46166672222222,105.5254714,113.37047559999999,103.534792,125.984625,72,0.7518965000000009,0.7456406388888891,-3.029175099999992,4.234924699999998,-7.258916999999997,8.220416,72,0.6923815672019655,0.6440599038925834,-2.8556745632130567,3.791453705639245,-6.664585891647594,7.1674827324984225,4,-0.10755415145425762,1.9341216026464918
primary,alpine24,4,1.9,8,1,1,ordinary,battery,2,72,109.4873125,110.2073073611111,106.2439791,114.3233711,105.117416,121.000042,72,109.171333,109.60933734722222,105.8992458,112.7660125,102.989125,128.337083,72,0.7471880000000013,0.5979700138888882,-3.236574900000005,4.481974699999995,-9.557499000000007,14.562584000000001,72,0.6720174793633684,0.5048565324882991,-3.003768774061439,3.9760373980302073,-8.672115704827089,12.388236737587542,4,-0.554875182088308,1.7532837886251
primary,alpine24,7,1.9,8,1,1,ordinary,battery,1,72,526.2238749999999,531.2063917361111,485.8630916,583.8136161,454.154125,667.45325,72,526.337542,537.7851614583333,485.8607,605.4592661,469.542459,709.549875,72,-5.837561999999991,-6.578769722222224,-77.52805830000005,65.84377170000009,-165.0796670000001,124.75900000000001,72,-1.1563099864480049,-1.8324378966801507,-14.928822326908131,11.580544835674011,-33.82942960167982,18.691796017174237,4,-5.3564703604685615,2.5697439935333177
primary,alpine24,7,1.9,8,1,1,ordinary,battery,2,72,526.2238749999999,531.2063917361111,485.8630916,583.8136161,454.154125,667.45325,72,539.0972710000001,549.7898657361111,488.8557462,615.8734622,459.981792,794.673292,72,-15.108146000000005,-18.583474000000006,-88.39967860000003,62.79631289999999,-306.01487599999996,115.02979099999999,72,-2.83639022317955,-4.122216684380883,-17.545506126435512,10.55067869812459,-62.623473981055916,20.00477806027083,4,-7.197429352089149,-0.05139407725244238
primary,campus12,1,1.9,8,1,1,ordinary,battery,1,72,58.9396045,60.34283336111111,55.2724417,67.0629952,54.1815,89.027667,72,57.837396,58.87222916666666,53.7463756,65.001725,52.457875,82.216917,72,1.8865420000000022,1.4706041944444448,-6.034246100000001,6.790233399999998,-18.583957999999996,18.377333999999998,72,3.346366545820862,2.0305552183636704,-10.544769465615916,10.329979428164744,-31.24691233435643,23.95011689365605,4,1.9873865852627364,4.31770634815311
primary,campus12,1,1.9,8,1,1,ordinary,battery,2,72,58.9396045,60.34283336111111,55.2724417,67.0629952,54.1815,89.027667,72,55.962375,57.94826561111111,52.6908295,67.4770994,51.942042,70.832125,72,2.535813000000001,2.3945677499999998,-5.718512199999999,8.8547381,-10.855041,19.473958999999994,72,4.595181010897477,3.505798148629413,-9.867164616762036,14.525875906675084,-18.812541181030415,24.290458085661157,4,2.239311887684191,7.962879631635138
primary,campus12,4,1.9,8,1,1,ordinary,battery,1,72,69.3185,71.16410940277778,64.9708247,78.4656494,63.658917,86.363209,72,68.86545849999999,70.83089640277778,63.7647131,78.7716336,62.139166,90.658916,72,0.7468130000000031,0.33321299999999987,-5.283545600000001,5.429154400000002,-19.232749999999996,17.791167,72,0.9771027021950867,0.2340229045479402,-7.963035416348356,6.94015862378537,-29.600116967614586,21.404774551765417,4,-1.3955700275989327,2.8872167283600945
primary,campus12,4,1.9,8,1,1,ordinary,battery,2,72,69.3185,71.16410940277778,64.9708247,78.4656494,63.658917,86.363209,72,68.1161665,69.602974,63.1759664,78.00635390000001,62.821666,87.556958,72,1.7282915000000045,1.5611354027777777,-4.837908999999997,7.819799400000003,-20.287707999999995,17.411084000000002,72,2.427289196113853,1.9082814312549634,-7.347135043927567,11.01263770177583,-30.158962676111294,20.160302287980063,4,-0.1680987597468095,6.952458047779935
primary,campus12,7,1.9,8,1,1,ordinary,battery,1,72,288.570542,293.858493625,266.5583458,331.6362536,258.717667,396.84275,72,280.762688,289.181625625,262.3761916,325.4574584,255.348167,384.802333,72,5.027499500000005,4.676868000000001,-43.62700809999998,56.51501219999997,-104.79416700000002,123.03341599999999,72,1.7447550922171597,0.7749749020812151,-14.461590246661856,16.155635574336877,-37.6276168299932,32.51569884150519,4,-1.2725290734644452,7.140964847942811
primary,campus12,7,1.9,8,1,1,ordinary,battery,2,72,288.570542,293.858493625,266.5583458,331.6362536,258.717667,396.84275,72,290.9597295,297.25518866666664,267.5032503,339.808967,257.137292,391.507375,72,-6.795500000000004,-3.3966950416666677,-42.58462020000002,36.44666279999996,-84.493833,100.49324899999999,72,-2.515063859928546,-1.842687641498436,-15.836939250138233,12.000487354299857,-30.230162422954415,26.55870515769791,4,-5.721052600676049,-0.26823971730449475
primary,clic_a,1,1.9,8,1,1,ordinary,battery,1,72,20.666375000000002,21.60130848611111,19.8153833,26.749191399999997,18.833167,30.649084,72,19.4138545,20.237636583333334,18.5072369,25.396350599999998,17.705708,27.807084,72,1.0458540000000003,1.3636719027777782,0.03824939999999948,2.536199700000002,-6.141916999999999,11.981250999999997,72,4.89271796408158,5.923641058412372,0.18513442142461328,11.622286128387813,-30.17016804008609,39.09170988601159,4,4.2233889892308705,6.874332542911117
primary,clic_a,1,1.9,8,1,1,ordinary,battery,2,72,20.666375000000002,21.60130848611111,19.8153833,26.749191399999997,18.833167,30.649084,72,18.4576875,19.150408083333332,17.0396131,21.6937542,16.424333,26.919709,72,2.2244580000000003,2.450900402777778,0.7144792000000011,3.6693747000000005,-3.2034999999999982,10.369,72,10.70003290131779,11.079587926108891,3.2703226533914407,17.614135452452594,-15.30666461781453,37.856593208178886,4,9.063042058946813,13.614937280574798
primary,clic_a,4,1.9,8,1,1,ordinary,battery,1,72,23.818396,25.535417791666667,22.9511372,34.640386899999996,22.575334,37.960792,72,22.8734375,24.43062273611111,22.099388100000002,29.484879399999997,21.065125,35.677041,72,0.9612084999999997,1.1047950555555555,-0.7241164000000008,2.405954400000001,-9.759250000000002,13.826833999999998,72,3.8645830512400954,3.773521023025227,-2.8178471463476753,10.143449783885654,-42.06278655051102,36.42398714968855,4,3.4623957292037364,4.857636851922456
primary,clic_a,4,1.9,8,1,1,ordinary,battery,2,72,23.818396,25.535417791666667,22.9511372,34.640386899999996,22.575334,37.960792,72,22.6723745,24.230416694444443,21.932446199999998,29.4727702,21.280292,37.401084,72,1.225249999999999,1.3050010972222221,-0.38172889999999843,2.5383082999999984,-8.477374999999999,13.4115,72,5.205820028062446,4.543958603610187,-1.6902429836183295,9.761291732116739,-32.900656637319734,38.1368764528994,4,4.376173269740985,5.516368817009574
primary,clic_a,7,1.9,8,1,1,ordinary,battery,1,72,79.7586665,85.86404572222222,70.92662440000001,93.3801045,59.241458,290.327084,72,79.5015215,88.83894966666666,64.43357499999999,102.84250829999999,58.151,319.816375,72,0.5638335000000012,-2.9749039444444443,-8.210762700000002,8.174403899999998,-227.463583,73.013125,72,0.9291072544992285,-3.42867567597424,-9.327277052848329,11.133306089833189,-246.2985450401976,25.148575184256664,4,-4.604405690877703,1.9340347590365368
primary,clic_a,7,1.9,8,1,1,ordinary,battery,2,72,79.7586665,85.86404572222222,70.92662440000001,93.3801045,59.241458,290.327084,72,78.1107495,86.20870945833333,66.2441458,99.4835875,56.917333,346.558,72,2.3609584999999953,-0.3446637361111107,-8.207646099999998,9.4361994,-254.205208,121.779334,72,3.5118127791439595,-1.734577668456505,-9.012963962929406,11.473259403325812,-275.25449149387924,41.945564403491886,4,0.03783556731787696,4.233716382276903
primary,clic_b,1,1.9,8,1,1,ordinary,battery,1,72,27.462666499999997,28.960935791666667,25.9971086,33.606017,25.53,37.309791,72,25.7731045,27.484564777777777,24.7220452,32.647850299999995,23.97575,35.690583,72,0.9974369999999997,1.4763710138888888,-1.8867199000000006,5.962183299999996,-7.524000000000001,8.950583000000002,72,3.787794077889454,4.551805086623398,-7.199161030432036,16.354546167343486,-29.034731775264696,26.754773274225546,4,2.1283187914724717,6.312266749541892
primary,clic_b,1,1.9,8,1,1,ordinary,battery,2,72,27.462666499999997,28.960935791666667,25.9971086,33.606017,25.53,37.309791,72,24.698583,26.508200833333333,23.508725,32.0558545,22.241542,35.001542,72,2.4401460000000004,2.4527349583333335,-1.0916207999999992,5.814041299999998,-7.363292000000005,11.656251000000001,72,8.958856475103929,8.005475689940594,-4.145246104836972,19.26027830789118,-27.502249712840186,31.94233611722958,4,4.284502787929795,11.638739421367525
primary,clic_b,4,1.9,8,1,1,ordinary,battery,1,72,30.135021000000002,31.592842013888887,28.4047084,39.6852163,27.565583,41.780458,72,29.724521,30.44528701388889,27.340966700000003,35.339124399999996,25.948375,40.773125,72,0.9807919999999992,1.147555,-2.392337399999996,4.019479199999996,-12.556957999999998,13.123626000000002,72,3.1623957322999896,2.8463353846111135,-8.110344460951023,11.589227867272816,-45.55302893466827,32.873544814476354,4,1.4472211684284177,4.6758972532352185
primary,clic_b,4,1.9,8,1,1,ordinary,battery,2,72,30.135021000000002,31.592842013888887,28.4047084,39.6852163,27.565583,41.780458,72,29.578709000000003,29.928444416666668,27.138237500000002,32.965642,26.496334,40.209541,72,1.2568335000000008,1.6643975972222225,-2.2400298000000003,5.363516899999999,-4.584000000000003,13.287082999999999,72,4.257357339842159,4.543147143274538,-7.802406274545398,14.530212575307898,-16.302627408109508,32.04171024737266,4,1.8136966303039457,5.977664630252554
primary,clic_b,7,1.9,8,1,1,ordinary,battery,1,72,91.48083349999999,92.80921411111112,82.9443706,103.95836249999999,68.623208,125.323083,72,89.92670849999999,92.12642941666667,82.30526640000001,106.3050962,67.894625,128.195792,72,1.1496250000000003,0.6827846944444449,-5.876008399999995,6.2567827999999945,-22.804874999999996,23.862375,72,1.2708995973810961,0.6638066628703403,-6.795520805529533,6.843426039673487,-24.141371503127516,22.03129868780944,4,0.5691098208864924,1.6896532123057275
primary,clic_b,7,1.9,8,1,1,ordinary,battery,2,72,91.48083349999999,92.80921411111112,82.9443706,103.95836249999999,68.623208,125.323083,72,88.94206249999999,89.37206019444444,79.31154190000001,101.7708794,66.256333,117.373416,72,4.2039999999999935,3.437153916666666,-4.547925699999996,9.724028499999996,-14.283749,18.780708000000004,72,4.424520445508143,3.5407373557594237,-4.842263418870227,10.310005828321984,-17.379289075882376,20.921545829445815,4,2.4299111367206736,6.29601405331284
primary,kodak,1,1.9,8,1,1,ordinary,battery,1,72,6.7377915,6.873262708333334,6.5239082999999995,7.1803205,6.085458,9.135875,72,6.613708,6.764453138888888,6.320258,7.1723833,5.868208,9.087125,72,0.1409170000000004,0.10880956944444446,-0.27499110000000015,0.4616919,-2.2942090000000004,1.179875,72,2.1140743982161334,1.5000759184207941,-4.327444464541061,6.746164692697848,-35.012952391301106,16.72257274841781,4,0.46657938935075266,3.662406327435005
primary,kodak,1,1.9,8,1,1,ordinary,battery,2,72,6.7377915,6.873262708333334,6.5239082999999995,7.1803205,6.085458,9.135875,72,6.542479,6.719046208333333,6.2108583,7.3169539,5.800833,9.154083,72,0.1814574999999996,0.15421649999999992,-0.18584140000000104,0.6311133999999998,-2.188792000000001,0.9239170000000003,72,2.719686687789659,2.218083427519205,-2.7844148560083526,9.070795358724334,-33.40413627985103,13.094835678355711,4,0.8942275130765446,3.7370760159829675
primary,kodak,4,1.9,8,1,1,ordinary,battery,1,72,7.311917,8.207867458333334,6.9338663,11.0604128,6.534042,12.673875,72,7.178479,8.032682833333334,6.768970299999999,10.9716214,6.575125,12.837083,72,0.1960620000000004,0.17518462500000004,-0.5270127999999998,0.6050628999999993,-1.8872909999999994,2.9602079999999997,72,2.5773561528443567,1.943568419028292,-6.247091120447617,7.416263581942876,-17.235861649244107,30.251222840194014,4,1.2350988434276648,4.779431882118425
primary,kodak,4,1.9,8,1,1,ordinary,battery,2,72,7.311917,8.207867458333334,6.9338663,11.0604128,6.534042,12.673875,72,7.099167,7.919272680555555,6.7119715,10.9826417,6.388667,11.507792,72,0.21435350000000009,0.28859477777777787,-0.1684035000000005,0.6957913000000001,-1.4037919999999993,3.638459000000001,72,2.8415355144805807,3.337580371809653,-1.8232712984102535,7.492951812894626,-15.457994988180689,30.33734406129272,4,0.48487856726080547,3.4987143652105237
primary,kodak,7,1.9,8,1,1,ordinary,battery,1,72,16.488646,17.76995434722222,16.0153295,23.5472708,15.622083,25.831167,72,16.4714585,17.794014430555556,15.981511900000001,22.424929199999998,15.6445,25.209334,72,0.07110400000000006,-0.024060083333333464,-1.4579993000000027,0.7783378000000005,-4.631625,4.215167000000001,72,0.435299876629509,-0.4655419983720664,-7.386897118613238,3.1074496927187725,-27.338124188407505,17.752357157053822,4,-0.6610492971189528,1.2278765148613435
primary,kodak,7,1.9,8,1,1,ordinary,battery,2,72,16.488646,17.76995434722222,16.0153295,23.5472708,15.622083,25.831167,72,16.3308125,17.71524597222222,16.019316999999997,23.8479416,15.489334,26.070833,72,0.12168750000000017,0.05470837500000002,-0.9492210999999992,0.7908713999999976,-4.396708,2.928916000000001,72,0.7101873051579681,0.15870813945304,-5.51529647603424,4.700878533641253,-22.414838476776673,13.360243127818867,4,0.09195348184215411,0.9991623754322548
rate,alpine24,10,1.9,8,1,1,ordinary,ac,1,20,604.3288124999999,604.56981665,598.4733875000001,611.8103958,596.829708,616.783375,20,604.052854,604.27778755,597.7948167000001,612.395041,597.031,623.500417,20,0.027291500000046653,0.29202910000001336,-7.00063379999998,9.681953900000048,-17.591666999999916,15.742458000000056,20,0.00451713377636924,0.042850126165562455,-1.1681286133320081,1.5931373896226366,-2.9033525262673487,2.5529591938584355,2,0.00451713377636924,0.024416116892367105
rate,alpine24,10,1.9,8,1,1,ordinary,ac,2,20,604.3288124999999,604.56981665,598.4733875000001,611.8103958,596.829708,616.783375,20,601.6374165,602.2320665,598.2707997,608.2231203,597.640208,609.976333,20,2.0289374999999836,2.337750149999988,-2.5845164000000294,9.016566599999969,-11.114499999999907,14.977582999999981,20,0.33409807246842493,0.3797907653998371,-0.42763045353340523,1.4837212222531722,-1.8559372776057188,2.4289191828637957,2,0.14722819515542995,0.6692380716242172
rate,alpine24,8,1.9,8,1,1,ordinary,ac,1,20,486.752708,486.9262082,485.155583,488.3772581,483.840583,492.548625,20,486.0694165,487.58274785,484.6301583,493.8235747,483.580333,494.336375,20,0.11310400000002119,-0.6565396499999963,-6.3632332999999734,3.127625099999972,-8.56691699999999,7.095625000000041,20,0.023272601429220295,-0.13639954790052072,-1.3044296438009955,0.6404106508377766,-1.763576704733872,1.4405938093929387,2,0.023272601429220295,0.10872234136479131
rate,alpine24,8,1.9,8,1,1,ordinary,ac,2,20,486.752708,486.9262082,485.155583,488.3772581,483.840583,492.548625,20,486.99,488.1712543,485.060792,493.31195890000004,484.623,496.124084,20,-0.7468125000000327,-1.2450461000000133,-5.330959300000028,2.6202203000000015,-10.192625000000021,6.84620799999999,20,-0.1536143622572555,-0.2573529595124528,-1.0926007521881425,0.5373242964907927,-2.101039505947278,1.3899557632507835,2,-0.24124923355981087,-0.11451213115687861
rate,clic_a,10,1.9,8,1,1,ordinary,ac,1,20,98.538396,98.80972695,97.5117458,99.8802038,96.706833,103.245667,20,97.8584585,98.30798755,97.324275,99.834958,96.459166,102.562042,20,0.27095800000000025,0.5017393999999996,-1.1221201999999946,1.8004753000000036,-2.9425840000000107,5.767750000000007,20,0.2750646483653365,0.4870898509956134,-1.137377343479753,1.7956108932574406,-2.9538245429924053,5.642105059688983,2,0.2324485263851122,0.4686184910989249
rate,clic_a,10,1.9,8,1,1,ordinary,ac,2,20,98.538396,98.80972695,97.5117458,99.8802038,96.706833,103.245667,20,98.557354,98.63544775,97.8575214,99.2451119,97.192667,101.461583,20,0.19775049999999794,0.17427919999999944,-1.0398704999999964,1.0352075000000012,-1.6649579999999986,3.3547080000000022,20,0.2019718701036809,0.16208631424043954,-1.0626038240527726,1.0394652568210199,-1.7216549734391555,3.2816288813799313,2,0.03665932347447612,0.5409774006780436
rate,clic_a,8,1.9,8,1,1,ordinary,ac,1,20,81.6504585,82.0667856,81.3601795,84.1046953,80.933875,85.191292,20,80.72968750000001,80.8295418,80.0574462,81.3814789,79.978667,83.391625,20,0.9327919999999992,1.237243800000001,0.06515389999999721,3.142575600000007,-1.7479580000000112,3.804000000000002,20,1.1457586892383875,1.4913310972939056,0.07978692667378096,3.724254265069434,-2.140959690112904,4.52397119614655,2,0.9777231366259287,2.1008904528666
rate,clic_a,8,1.9,8,1,1,ordinary,ac,2,20,81.6504585,82.0667856,81.3601795,84.1046953,80.933875,85.191292,20,81.91177049999999,82.091798,81.3789625,83.1150622,81.128125,83.697833,20,-0.02352099999999524,-0.025012399999997825,-1.4264622000000031,1.156137200000005,-2.3250830000000065,3.7166250000000076,20,-0.028760380599750404,-0.047967094406946055,-1.749116410360577,1.3963579704235856,-2.857323858416984,4.362681810248878,2,-0.4525635022785733,0.22424370289923973
rate_trace,alpine24,10,1.9,8,1,1,trace,ac,1,3,598.995041,598.9420833333334,598.3633754,599.4996082,598.205459,599.62575,3,598.326417,600.0913886666666,597.3745162,603.5142498,597.136541,604.811208,3,0.6686240000000225,-1.1493053333332834,-5.150874399999952,2.1250920000000635,-6.605748999999946,2.4892090000000735,3,0.11162429640215044,-0.19250316794712544,-0.8610838626717305,0.3544265410377694,-1.1042609024402008,0.4151271021966741,1,0.11162429640215044,0.11162429640215044
rate_trace,alpine24,10,1.9,8,1,1,trace,ac,2,3,598.995041,598.9420833333334,598.3633754,599.4996082,598.205459,599.62575,3,600.521875,603.6776803333333,600.2590749999999,608.3586078000001,600.193375,610.317791,3,-2.316416000000004,-4.735596999999984,-9.016916000000014,-1.4219503999999459,-10.692041000000017,-1.1983339999999316,3,-0.3872274926865894,-0.7901346541213381,-1.5039407416118544,-0.23749143120472127,-1.7831190538431707,-0.20005741583425424,1,-0.3872274926865894,-0.3872274926865894
rate_trace,alpine24,8,1.9,8,1,1,trace,ac,1,3,490.646083,492.0921113333333,485.8122502,498.9503838,484.603792,501.026459,3,489.352875,487.68874999999997,485.33234139999996,489.3795086,484.327208,489.386167,3,1.2599159999999756,4.403361333333332,0.4732504000000063,9.590850399999999,0.27658400000001393,11.673584000000005,3,0.2567871310204622,0.8812650074983925,0.09701682954611399,1.9153043360418431,0.057074254177526935,2.3299336372971884,1,0.2567871310204622,0.2567871310204622
rate_trace,alpine24,8,1.9,8,1,1,trace,ac,2,3,490.646083,492.0921113333333,485.8122502,498.9503838,484.603792,501.026459,3,488.49575,488.95815266666665,486.8571164,491.24415,486.447458,491.93125,3,4.198624999999993,3.133958666666672,-5.022241399999984,10.864292200000001,-7.327457999999979,12.530709000000002,3,0.8557339282783988,0.6148966840162055,-1.0384942647800095,2.171952735107543,-1.5120513130446116,2.501007436814829,1,0.8557339282783988,0.8557339282783988
rate_trace,clic_a,10,1.9,8,1,1,trace,ac,1,3,98.587084,98.55159766666667,97.8305168,99.258484,97.641375,99.426334,3,97.600292,97.37580566666666,96.7010584,97.9607584,96.47625,98.050875,3,1.1651250000000033,1.1757920000000013,0.6619922000000003,1.6938586000000015,0.5362089999999995,1.826042000000001,3,1.1932697588496715,1.1912471144557262,0.6737689613588167,1.7079162097950575,0.5438937619861031,1.836577822531404,1,1.1932697588496715,1.1932697588496715
rate_trace,clic_a,10,1.9,8,1,1,trace,ac,2,3,98.587084,98.55159766666667,97.8305168,99.258484,97.641375,99.426334,3,98.789167,98.77662533333333,98.4922006,99.0560334,98.417959,99.12275,3,0.16912500000000819,-0.22502766666666693,-0.8844086000000061,0.2766922000000022,-1.1477920000000097,0.30358400000000074,3,0.17154884102263152,-0.2328778717759959,-0.9061046821245557,0.27857825345311304,-1.1755180629113526,0.30533560656073344,1,0.17154884102263152,0.17154884102263152
rate_trace,clic_a,8,1.9,8,1,1,trace,ac,1,3,82.094125,82.46281933333333,81.833725,83.2393914,81.768625,83.525708,3,81.293125,81.71316666666667,80.5250922,83.0692578,80.333084,83.513291,3,0.4754999999999967,0.7496526666666673,-1.0402327999999925,2.6491991999999955,-1.41916599999999,3.192623999999995,3,0.5815188894273283,0.8917126487001672,-1.2666609592379177,3.174163760347388,-1.7287059214042293,3.8223249780774027,1,0.5815188894273283,0.5815188894273283
rate_trace,clic_a,8,1.9,8,1,1,trace,ac,2,3,82.094125,82.46281933333333,81.833725,83.2393914,81.768625,83.525708,3,82.525084,83.24933366666667,82.3908504,84.39751679999999,82.357292,84.865625,3,-0.5886670000000009,-0.7865143333333341,-2.3349333999999913,0.6827657999999901,-2.771499999999989,1.0006239999999877,3,-0.7199179391851104,-0.965979176378856,-2.844785868146351,0.8144030205111411,-3.3760028503866613,1.1979832604352036,1,-0.7199179391851104,-0.7199179391851104
synthetic,dense_pad,1,1.9,8,1,1,trace,ac,1,6,11.4002085,11.226979,10.512020499999998,11.768708,9.930041,11.79,6,11.171041500000001,11.511736166666667,10.802063,12.562104000000001,10.760834,12.742333,6,0.04297899999999988,-0.28475716666666734,-1.7020835000000014,0.8048329999999995,-2.812292000000001,0.9041239999999995,6,0.39100714243111656,-3.136213091649691,-16.67059771618908,6.87095129880889,-28.321051242386627,7.696364885690603,1,0.39100714243111656,0.39100714243111656
synthetic,dense_pad,1,1.9,8,1,1,trace,ac,2,6,11.4002085,11.226979,10.512020499999998,11.768708,9.930041,11.79,6,10.714020999999999,10.848916666666666,10.580541499999999,11.2521875,10.536583,11.409041,6,0.4552915000000004,0.378062333333333,-0.1340835000000009,0.8129789999999995,-0.606542000000001,1.050832999999999,6,4.0965837238335725,3.134399132918437,-1.6138656696357492,6.920479344557488,-6.1081520207217785,8.912917726887184,1,4.0965837238335725,4.0965837238335725
synthetic,dense_pad,7,1.9,8,1,1,trace,ac,1,6,26.442020499999998,26.471354166666664,26.0619795,26.9100625,25.935667,26.955125,6,25.996833000000002,26.060402833333335,25.842437500000003,26.341938,25.72875,26.361792,6,0.4954579999999975,0.41095133333333206,-0.07712500000000055,0.8145209999999992,-0.38641700000000156,0.9824589999999986,6,1.8564509042191406,1.5342981970722818,-0.3016880109249309,3.048131697922636,-1.4899057733892156,3.6447948210219714,1,1.8564509042191406,1.8564509042191406
synthetic,dense_pad,7,1.9,8,1,1,trace,ac,2,6,26.442020499999998,26.471354166666664,26.0619795,26.9100625,25.935667,26.955125,6,26.3158955,26.201715,25.8949165,26.394333,25.493208,26.412833,6,0.33212499999999956,0.2696391666666666,-0.25391600000000025,0.7307085000000004,-0.3809160000000027,0.882125000000002,6,1.2386722764239224,1.002937585980591,-0.9766621898421621,2.746802671360012,-1.4686955997700106,3.3445075366441896,1,1.2386722764239224,1.2386722764239224
synthetic,flat_pad,1,1.9,8,1,1,trace,ac,1,6,5.050604,5.131617833333333,4.808458,5.5357915,4.774,5.593542,6,5.112729,5.156347,4.9603955,5.3959165,4.83625,5.4085,6,-0.18495799999999996,-0.024729166666666618,-0.3026460000000002,0.4134165000000003,-0.3413750000000002,0.6417910000000004,6,-3.7822219944253472,-0.807755655972435,-6.1529645571075395,7.511919583615582,-7.150712191034775,11.71570274848254,1,-3.7822219944253472,-3.7822219944253472
synthetic,flat_pad,1,1.9,8,1,1,trace,ac,2,6,5.050604,5.131617833333333,4.808458,5.5357915,4.774,5.593542,6,4.9062920000000005,4.852652833333334,4.543687,5.107979500000001,4.296416,5.11225,6,0.338333,0.2789650000000001,-0.03925000000000001,0.5378120000000002,-0.13045799999999996,0.5857910000000004,6,6.322940281919983,5.299557340799036,-0.7729151135787307,10.348646854055856,-2.6186962442430346,10.693439497805883,1,6.322940281919983,6.322940281919983
synthetic,flat_pad,7,1.9,8,1,1,trace,ac,1,6,18.256020499999998,18.3271875,18.0672505,18.658291499999997,18.049834,18.8905,6,18.2716875,18.293187333333332,18.0267495,18.581125,17.968333,18.627875,6,0.08618799999999993,0.03400016666666635,-0.39112499999999883,0.40693749999999795,-0.4095419999999983,0.4577499999999972,6,0.46982991112811856,0.16670740100328585,-2.154436222863943,2.1847285147456814,-2.2479663754087613,2.4842501794874,1,0.46982991112811856,0.46982991112811856
synthetic,flat_pad,7,1.9,8,1,1,trace,ac,2,6,18.256020499999998,18.3271875,18.0672505,18.658291499999997,18.049834,18.8905,6,18.15175,18.113264,17.781437500000003,18.4066045,17.666208,18.520167,6,0.25168699999999866,0.21392349999999935,-0.01766649999999892,0.4077499999999983,-0.13304099999999863,0.4184589999999986,6,1.3412223305759337,1.1609905082800036,-0.10037956200771059,2.2421287562717875,-0.7370760307269232,2.313888334244687,1,1.3412223305759337,1.3412223305759337
synthetic,gradient_pad,1,1.9,8,1,1,trace,ac,1,6,6.2921665,6.216680666666667,5.982188,6.3756875,5.817709,6.434083,6,6.023958,5.891624833333333,5.457333500000001,6.193583,5.022375,6.265583,6,0.27254200000000006,0.32505583333333316,-0.21139500000000044,0.9140204999999999,-0.3038740000000004,1.28625,6,4.325047482024926,5.050264691575879,-3.5789504119543483,14.404697004657057,-5.223258846394696,20.388753492242763,1,4.325047482024926,4.325047482024926
synthetic,gradient_pad,1,1.9,8,1,1,trace,ac,2,6,6.2921665,6.216680666666667,5.982188,6.3756875,5.817709,6.434083,6,5.8970835,5.883368166666666,5.754167,5.998854,5.743084,6.062333,6,0.3937710000000001,0.3333125000000002,0.04785450000000013,0.5583120000000004,-0.24462399999999995,0.5742080000000005,6,6.321440279939065,5.230150690117613,0.6091024433406007,8.759909347073172,-4.2048167070577085,9.089464283113722,1,6.321440279939065,6.321440279939065
synthetic,gradient_pad,7,1.9,8,1,1,trace,ac,1,6,19.0856875,19.098361166666667,18.650750000000002,19.558646,18.488042,19.9285,6,19.0473335,18.932194333333335,18.4291875,19.320062,18.072292,19.382416,6,-0.06483300000000014,0.16616683333333349,-0.5357914999999984,1.099124999999999,-0.8943739999999991,1.1424169999999982,6,-0.3390789126116026,0.7991178160096565,-2.8897538731652097,5.626186233805782,-4.8375809617914065,5.732578969817087,1,-0.3390789126116026,-0.3390789126116026
synthetic,gradient_pad,7,1.9,8,1,1,trace,ac,2,6,19.0856875,19.098361166666667,18.650750000000002,19.558646,18.488042,19.9285,6,19.0266455,19.002139,18.734417,19.245354499999998,18.535667,19.259,6,0.05068750000000044,0.09622216666666657,-0.44533350000000027,0.6833124999999995,-0.44554199999999966,0.8590419999999988,6,0.2653440568541232,0.4551474028139241,-2.3879231480998815,3.4880212996875306,-2.407637325791454,4.310620468173715,1,0.2653440568541232,0.2653440568541232
synthetic,narrow,1,1.9,8,1,1,trace,ac,1,6,2.404312,2.3937291666666667,2.309188,2.4676875000000003,2.280792,2.505458,6,2.359292,2.3827503333333335,2.3164379999999998,2.4725210000000004,2.304167,2.48125,6,0.009145499999999807,0.010978833333333307,-0.039312000000000014,0.06310300000000013,-0.05133300000000007,0.0817070000000002,6,0.31907301247755393,0.4338957591900569,-1.6400143748489495,2.622628639941566,-2.1125412925626708,3.389746832082105,1,0.31907301247755393,0.31907301247755393
synthetic,narrow,1,1.9,8,1,1,trace,ac,2,6,2.404312,2.3937291666666667,2.309188,2.4676875000000003,2.280792,2.505458,6,2.3032295,2.3042221666666665,2.2889999999999997,2.320437,2.277084,2.322666,6,0.10108249999999996,0.08950700000000007,0.020188000000000095,0.14725050000000017,-0.02012400000000003,0.18279200000000007,6,4.203835233617624,3.6677457993111506,0.8529086000021506,5.946493564313679,-0.8823250870750174,7.29575191442044,1,4.203835233617624,4.203835233617624
synthetic,narrow,7,1.9,8,1,1,trace,ac,1,6,7.9978125,7.995972166666666,7.8897705,8.1003335,7.831916,8.154959,6,8.0409585,8.170889166666667,7.948917,8.522791999999999,7.94875,8.682875,6,-0.09925050000000013,-0.17491700000000007,-0.5614169999999996,0.13591649999999955,-0.7352499999999988,0.2058749999999998,6,-1.2549980385487647,-2.2127950183768275,-7.055551340156139,1.672164323574421,-9.251191393655324,2.52453752373249,1,-1.2549980385487647,-1.2549980385487647
synthetic,narrow,7,1.9,8,1,1,trace,ac,2,6,7.9978125,7.995972166666666,7.8897705,8.1003335,7.831916,8.154959,6,8.0649795,8.135062666666666,7.91175,8.4284585,7.824333,8.440042,6,-0.04156300000000002,-0.13909050000000014,-0.5022504999999997,0.12654199999999927,-0.5849589999999996,0.2213749999999992,6,-0.5222760973385406,-1.7673397165258644,-6.349891995997602,1.570148943758549,-7.468913098659378,2.751466993333579,1,-0.5222760973385406,-0.5222760973385406
trace,alpine24,1,1.9,8,1,1,trace,ac,1,6,74.4537085,74.39391683333334,73.86220850000001,74.8658335,73.65325,75.065542,6,73.4038955,73.423708,72.6459995,74.221229,72.254416,75.01375,6,1.0263755000000003,0.9702088333333307,-0.16345799999999855,2.0477089999999905,-0.9425829999999991,2.8111259999999874,6,1.3778030162355048,1.2973183511698085,-0.218318846474429,2.73247088374835,-1.2725369913504927,3.744895360910053,1,1.3778030162355048,1.3778030162355048
trace,alpine24,1,1.9,8,1,1,trace,ac,2,6,74.4537085,74.39391683333334,73.86220850000001,74.8658335,73.65325,75.065542,6,73.2901455,73.09793016666667,72.4307915,73.57285350000001,72.225,73.592416,6,1.4737089999999924,1.2959866666666642,0.3913340000000005,2.0229169999999996,0.30391699999999844,2.4317920000000015,6,1.968343374182222,1.7377881389639247,0.5294856904067806,2.7155353523027714,0.41263216490786003,3.2572950629863677,1,1.968343374182222,1.968343374182222
trace,alpine24,4,1.9,8,1,1,trace,ac,1,6,86.699167,87.12500016666667,86.370271,88.30556250000001,86.283667,88.78025,6,85.884021,86.22179883333334,85.1264795,87.65489600000001,84.974042,87.912083,6,0.9090629999999962,0.9032013333333305,-0.21685450000000372,2.0173954999999992,-0.7675839999999994,2.551957999999999,6,1.0363534139997232,1.0323765052779703,-0.2495485140772088,2.310324615911397,-0.8860474344230709,2.905536350400698,1,1.0363534139997232,1.0363534139997232
trace,alpine24,4,1.9,8,1,1,trace,ac,2,6,86.699167,87.12500016666667,86.370271,88.30556250000001,86.283667,88.78025,6,84.80060399999999,84.75228466666667,84.29175000000001,85.1645,84.277083,85.210042,6,1.9103339999999918,2.372715499999998,1.660479500000001,3.547333000000002,1.5111670000000004,3.570207999999994,6,2.2119097336755753,2.714693969405216,1.9150837394310276,4.017088435109045,1.744389725860375,4.021398903472331,1,2.2119097336755753,2.2119097336755753
trace,alpine24,7,1.9,8,1,1,trace,ac,1,6,318.90875,320.56255550000003,317.7472085,325.031708,317.674667,325.602916,6,314.9246665,315.23640283333333,314.07133350000004,316.7132085,314.049792,317.246083,6,4.294521000000003,5.326152666666663,1.1697499999999934,10.514186999999993,0.7000840000000039,11.553123999999968,6,1.3464491172758963,1.6495756584781343,0.3680107424207819,3.2342671157377243,0.22018947628955185,3.548224979655885,1,1.3464491172758963,1.3464491172758963
trace,alpine24,7,1.9,8,1,1,trace,ac,2,6,318.90875,320.56255550000003,317.7472085,325.031708,317.674667,325.602916,6,316.2260625,316.8992083333333,314.6295,319.8420625,314.224708,320.577666,6,1.8383745000000147,3.663347166666663,-1.1192290000000185,10.270895999999993,-2.757916000000023,11.378207999999972,6,0.5774791361288729,1.128245496926103,-0.3521210940996645,3.1593784487491003,-0.8677610500920798,3.4945043305447463,1,0.5774791361288729,0.5774791361288729
trace,campus12,1,1.9,8,1,1,trace,ac,1,6,45.370166999999995,45.6849725,44.8497085,46.835042,44.762792,47.638209,6,43.876082999999994,44.387111166666664,43.7406045,45.544646,43.688417,47.137792,6,1.313917,1.2978613333333335,-0.3641874999999999,2.9438545000000005,-1.6983749999999986,3.6867090000000005,6,2.911588926756845,2.7954885613892233,-0.7853453345507013,6.260222091961525,-3.7376689934204013,7.738974821660488,1,2.911588926756845,2.911588926756845
trace,campus12,1,1.9,8,1,1,trace,ac,2,6,45.370166999999995,45.6849725,44.8497085,46.835042,44.762792,47.638209,6,43.592812499999994,44.63679166666667,42.729979,47.5875835,42.552458,50.08075,6,1.5195004999999995,1.0481808333333333,-1.3001664999999996,2.9252085,-2.4425409999999985,2.963458000000003,6,3.362803913264226,2.339742475192022,-2.739208178817233,6.395631691129074,-5.127272941768231,6.4378389974338495,1,3.362803913264226,3.362803913264226
trace,campus12,4,1.9,8,1,1,trace,ac,1,6,51.693811999999994,51.66606233333333,51.337833,51.966542000000004,51.2685,52.02375,6,50.3210415,50.18901366666667,49.7261245,50.519875,49.616916,50.582875,6,1.4680630000000043,1.477048666666666,1.1739369999999987,1.7891459999999952,1.0410409999999999,1.7902499999999932,6,2.8453841899804746,2.858372462837526,2.270001361481378,3.459731837050726,2.0215206378448403,3.482491137519608,1,2.8453841899804746,2.8453841899804746
trace,campus12,4,1.9,8,1,1,trace,ac,2,6,51.693811999999994,51.66606233333333,51.337833,51.966542000000004,51.2685,52.02375,6,50.162791999999996,50.338236333333334,49.974896,50.877021,49.878625,51.098792,6,1.2952699999999986,1.3278259999999982,0.8384369999999954,1.8497710000000005,0.7519159999999943,2.0307090000000017,6,2.52024540713896,2.568209663665338,1.6203105070863058,3.5640730767707485,1.4626676755532377,3.912030541559253,1,2.52024540713896,2.52024540713896
trace,campus12,7,1.9,8,1,1,trace,ac,1,6,190.17075,189.98714583333333,186.985354,192.8053335,186.564625,193.37675,6,185.7149795,185.91418766666666,184.30085400000002,187.7267295,183.920708,189.069625,6,4.303332999999995,4.072958166666662,-0.5889379999999989,8.504479499999988,-1.6635420000000067,9.456041999999997,6,2.2630583284316854,2.119625393930832,-0.31367325258261447,4.409491105943426,-0.8876670241274969,4.889958074070433,1,2.2630583284316854,2.2630583284316854
trace,campus12,7,1.9,8,1,1,trace,ac,2,6,190.17075,189.98714583333333,186.985354,192.8053335,186.564625,193.37675,6,184.0235835,186.06567366666667,183.6216875,190.55175,183.513125,191.160583,6,3.2181454999999914,3.9214721666666605,-0.3810000000000002,8.92727099999999,-0.7826660000000061,9.133749999999992,6,1.7206151238666556,2.0501403943040044,-0.20011641500036997,4.629922474045728,-0.41111175725281524,4.723292743310658,1,1.7206151238666556,1.7206151238666556
trace,clic_a,1,1.9,8,1,1,trace,battery,1,6,29.492896000000002,26.84156266666667,21.2153545,29.8164375,20.407125,29.856625,6,27.0077505,25.696868333333335,22.735208,27.3476465,19.199791,27.418459,6,2.261166000000001,1.1446943333333337,-1.9039995000000012,3.076916500000001,-5.015333000000002,3.2737920000000003,6,7.635199422977143,3.1902056622888746,-8.42815920659848,10.36357677048796,-22.772556001784277,11.080915896901944,1,7.635199422977143,7.635199422977143
trace,clic_a,1,1.9,8,1,1,trace,battery,2,6,29.492896000000002,26.84156266666667,21.2153545,29.8164375,20.407125,29.856625,6,26.82725,25.677263833333335,22.2820415,27.9225,19.022208,28.115833,6,1.6863125000000014,1.1642988333333342,-1.8239579999999993,3.630542,-5.032833,4.002541999999998,6,6.301045426058362,3.2979825372751312,-8.63785146897267,12.2307536547397,-22.852016274916927,13.547540978723658,1,6.301045426058362,6.301045426058362
trace,clic_a,4,1.9,8,1,1,trace,ac,1,6,18.8579375,18.787979166666666,18.2369165,19.2690835,18.151208,19.526375,6,17.3794585,17.3771875,17.142875,17.609229,17.131667,17.637042,6,1.3286874999999991,1.4107916666666664,1.0787704999999992,1.824917000000001,0.9971250000000005,1.9449590000000008,6,7.1255990114716745,7.474338563137373,5.833348132333779,9.464068545606665,5.493436029161257,9.960676264795696,1,7.1255990114716745,7.1255990114716745
trace,clic_a,4,1.9,8,1,1,trace,ac,2,6,18.8579375,18.787979166666666,18.2369165,19.2690835,18.151208,19.526375,6,17.810083,17.665159666666668,17.2556875,17.9297085,17.18975,17.985917,6,1.075458499999998,1.1228194999999996,0.6022289999999995,1.6907710000000016,0.3929170000000006,1.7286670000000015,6,5.755815941812139,5.932654343677982,3.240989540811781,8.801157548410028,2.164687881930506,9.137482274547608,1,5.755815941812139,5.755815941812139
trace,clic_a,7,1.9,8,1,1,trace,battery,1,6,85.228083,86.169104,82.9969165,90.2823125,82.021791,93.499375,6,81.471271,82.412493,79.50147949999999,86.26472849999999,79.230459,86.575791,6,3.6532079999999993,3.7566110000000017,1.6804375000000036,5.936187500000003,1.1115840000000077,6.923584000000005,6,4.282366262197401,4.311265287800043,2.009517133839142,6.6419124673635865,1.2767252147096662,7.404952172140193,1,4.282366262197401,4.282366262197401
trace,clic_a,7,1.9,8,1,1,trace,battery,2,6,85.228083,86.169104,82.9969165,90.2823125,82.021791,93.499375,6,81.3179795,84.199903,76.3540625,94.927667,74.132292,105.125334,6,3.132853499999996,1.9692009999999982,-4.645354499999996,7.420103999999995,-11.625958999999995,10.04695799999999,6,3.734762811421274,2.560131802606983,-4.876040050462334,8.821672646862009,-12.434263865400164,11.9351954311781,1,3.734762811421274,3.734762811421274
trace,clic_b,1,1.9,8,1,1,trace,ac,1,6,20.585895999999998,20.9257985,19.822958,22.3685415,19.774583,23.965916,6,19.7541875,19.782680666666664,19.066499999999998,20.5273545,18.68275,20.95425,6,0.8820420000000002,1.1431178333333338,0.047603499999999244,2.499708000000002,-0.22912600000000083,3.0116660000000017,6,4.2762766074176195,5.203745403888968,0.24355146680555362,11.091408137443732,-1.1530479611005504,12.566454793549314,1,4.2762766074176195,4.2762766074176195
trace,clic_b,1,1.9,8,1,1,trace,ac,2,6,20.585895999999998,20.9257985,19.822958,22.3685415,19.774583,23.965916,6,19.1014165,20.049326333333333,18.38025,22.6663125,18.061333,25.944083,6,1.2786669999999987,0.8764721666666665,-0.49154199999999904,1.8422915,-1.9781669999999991,1.9713330000000013,6,6.191231391725829,4.556141262892011,-1.623226917021995,9.1004193139722,-8.254084675920582,9.536939116131691,1,6.191231391725829,6.191231391725829
trace,clic_b,4,1.9,8,1,1,trace,battery,1,6,27.7393125,28.059249833333332,27.337457999999998,29.100979,27.326625,29.827166,6,27.622896,27.90973616666667,26.851,29.255312500000002,26.844417,29.357583,6,-0.2433335000000003,0.14951366666666566,-1.3953545000000016,2.087228999999999,-1.928250000000002,2.9827489999999983,6,-0.8378612161426369,0.39825256354834937,-5.0917474921396115,7.124366398927297,-7.029882935906616,10.000108625807757,1,-0.8378612161426369,-0.8378612161426369
trace,clic_b,4,1.9,8,1,1,trace,battery,2,6,27.7393125,28.059249833333332,27.337457999999998,29.100979,27.326625,29.827166,6,27.096063,27.209527833333333,25.614103999999998,28.9184165,25.122583,28.959,6,1.317916499999999,0.8497219999999999,-0.8939590000000006,2.125208500000001,-1.6323749999999997,2.306750000000001,6,4.563217828005224,2.9872298274554985,-3.271159125845035,7.669630780206306,-5.9735697328155215,8.409792538520717,1,4.563217828005224,4.563217828005224
trace,clic_b,7,1.9,8,1,1,trace,ac,1,6,63.5015415,63.893111000000005,63.0704585,65.10733300000001,62.999333,65.964708,6,62.1268955,62.083451333333336,61.683146,62.440312500000005,61.599083,62.527917,6,1.3795409999999997,1.8096596666666673,1.0056049999999992,3.043833000000003,0.7888760000000019,3.4367909999999995,6,2.178647767000909,2.8116589360512756,1.5883674273830422,4.667961613769877,1.2493763222664827,5.210045044086301,1,2.178647767000909,2.178647767000909
trace,clic_b,7,1.9,8,1,1,trace,ac,2,6,63.5015415,63.893111000000005,63.0704585,65.10733300000001,62.999333,65.964708,6,62.063687,62.172708,61.4800625,62.974374499999996,61.230625,63.508958,6,1.6867924999999993,1.720403000000001,0.45172900000000027,3.0226875000000035,0.07395799999999753,3.524917000000002,6,2.6663570766589126,2.6720412142165317,0.7164990075206339,4.633267558470049,0.11631740827991835,5.343640723763989,1,2.6663570766589126,2.6663570766589126
trace,kodak,1,1.9,8,1,1,trace,ac,1,6,5.374125,5.470645833333333,5.234896,5.8029165,5.160875,6.038208,6,5.3855,5.254958333333334,4.9235625,5.4558125,4.618792,5.470292,6,-0.026228999999999836,0.21568750000000003,-0.08508300000000002,0.7583745,-0.09741599999999995,1.419416,6,-0.5147744327411081,3.505436320724302,-1.596634244079043,12.627717638993056,-1.8229325043783415,23.50723923389191,1,-0.5147744327411081,-0.5147744327411081
trace,kodak,1,1.9,8,1,1,trace,ac,2,6,5.374125,5.470645833333333,5.234896,5.8029165,5.160875,6.038208,6,5.307104,5.321784833333334,5.0382295,5.620021,4.887667,5.627125,6,0.045729499999999756,0.14886099999999983,-0.28218750000000004,0.6830409999999998,-0.4520420000000005,1.1505409999999996,6,0.8780985824004419,2.320648832727621,-5.437474594933121,11.521322510715542,-8.75901857727615,19.05434526270045,1,0.8780985824004419,0.8780985824004419
trace,kodak,4,1.9,8,1,1,trace,ac,1,6,5.6494995,5.7240348333333335,5.466667,6.055938,5.351834,6.131084,6,5.7719585,5.7783541666666665,5.464354,6.098750000000001,5.270166,6.285542,6,-0.20250049999999975,-0.05431933333333309,-0.3857284999999999,0.4252710000000004,-0.4409989999999997,0.8609180000000007,6,-3.4347857074179036,-1.1953604792273935,-7.080371015764792,6.929075285500514,-8.240147209349162,14.04185621987891,1,-3.4347857074179036,-3.4347857074179036
trace,kodak,4,1.9,8,1,1,trace,ac,2,6,5.6494995,5.7240348333333335,5.466667,6.055938,5.351834,6.131084,6,5.5848960000000005,5.472451333333334,5.0734580000000005,5.759,4.950041,5.876333,6,0.2166665000000001,0.2515835000000002,-0.12991699999999984,0.6680010000000003,-0.228167,0.9342090000000001,6,3.668694041738085,4.245866476231983,-2.303510855097832,11.372416242055698,-4.039665264795688,15.237256576487942,1,3.668694041738085,3.668694041738085
trace,kodak,7,1.9,8,1,1,trace,ac,1,6,14.8764795,14.851666666666667,14.498729,15.1797915,14.169208,15.192208,6,14.993500000000001,14.8723055,14.4170625,15.206354000000001,14.194833,15.32625,6,-0.05814599999999981,-0.02063883333333294,-0.35081199999999946,0.34704150000000045,-0.49799999999999933,0.5529160000000015,6,-0.39528789357131766,-0.15783523970002916,-2.3633172912365645,2.2850994657077948,-3.358454301755091,3.6394709709082544,1,-0.39528789357131766,-0.39528789357131766
trace,kodak,7,1.9,8,1,1,trace,ac,2,6,14.8764795,14.851666666666667,14.498729,15.1797915,14.169208,15.192208,6,14.831374499999999,14.948097166666667,14.724896000000001,15.288021,14.71625,15.495417,6,-0.1255619999999995,-0.09643049999999971,-0.43377149999999975,0.2700420000000001,-0.5643340000000006,0.45112499999999933,6,-0.8442743745276371,-0.6821577899619372,-2.989319409612226,1.7871204142540513,-3.982819646659154,2.9743116392915674,1,-0.8442743745276371,-0.8442743745276371
trace_followup,alpine24,7,1.9,8,1,1,trace,ac,1,24,322.251375,321.7562883333333,316.32660880000003,327.2678207,314.457875,330.603,24,319.806625,319.987225625,315.46992500000005,325.8836543,313.184292,326.537333,24,2.355812500000013,1.7690627083333297,-3.6562662999999986,7.536266999999992,-9.747666999999979,12.211332999999968,24,0.7312659452955441,0.5377072811914881,-1.1408310936993373,2.3058938611119824,-3.078924455906744,3.729809155747891,2,-0.11395392979409062,1.0885182129076636
trace_followup,alpine24,7,1.9,8,1,1,trace,ac,2,24,322.251375,321.7562883333333,316.32660880000003,327.2678207,314.457875,330.603,24,319.2474585,319.07098958333336,314.6678874,323.8007707,312.981792,328.253833,24,2.991979499999985,2.6852987499999963,-2.302971300000001,9.016675900000022,-8.869666999999993,11.156166999999982,24,0.9266751134332532,0.8224250416388629,-0.7256153627159735,2.7644551250212634,-2.8206216810439213,3.3744905521123467,2,0.750831149635813,0.947486159043134
trace_followup,alpine24,7,1.9,8,1,1,trace,transition,1,12,317.9439995,376.75634016666663,314.9026497,521.3428713999999,314.191625,626.106875,12,321.083354,400.0246251666666,316.6013923,612.6480792,311.588333,657.887084,12,-3.9428125000000023,-23.268284999999995,-97.28281719999994,6.451945800000011,-134.349375,12.64637499999992,12,-1.249635837213343,-5.054493361502399,-19.780641646440426,1.9111947269800855,-25.661833463079162,2.1472434003350034,1,-1.249635837213343,-1.249635837213343
trace_followup,alpine24,7,1.9,8,1,1,trace,transition,2,12,317.9439995,376.75634016666663,314.9026497,521.3428713999999,314.191625,626.106875,12,318.93125,376.56997925,315.490875,551.2059459,315.106,581.636625,12,-0.754437500000023,0.18636091666665777,-48.93618779999997,9.61155440000002,-58.09891600000003,111.56291599999997,12,-0.24051651030591395,-0.2832408163688863,-9.827343645786847,2.8675981512858826,-11.09736987445923,17.818509978827493,1,-0.24051651030591395,-0.24051651030591395
trace_followup,campus12,7,1.9,8,1,1,trace,battery,1,12,299.0517495,311.68345108333335,290.1456289,354.46198300000003,269.536583,397.833833,12,312.8678545,320.33279175,273.47869640000005,367.69435,272.142916,414.064584,12,-14.6199795,-8.649340666666669,-43.94229230000001,47.6278499,-74.19958400000002,51.47595799999999,12,-4.2047425590622325,-3.1470813192205123,-14.036517859650697,13.81465443508123,-25.210114058194502,15.153896028149024,1,-4.2047425590622325,-4.2047425590622325
trace_followup,campus12,7,1.9,8,1,1,trace,battery,2,12,299.0517495,311.68345108333335,290.1456289,354.46198300000003,269.536583,397.833833,12,332.2889375,328.82057291666666,270.5953756,396.68618360000005,268.606583,408.621209,12,-14.151770999999968,-17.137121833333328,-101.75324260000002,50.61700800000001,-139.08462600000001,51.996500000000026,12,-4.841154790336313,-6.883409285713124,-34.53356762164428,14.391858767035949,-51.60139096962582,15.463484990547975,1,-4.841154790336313,-4.841154790336313
trace_followup,campus12,7,1.9,8,1,1,trace,ac,1,24,184.6002295,185.230375,183.86335830000002,187.9272161,182.864375,189.631125,24,184.06239599999998,185.30486629166666,182.755758,189.00254189999998,181.933083,194.081791,24,0.8045624999999887,-0.07449129166666661,-4.839712499999998,4.383845600000012,-9.917333000000013,5.213583,24,0.43637534140168843,-0.05134946424409055,-2.638167470934816,2.340835281680805,-5.385041776084728,2.749328729658699,2,0.12599224972800055,0.519899248862653
trace_followup,campus12,7,1.9,8,1,1,trace,ac,2,24,184.6002295,185.230375,183.86335830000002,187.9272161,182.864375,189.631125,24,184.218958,184.80613175,182.0609411,188.5453411,180.217208,190.834833,24,0.523541999999992,0.4242432500000011,-3.9600908999999858,4.244845900000004,-6.344458000000003,5.897208000000006,24,0.28419107358304607,0.2228406469886693,-2.150308314158677,2.277083076206064,-3.438910024438946,3.133663833846626,2,0.01469818199055209,0.5875662063252942
