image,stratum,effort,reference,variant,bd_rate_percent,quality_low,quality_high
clic2024_test--097cb426910ba8ce2525dd8bb7fb1777,clic2024_test,3,default,weighted,-2.878652442413394,76.48716339661104,91.2838726147456
clic2024_test--097cb426910ba8ce2525dd8bb7fb1777,clic2024_test,3,default,quantize,-6.25295004900674,76.48716339661104,91.2838726147456
clic2024_test--097cb426910ba8ce2525dd8bb7fb1777,clic2024_test,3,default,smooth,-3.912647906853376,76.48716339661104,91.2838726147456
clic2024_test--097cb426910ba8ce2525dd8bb7fb1777,clic2024_test,3,default,both,-4.338121558817356,76.48716339661104,91.2838726147456
clic2024_test--097cb426910ba8ce2525dd8bb7fb1777,clic2024_test,3,weighted,default,2.963974980584512,76.48716339661104,91.2838726147456
clic2024_test--097cb426910ba8ce2525dd8bb7fb1777,clic2024_test,3,weighted,quantize,-3.4743109434232347,76.48716339661104,91.2838726147456
clic2024_test--097cb426910ba8ce2525dd8bb7fb1777,clic2024_test,3,weighted,smooth,-1.0646428313063623,76.48716339661104,91.2838726147456
clic2024_test--097cb426910ba8ce2525dd8bb7fb1777,clic2024_test,3,weighted,both,-1.502727415863533,76.48716339661104,91.2838726147456
clic2024_test--097cb426910ba8ce2525dd8bb7fb1777,clic2024_test,4,default,weighted,-3.2466271457929157,72.41482341358389,91.21910454118941
clic2024_test--097cb426910ba8ce2525dd8bb7fb1777,clic2024_test,4,default,quantize,-4.227916541520369,72.41482341358389,91.21910454118941
clic2024_test--097cb426910ba8ce2525dd8bb7fb1777,clic2024_test,4,default,smooth,-3.787791934087322,72.41482341358389,91.21910454118941
clic2024_test--097cb426910ba8ce2525dd8bb7fb1777,clic2024_test,4,default,both,-2.5231003767129265,72.41482341358389,91.21910454118941
clic2024_test--097cb426910ba8ce2525dd8bb7fb1777,clic2024_test,4,weighted,default,3.355569992050922,72.41482341358389,91.21910454118941
clic2024_test--097cb426910ba8ce2525dd8bb7fb1777,clic2024_test,4,weighted,quantize,-1.0142172482256624,72.41482341358389,91.21910454118941
clic2024_test--097cb426910ba8ce2525dd8bb7fb1777,clic2024_test,4,weighted,smooth,-0.5593239515379592,72.41482341358389,91.21910454118941
clic2024_test--097cb426910ba8ce2525dd8bb7fb1777,clic2024_test,4,weighted,both,0.7478052162276929,72.41482341358389,91.21910454118941
clic2024_test--097cb426910ba8ce2525dd8bb7fb1777,clic2024_test,7,default,weighted,-3.623922334429366,73.02681664760935,91.2328383305909
clic2024_test--097cb426910ba8ce2525dd8bb7fb1777,clic2024_test,7,default,quantize,-6.046825441804468,73.02681664760935,91.2328383305909
clic2024_test--097cb426910ba8ce2525dd8bb7fb1777,clic2024_test,7,default,smooth,-4.6265975730478655,73.02681664760935,91.2328383305909
clic2024_test--097cb426910ba8ce2525dd8bb7fb1777,clic2024_test,7,default,both,-4.246368159404868,73.02681664760935,91.2328383305909
clic2024_test--097cb426910ba8ce2525dd8bb7fb1777,clic2024_test,7,weighted,default,3.7601886507609708,73.02681664760935,91.2328383305909
clic2024_test--097cb426910ba8ce2525dd8bb7fb1777,clic2024_test,7,weighted,quantize,-2.514008835037555,73.02681664760935,91.2328383305909
clic2024_test--097cb426910ba8ce2525dd8bb7fb1777,clic2024_test,7,weighted,smooth,-1.0403777191450228,73.02681664760935,91.2328383305909
clic2024_test--097cb426910ba8ce2525dd8bb7fb1777,clic2024_test,7,weighted,both,-0.6458509622433661,73.02681664760935,91.2328383305909
clic2024_test--1e2f9d41529197f10d32bfa68a1e0bcc,clic2024_test,3,default,weighted,-0.0012665553793325506,68.28398593273505,87.66574210636848
clic2024_test--1e2f9d41529197f10d32bfa68a1e0bcc,clic2024_test,3,default,quantize,0.9437232333513654,68.28398593273505,87.66574210636848
clic2024_test--1e2f9d41529197f10d32bfa68a1e0bcc,clic2024_test,3,default,smooth,0.001328145767715225,68.28398593273505,87.66574210636848
clic2024_test--1e2f9d41529197f10d32bfa68a1e0bcc,clic2024_test,3,default,both,0.9414692297607139,68.28398593273505,87.66574210636848
clic2024_test--1e2f9d41529197f10d32bfa68a1e0bcc,clic2024_test,3,weighted,default,0.0012665714211610181,68.28398593273505,87.66574210636848
clic2024_test--1e2f9d41529197f10d32bfa68a1e0bcc,clic2024_test,3,weighted,quantize,0.9450017577012948,68.28398593273505,87.66574210636848
clic2024_test--1e2f9d41529197f10d32bfa68a1e0bcc,clic2024_test,3,weighted,smooth,0.002594734010790969,68.28398593273505,87.66574210636848
clic2024_test--1e2f9d41529197f10d32bfa68a1e0bcc,clic2024_test,3,weighted,both,0.9427477255620782,68.28398593273505,87.66574210636848
clic2024_test--1e2f9d41529197f10d32bfa68a1e0bcc,clic2024_test,4,default,weighted,-0.0021421567555769787,66.95740321622321,87.98124846000424
clic2024_test--1e2f9d41529197f10d32bfa68a1e0bcc,clic2024_test,4,default,quantize,1.0204715781054978,66.95740321622321,87.98124846000424
clic2024_test--1e2f9d41529197f10d32bfa68a1e0bcc,clic2024_test,4,default,smooth,0.0013894288252375064,66.95740321622321,87.98124846000424
clic2024_test--1e2f9d41529197f10d32bfa68a1e0bcc,clic2024_test,4,default,both,1.0207599714261688,66.95740321622321,87.98124846000424
clic2024_test--1e2f9d41529197f10d32bfa68a1e0bcc,clic2024_test,4,weighted,default,0.002142202644915655,66.95740321622321,87.98124846000424
clic2024_test--1e2f9d41529197f10d32bfa68a1e0bcc,clic2024_test,4,weighted,quantize,1.0226356413195503,66.95740321622321,87.98124846000424
clic2024_test--1e2f9d41529197f10d32bfa68a1e0bcc,clic2024_test,4,weighted,smooth,0.0035316612345342047,66.95740321622321,87.98124846000424
clic2024_test--1e2f9d41529197f10d32bfa68a1e0bcc,clic2024_test,4,weighted,both,1.0229240408181908,66.95740321622321,87.98124846000424
clic2024_test--1e2f9d41529197f10d32bfa68a1e0bcc,clic2024_test,7,default,weighted,-0.0038300971663209485,66.42196143703616,88.07870336241969
clic2024_test--1e2f9d41529197f10d32bfa68a1e0bcc,clic2024_test,7,default,quantize,1.0168494612194288,66.42196143703616,88.07870336241969
clic2024_test--1e2f9d41529197f10d32bfa68a1e0bcc,clic2024_test,7,default,smooth,0.010165085860551695,66.42196143703616,88.07870336241969
clic2024_test--1e2f9d41529197f10d32bfa68a1e0bcc,clic2024_test,7,default,both,1.0268349179496343,66.42196143703616,88.07870336241969
clic2024_test--1e2f9d41529197f10d32bfa68a1e0bcc,clic2024_test,7,weighted,default,0.003830243868382814,66.42196143703616,88.07870336241969
clic2024_test--1e2f9d41529197f10d32bfa68a1e0bcc,clic2024_test,7,weighted,quantize,1.0207186529019503,66.42196143703616,88.07870336241969
clic2024_test--1e2f9d41529197f10d32bfa68a1e0bcc,clic2024_test,7,weighted,smooth,0.0139957190765124,66.42196143703616,88.07870336241969
clic2024_test--1e2f9d41529197f10d32bfa68a1e0bcc,clic2024_test,7,weighted,both,1.0307044920995,66.42196143703616,88.07870336241969
clic2024_test--4a18abf66d65ad1a95ce455c8b6cd8de,clic2024_test,3,default,weighted,-0.41034421641725016,60.52162303119531,87.61131961529367
clic2024_test--4a18abf66d65ad1a95ce455c8b6cd8de,clic2024_test,3,default,quantize,0.7578074121772679,60.52162303119531,87.61131961529367
clic2024_test--4a18abf66d65ad1a95ce455c8b6cd8de,clic2024_test,3,default,smooth,-0.15751464597040074,60.52162303119531,87.61131961529367
clic2024_test--4a18abf66d65ad1a95ce455c8b6cd8de,clic2024_test,3,default,both,1.1022723736421494,60.52162303119531,87.61131961529367
clic2024_test--4a18abf66d65ad1a95ce455c8b6cd8de,clic2024_test,3,weighted,default,0.41203497811957995,60.52162303119531,87.61131961529367
clic2024_test--4a18abf66d65ad1a95ce455c8b6cd8de,clic2024_test,3,weighted,quantize,1.172964821901801,60.52162303119531,87.61131961529367
clic2024_test--4a18abf66d65ad1a95ce455c8b6cd8de,clic2024_test,3,weighted,smooth,0.25387131671212,60.52162303119531,87.61131961529367
clic2024_test--4a18abf66d65ad1a95ce455c8b6cd8de,clic2024_test,3,weighted,both,1.518849099495284,60.52162303119531,87.61131961529367
clic2024_test--4a18abf66d65ad1a95ce455c8b6cd8de,clic2024_test,4,default,weighted,-0.4002105065288524,61.455077700208186,88.37979168381824
clic2024_test--4a18abf66d65ad1a95ce455c8b6cd8de,clic2024_test,4,default,quantize,0.6885331651603177,61.455077700208186,88.37979168381824
clic2024_test--4a18abf66d65ad1a95ce455c8b6cd8de,clic2024_test,4,default,smooth,-0.14108141573141622,61.455077700208186,88.37979168381824
clic2024_test--4a18abf66d65ad1a95ce455c8b6cd8de,clic2024_test,4,default,both,0.956796587381651,61.455077700208186,88.37979168381824
clic2024_test--4a18abf66d65ad1a95ce455c8b6cd8de,clic2024_test,4,weighted,default,0.40181862689085956,61.455077700208186,88.37979168381824
clic2024_test--4a18abf66d65ad1a95ce455c8b6cd8de,clic2024_test,4,weighted,quantize,1.0931184465611126,61.455077700208186,88.37979168381824
clic2024_test--4a18abf66d65ad1a95ce455c8b6cd8de,clic2024_test,4,weighted,smooth,0.2601703197519532,61.455077700208186,88.37979168381824
clic2024_test--4a18abf66d65ad1a95ce455c8b6cd8de,clic2024_test,4,weighted,both,1.362459801182066,61.455077700208186,88.37979168381824
clic2024_test--4a18abf66d65ad1a95ce455c8b6cd8de,clic2024_test,7,default,weighted,-0.41373293616269247,62.769670390118655,88.64792854713802
clic2024_test--4a18abf66d65ad1a95ce455c8b6cd8de,clic2024_test,7,default,quantize,0.4448781284543334,62.769670390118655,88.64792854713802
clic2024_test--4a18abf66d65ad1a95ce455c8b6cd8de,clic2024_test,7,default,smooth,0.028008053073095503,62.769670390118655,88.64792854713802
clic2024_test--4a18abf66d65ad1a95ce455c8b6cd8de,clic2024_test,7,default,both,0.9873156816113069,62.769670390118655,88.64792854713802
clic2024_test--4a18abf66d65ad1a95ce455c8b6cd8de,clic2024_test,7,weighted,default,0.4154517970810968,62.769670390118655,88.64792854713802
clic2024_test--4a18abf66d65ad1a95ce455c8b6cd8de,clic2024_test,7,weighted,quantize,0.8621781797149144,62.769670390118655,88.64792854713802
clic2024_test--4a18abf66d65ad1a95ce455c8b6cd8de,clic2024_test,7,weighted,smooth,0.443576210114012,62.769670390118655,88.64792854713802
clic2024_test--4a18abf66d65ad1a95ce455c8b6cd8de,clic2024_test,7,weighted,both,1.4068692994345213,62.769670390118655,88.64792854713802
clic2024_test--8bb119b8ca17492392e1e3ea4b811b32,clic2024_test,3,default,weighted,-0.6568322155043544,76.10116915117909,90.00556960948751
clic2024_test--8bb119b8ca17492392e1e3ea4b811b32,clic2024_test,3,default,quantize,-2.5783825952674557,76.10116915117909,90.00556960948751
clic2024_test--8bb119b8ca17492392e1e3ea4b811b32,clic2024_test,3,default,smooth,-0.816435823265653,76.10116915117909,90.00556960948751
clic2024_test--8bb119b8ca17492392e1e3ea4b811b32,clic2024_test,3,default,both,-1.6424492535425395,76.10116915117909,90.00556960948751
clic2024_test--8bb119b8ca17492392e1e3ea4b811b32,clic2024_test,3,weighted,default,0.6611750260764943,76.10116915117909,90.00556960948751
clic2024_test--8bb119b8ca17492392e1e3ea4b811b32,clic2024_test,3,weighted,quantize,-1.9342551909875727,76.10116915117909,90.00556960948751
clic2024_test--8bb119b8ca17492392e1e3ea4b811b32,clic2024_test,3,weighted,smooth,-0.16065886695653323,76.10116915117909,90.00556960948751
clic2024_test--8bb119b8ca17492392e1e3ea4b811b32,clic2024_test,3,weighted,both,-0.9921336917464484,76.10116915117909,90.00556960948751
clic2024_test--8bb119b8ca17492392e1e3ea4b811b32,clic2024_test,4,default,weighted,-0.7062899834063717,74.78012349147359,89.77560847009958
clic2024_test--8bb119b8ca17492392e1e3ea4b811b32,clic2024_test,4,default,quantize,-2.1496200464273434,74.78012349147359,89.77560847009958
clic2024_test--8bb119b8ca17492392e1e3ea4b811b32,clic2024_test,4,default,smooth,-0.5599955219212973,74.78012349147359,89.77560847009958
clic2024_test--8bb119b8ca17492392e1e3ea4b811b32,clic2024_test,4,default,both,-1.3620870995056777,74.78012349147359,89.77560847009958
clic2024_test--8bb119b8ca17492392e1e3ea4b811b32,clic2024_test,4,weighted,default,0.7113139223907928,74.78012349147359,89.77560847009958
clic2024_test--8bb119b8ca17492392e1e3ea4b811b32,clic2024_test,4,weighted,quantize,-1.4535966707052916,74.78012349147359,89.77560847009958
clic2024_test--8bb119b8ca17492392e1e3ea4b811b32,clic2024_test,4,weighted,smooth,0.14733507435730442,74.78012349147359,89.77560847009958
clic2024_test--8bb119b8ca17492392e1e3ea4b811b32,clic2024_test,4,weighted,both,-0.6604618922887576,74.78012349147359,89.77560847009958
clic2024_test--8bb119b8ca17492392e1e3ea4b811b32,clic2024_test,7,default,weighted,-0.840196116050633,75.73808173416869,89.78192192931698
clic2024_test--8bb119b8ca17492392e1e3ea4b811b32,clic2024_test,7,default,quantize,-2.7298838571549155,75.73808173416869,89.78192192931698
clic2024_test--8bb119b8ca17492392e1e3ea4b811b32,clic2024_test,7,default,smooth,-1.2170069619745842,75.73808173416869,89.78192192931698
clic2024_test--8bb119b8ca17492392e1e3ea4b811b32,clic2024_test,7,default,both,-2.2633721351376255,75.73808173416869,89.78192192931698
clic2024_test--8bb119b8ca17492392e1e3ea4b811b32,clic2024_test,7,weighted,default,0.8473152256673963,75.73808173416869,89.78192192931698
clic2024_test--8bb119b8ca17492392e1e3ea4b811b32,clic2024_test,7,weighted,quantize,-1.9056993530522297,75.73808173416869,89.78192192931698
clic2024_test--8bb119b8ca17492392e1e3ea4b811b32,clic2024_test,7,weighted,smooth,-0.3800036215934309,75.73808173416869,89.78192192931698
clic2024_test--8bb119b8ca17492392e1e3ea4b811b32,clic2024_test,7,weighted,both,-1.435234806184764,75.73808173416869,89.78192192931698
clic2024_test--b51d5fb537246482ef7a7ab63f093cab,clic2024_test,3,default,weighted,-3.8576455088847856,83.35289845361268,92.86704436584023
clic2024_test--b51d5fb537246482ef7a7ab63f093cab,clic2024_test,3,default,quantize,-8.527827796511724,83.35289845361268,92.86704436584023
clic2024_test--b51d5fb537246482ef7a7ab63f093cab,clic2024_test,3,default,smooth,-3.6948099661916265,83.35289845361268,92.86704436584023
clic2024_test--b51d5fb537246482ef7a7ab63f093cab,clic2024_test,3,default,both,-5.795159754577292,83.35289845361268,92.86704436584023
clic2024_test--b51d5fb537246482ef7a7ab63f093cab,clic2024_test,3,weighted,default,4.0124308680637535,83.35289845361268,92.86704436584023
clic2024_test--b51d5fb537246482ef7a7ab63f093cab,clic2024_test,3,weighted,quantize,-4.857570123330528,83.35289845361268,92.86704436584023
clic2024_test--b51d5fb537246482ef7a7ab63f093cab,clic2024_test,3,weighted,smooth,0.16936920627235785,83.35289845361268,92.86704436584023
clic2024_test--b51d5fb537246482ef7a7ab63f093cab,clic2024_test,3,weighted,both,-2.0152556653598057,83.35289845361268,92.86704436584023
clic2024_test--b51d5fb537246482ef7a7ab63f093cab,clic2024_test,4,default,weighted,-4.016055912953728,82.16601446095932,92.66139461295677
clic2024_test--b51d5fb537246482ef7a7ab63f093cab,clic2024_test,4,default,quantize,-7.551663943932492,82.16601446095932,92.66139461295677
clic2024_test--b51d5fb537246482ef7a7ab63f093cab,clic2024_test,4,default,smooth,-4.099325502427864,82.16601446095932,92.66139461295677
clic2024_test--b51d5fb537246482ef7a7ab63f093cab,clic2024_test,4,default,both,-5.212167837495977,82.16601446095932,92.66139461295677
clic2024_test--b51d5fb537246482ef7a7ab63f093cab,clic2024_test,4,weighted,default,4.184091361479824,82.16601446095932,92.66139461295677
clic2024_test--b51d5fb537246482ef7a7ab63f093cab,clic2024_test,4,weighted,quantize,-3.6835411011787333,82.16601446095932,92.66139461295677
clic2024_test--b51d5fb537246482ef7a7ab63f093cab,clic2024_test,4,weighted,smooth,-0.08675366517406247,82.16601446095932,92.66139461295677
clic2024_test--b51d5fb537246482ef7a7ab63f093cab,clic2024_test,4,weighted,both,-1.2461583402506506,82.16601446095932,92.66139461295677
clic2024_test--b51d5fb537246482ef7a7ab63f093cab,clic2024_test,7,default,weighted,-4.6061140777548495,83.40701867994669,92.6272065987691
clic2024_test--b51d5fb537246482ef7a7ab63f093cab,clic2024_test,7,default,quantize,-10.509150947857888,83.40701867994669,92.6272065987691
clic2024_test--b51d5fb537246482ef7a7ab63f093cab,clic2024_test,7,default,smooth,-4.51773983778906,83.40701867994669,92.6272065987691
clic2024_test--b51d5fb537246482ef7a7ab63f093cab,clic2024_test,7,default,both,-6.988071579942094,83.40701867994669,92.6272065987691
clic2024_test--b51d5fb537246482ef7a7ab63f093cab,clic2024_test,7,weighted,default,4.828521275995885,83.40701867994669,92.6272065987691
clic2024_test--b51d5fb537246482ef7a7ab63f093cab,clic2024_test,7,weighted,quantize,-6.188066261305844,83.40701867994669,92.6272065987691
clic2024_test--b51d5fb537246482ef7a7ab63f093cab,clic2024_test,7,weighted,smooth,0.09264140894503797,83.40701867994669,92.6272065987691
clic2024_test--b51d5fb537246482ef7a7ab63f093cab,clic2024_test,7,weighted,both,-2.4969708269655357,83.40701867994669,92.6272065987691
clic2024_test--ef576c4ed599d75d72145a8f34b58ccb,clic2024_test,3,default,weighted,-1.3356393610653317,70.56390467652173,89.58803778108006
clic2024_test--ef576c4ed599d75d72145a8f34b58ccb,clic2024_test,3,default,quantize,-0.18759542288327735,70.56390467652173,89.58803778108006
clic2024_test--ef576c4ed599d75d72145a8f34b58ccb,clic2024_test,3,default,smooth,-1.1736499629349368,70.56390467652173,89.58803778108006
clic2024_test--ef576c4ed599d75d72145a8f34b58ccb,clic2024_test,3,default,both,0.24527154636083043,70.56390467652173,89.58803778108006
clic2024_test--ef576c4ed599d75d72145a8f34b58ccb,clic2024_test,3,weighted,default,1.3537201806365988,70.56390467652173,89.58803778108006
clic2024_test--ef576c4ed599d75d72145a8f34b58ccb,clic2024_test,3,weighted,quantize,1.1635852406558,70.56390467652173,89.58803778108006
clic2024_test--ef576c4ed599d75d72145a8f34b58ccb,clic2024_test,3,weighted,smooth,0.16418228130337786,70.56390467652173,89.58803778108006
clic2024_test--ef576c4ed599d75d72145a8f34b58ccb,clic2024_test,3,weighted,both,1.6023120174178753,70.56390467652173,89.58803778108006
clic2024_test--ef576c4ed599d75d72145a8f34b58ccb,clic2024_test,4,default,weighted,-1.384346460350289,69.5249386422592,89.99420129202866
clic2024_test--ef576c4ed599d75d72145a8f34b58ccb,clic2024_test,4,default,quantize,-0.1431339010788914,69.5249386422592,89.99420129202866
clic2024_test--ef576c4ed599d75d72145a8f34b58ccb,clic2024_test,4,default,smooth,-1.2035001383728536,69.5249386422592,89.99420129202866
clic2024_test--ef576c4ed599d75d72145a8f34b58ccb,clic2024_test,4,default,both,0.3678345403390645,69.5249386422592,89.99420129202866
clic2024_test--ef576c4ed599d75d72145a8f34b58ccb,clic2024_test,4,weighted,default,1.403779634025033,69.5249386422592,89.99420129202866
clic2024_test--ef576c4ed599d75d72145a8f34b58ccb,clic2024_test,4,weighted,quantize,1.2586364483934105,69.5249386422592,89.99420129202866
clic2024_test--ef576c4ed599d75d72145a8f34b58ccb,clic2024_test,4,weighted,smooth,0.18338500581423817,69.5249386422592,89.99420129202866
clic2024_test--ef576c4ed599d75d72145a8f34b58ccb,clic2024_test,4,weighted,both,1.7767777607282869,69.5249386422592,89.99420129202866
clic2024_test--ef576c4ed599d75d72145a8f34b58ccb,clic2024_test,7,default,weighted,-1.4249270535371388,72.44711818161935,90.25431578379141
clic2024_test--ef576c4ed599d75d72145a8f34b58ccb,clic2024_test,7,default,quantize,-0.7021463093937955,72.44711818161935,90.25431578379141
clic2024_test--ef576c4ed599d75d72145a8f34b58ccb,clic2024_test,7,default,smooth,-1.2931005994054028,72.44711818161935,90.25431578379141
clic2024_test--ef576c4ed599d75d72145a8f34b58ccb,clic2024_test,7,default,both,-0.1712972700163752,72.44711818161935,90.25431578379141
clic2024_test--ef576c4ed599d75d72145a8f34b58ccb,clic2024_test,7,weighted,default,1.4455247264296027,72.44711818161935,90.25431578379141
clic2024_test--ef576c4ed599d75d72145a8f34b58ccb,clic2024_test,7,weighted,quantize,0.7332287185178071,72.44711818161935,90.25431578379141
clic2024_test--ef576c4ed599d75d72145a8f34b58ccb,clic2024_test,7,weighted,smooth,0.13373203812218562,72.44711818161935,90.25431578379141
clic2024_test--ef576c4ed599d75d72145a8f34b58ccb,clic2024_test,7,weighted,both,1.271751312019442,72.44711818161935,90.25431578379141
kodak--01,kodak,3,default,weighted,0.43081079413957063,73.54324340836959,91.16213116242776
kodak--01,kodak,3,default,quantize,0.5097948842835986,73.54324340836959,91.16213116242776
kodak--01,kodak,3,default,smooth,0.43355752140766624,73.54324340836959,91.16213116242776
kodak--01,kodak,3,default,both,0.5570121740210507,73.54324340836959,91.16213116242776
kodak--01,kodak,3,weighted,default,-0.4289627761968738,73.54324340836959,91.16213116242776
kodak--01,kodak,3,weighted,quantize,0.07864527779819236,73.54324340836959,91.16213116242776
kodak--01,kodak,3,weighted,smooth,0.0027349448305517238,73.54324340836959,91.16213116242776
kodak--01,kodak,3,weighted,both,0.12566002293874168,73.54324340836959,91.16213116242776
kodak--01,kodak,4,default,weighted,0.44270018597006566,72.84868048854013,91.19440543867465
kodak--01,kodak,4,default,quantize,0.29803757526178676,72.84868048854013,91.19440543867465
kodak--01,kodak,4,default,smooth,0.3511901771475291,72.84868048854013,91.19440543867465
kodak--01,kodak,4,default,both,0.5635972170871759,72.84868048854013,91.19440543867465
kodak--01,kodak,4,weighted,default,-0.44074898937444384,72.84868048854013,91.19440543867465
kodak--01,kodak,4,weighted,quantize,-0.14402501171357956,72.84868048854013,91.19440543867465
kodak--01,kodak,4,weighted,smooth,-0.09110667938347479,72.84868048854013,91.19440543867465
kodak--01,kodak,4,weighted,both,0.12036417867427777,72.84868048854013,91.19440543867465
kodak--01,kodak,7,default,weighted,0.4435256455811042,73.02287788942016,91.15423231883017
kodak--01,kodak,7,default,quantize,0.36115264296348093,73.02287788942016,91.15423231883017
kodak--01,kodak,7,default,smooth,0.4677045007723094,73.02287788942016,91.15423231883017
kodak--01,kodak,7,default,both,0.448110357001244,73.02287788942016,91.15423231883017
kodak--01,kodak,7,weighted,default,-0.44156718188696575,73.02287788942016,91.15423231883017
kodak--01,kodak,7,weighted,quantize,-0.08200927047132901,73.02287788942016,91.15423231883017
kodak--01,kodak,7,weighted,smooth,0.02407208930172478,73.02287788942016,91.15423231883017
kodak--01,kodak,7,weighted,both,0.004564466839124183,73.02287788942016,91.15423231883017
kodak--06,kodak,3,default,weighted,-0.300060858321618,72.80993406424346,90.67779497769395
kodak--06,kodak,3,default,quantize,-0.1699947867001977,72.80993406424346,90.67779497769395
kodak--06,kodak,3,default,smooth,-0.30092000597854585,72.80993406424346,90.67779497769395
kodak--06,kodak,3,default,both,0.054366117172233774,72.80993406424346,90.67779497769395
kodak--06,kodak,3,weighted,default,0.3009639332830657,72.80993406424346,90.67779497769395
kodak--06,kodak,3,weighted,quantize,0.13045752358643892,72.80993406424346,90.67779497769395
kodak--06,kodak,3,weighted,smooth,-0.0008617333815088359,72.80993406424346,90.67779497769395
kodak--06,kodak,3,weighted,both,0.3554936728599143,72.80993406424346,90.67779497769395
kodak--06,kodak,4,default,weighted,-0.31366683740932116,71.65314689753073,90.59593509830268
kodak--06,kodak,4,default,quantize,-0.06333628083057248,71.65314689753073,90.59593509830268
kodak--06,kodak,4,default,smooth,-0.3094055747586482,71.65314689753073,90.59593509830268
kodak--06,kodak,4,default,both,-0.10648637778420146,71.65314689753073,90.59593509830268
kodak--06,kodak,4,weighted,default,0.314653802038965,71.65314689753073,90.59593509830268
kodak--06,kodak,4,weighted,quantize,0.25111823119268906,71.65314689753073,90.59593509830268
kodak--06,kodak,4,weighted,smooth,0.004274670875618107,71.65314689753073,90.59593509830268
kodak--06,kodak,4,weighted,both,0.20783236081841194,71.65314689753073,90.59593509830268
kodak--06,kodak,7,default,weighted,-0.29945214100519546,72.7720247695695,90.7543495515154
kodak--06,kodak,7,default,quantize,-0.899174143941304,72.7720247695695,90.7543495515154
kodak--06,kodak,7,default,smooth,-0.7713355316898424,72.7720247695695,90.7543495515154
kodak--06,kodak,7,default,both,-0.5191129954664039,72.7720247695695,90.7543495515154
kodak--06,kodak,7,weighted,default,0.30035155015266995,72.7720247695695,90.7543495515154
kodak--06,kodak,7,weighted,quantize,-0.6015232772685337,72.7720247695695,90.7543495515154
kodak--06,kodak,7,weighted,smooth,-0.4733006997634813,72.7720247695695,90.7543495515154
kodak--06,kodak,7,weighted,both,-0.2203206092426612,72.7720247695695,90.7543495515154
kodak--10,kodak,3,default,weighted,-0.46831309601725213,79.13024644862244,92.08706648944937
kodak--10,kodak,3,default,quantize,-0.48148784956068313,79.13024644862244,92.08706648944937
kodak--10,kodak,3,default,smooth,-0.272083825990315,79.13024644862244,92.08706648944937
kodak--10,kodak,3,default,both,0.13986571306552506,79.13024644862244,92.08706648944937
kodak--10,kodak,3,weighted,default,0.4705165868122272,79.13024644862244,92.08706648944937
kodak--10,kodak,3,weighted,quantize,-0.013236742944124514,79.13024644862244,92.08706648944937
kodak--10,kodak,3,weighted,smooth,0.19715256129059439,79.13024644862244,92.08706648944937
kodak--10,kodak,3,weighted,both,0.6110403912569886,79.13024644862244,92.08706648944937
kodak--10,kodak,4,default,weighted,-0.4950846675243957,78.08699200933613,91.93706597625078
kodak--10,kodak,4,default,quantize,-0.8122018147880833,78.08699200933613,91.93706597625078
kodak--10,kodak,4,default,smooth,-0.049628752159257813,78.08699200933613,91.93706597625078
kodak--10,kodak,4,default,both,0.30234487617291456,78.08699200933613,91.93706597625078
kodak--10,kodak,4,weighted,default,0.49754795114409195,78.08699200933613,91.93706597625078
kodak--10,kodak,4,weighted,quantize,-0.3186949571326246,78.08699200933613,91.93706597625078
kodak--10,kodak,4,weighted,smooth,0.4476722721452874,78.08699200933613,91.93706597625078
kodak--10,kodak,4,weighted,both,0.8013971380537938,78.08699200933613,91.93706597625078
kodak--10,kodak,7,default,weighted,-0.5484617054895136,78.7196427833139,91.96776684433357
kodak--10,kodak,7,default,quantize,-1.014458411045469,78.7196427833139,91.96776684433357
kodak--10,kodak,7,default,smooth,-0.17355806462684265,78.7196427833139,91.96776684433357
kodak--10,kodak,7,default,both,-0.4219896798025915,78.7196427833139,91.96776684433357
kodak--10,kodak,7,weighted,default,0.5514863971890794,78.7196427833139,91.96776684433357
kodak--10,kodak,7,weighted,quantize,-0.46856661399844607,78.7196427833139,91.96776684433357
kodak--10,kodak,7,weighted,smooth,0.37697118344459507,78.7196427833139,91.96776684433357
kodak--10,kodak,7,weighted,both,0.1271695017048348,78.7196427833139,91.96776684433357
kodak--15,kodak,3,default,weighted,-1.3851864714051845,74.44745069486936,90.57258909028187
kodak--15,kodak,3,default,quantize,-1.371778088486925,74.44745069486936,90.57258909028187
kodak--15,kodak,3,default,smooth,-1.1866025173089163,74.44745069486936,90.57258909028187
kodak--15,kodak,3,default,both,-0.9226232226657787,74.44745069486936,90.57258909028187
kodak--15,kodak,3,weighted,default,1.4046434017781002,74.44745069486936,90.57258909028187
kodak--15,kodak,3,weighted,quantize,0.013596722884205594,74.44745069486936,90.57258909028187
kodak--15,kodak,3,weighted,smooth,0.20137335050447125,74.44745069486936,90.57258909028187
kodak--15,kodak,3,weighted,both,0.4690606128918742,74.44745069486936,90.57258909028187
kodak--15,kodak,4,default,weighted,-1.4139011998000228,73.80812470497523,90.77146972953322
kodak--15,kodak,4,default,quantize,-1.6330992206729396,73.80812470497523,90.77146972953322
kodak--15,kodak,4,default,smooth,-1.5199685336552002,73.80812470497523,90.77146972953322
kodak--15,kodak,4,default,both,-0.746506313864406,73.80812470497523,90.77146972953322
kodak--15,kodak,4,weighted,default,1.4341790749479932,73.80812470497523,90.77146972953322
kodak--15,kodak,4,weighted,quantize,-0.22234171302097616,73.80812470497523,90.77146972953322
kodak--15,kodak,4,weighted,smooth,-0.10758852936268379,73.80812470497523,90.77146972953322
kodak--15,kodak,4,weighted,both,0.6769665237369784,73.80812470497523,90.77146972953322
kodak--15,kodak,7,default,weighted,-1.521327179762627,74.86025353500698,90.59784675548079
kodak--15,kodak,7,default,quantize,-1.8028015188419348,74.86025353500698,90.59784675548079
kodak--15,kodak,7,default,smooth,-1.4794032833578188,74.86025353500698,90.59784675548079
kodak--15,kodak,7,default,both,-1.0207136406083461,74.86025353500698,90.59784675548079
kodak--15,kodak,7,weighted,default,1.5448290845060964,74.86025353500698,90.59784675548079
kodak--15,kodak,7,weighted,quantize,-0.2858226365348263,74.86025353500698,90.59784675548079
kodak--15,kodak,7,weighted,smooth,0.04257154894982787,74.86025353500698,90.59784675548079
kodak--15,kodak,7,weighted,both,0.5083471627081118,74.86025353500698,90.59784675548079
kodak--19,kodak,3,default,weighted,-0.3085552709231884,72.06364237025137,90.80558650385746
kodak--19,kodak,3,default,quantize,0.6850227173995673,72.06364237025137,90.80558650385746
kodak--19,kodak,3,default,smooth,-0.21407851608081377,72.06364237025137,90.80558650385746
kodak--19,kodak,3,default,both,0.9171110858547087,72.06364237025137,90.80558650385746
kodak--19,kodak,3,weighted,default,0.30951028120991075,72.06364237025137,90.80558650385746
kodak--19,kodak,3,weighted,quantize,0.9966532143484533,72.06364237025137,90.80558650385746
kodak--19,kodak,3,weighted,smooth,0.09476917011196527,72.06364237025137,90.80558650385746
kodak--19,kodak,3,weighted,both,1.2294599201654555,72.06364237025137,90.80558650385746
kodak--19,kodak,4,default,weighted,-0.3142334955520987,70.94599358169222,90.86057171380958
kodak--19,kodak,4,default,quantize,0.573758159528212,70.94599358169222,90.86057171380958
kodak--19,kodak,4,default,smooth,-0.09617901542467784,70.94599358169222,90.86057171380958
kodak--19,kodak,4,default,both,0.9289771679151354,70.94599358169222,90.86057171380958
kodak--19,kodak,4,weighted,default,0.3152240350562764,70.94599358169222,90.86057171380958
kodak--19,kodak,4,weighted,quantize,0.8907908182064179,70.94599358169222,90.86057171380958
kodak--19,kodak,4,weighted,smooth,0.2187418402582995,70.94599358169222,90.86057171380958
kodak--19,kodak,4,weighted,both,1.2471295622848653,70.94599358169222,90.86057171380958
kodak--19,kodak,7,default,weighted,-0.3527922332946509,72.37087156683313,90.85753153121439
kodak--19,kodak,7,default,quantize,-0.19685936116089903,72.37087156683313,90.85753153121439
kodak--19,kodak,7,default,smooth,-0.10068187886548405,72.37087156683313,90.85753153121439
kodak--19,kodak,7,default,both,-0.2433930023044525,72.37087156683313,90.85753153121439
kodak--19,kodak,7,weighted,default,0.35404126337449443,72.37087156683313,90.85753153121439
kodak--19,kodak,7,weighted,quantize,0.15648493884427042,72.37087156683313,90.85753153121439
kodak--19,kodak,7,weighted,smooth,0.25300292911308586,72.37087156683313,90.85753153121439
kodak--19,kodak,7,weighted,both,0.10978654940971817,72.37087156683313,90.85753153121439
kodak--24,kodak,3,default,weighted,-0.2480701783731037,76.40893010096013,91.03931064975372
kodak--24,kodak,3,default,quantize,0.8577771473266071,76.40893010096013,91.03931064975372
kodak--24,kodak,3,default,smooth,-0.13622198650958386,76.40893010096013,91.03931064975372
kodak--24,kodak,3,default,both,0.86368842755053,76.40893010096013,91.03931064975372
kodak--24,kodak,3,weighted,default,0.24868709689796936,76.40893010096013,91.03931064975372
kodak--24,kodak,3,weighted,quantize,1.1085974253101172,76.40893010096013,91.03931064975372
kodak--24,kodak,3,weighted,smooth,0.11212634388479804,76.40893010096013,91.03931064975372
kodak--24,kodak,3,weighted,both,1.1145234061252187,76.40893010096013,91.03931064975372
kodak--24,kodak,4,default,weighted,-0.2588384011811189,74.97287254925553,90.67254035487939
kodak--24,kodak,4,default,quantize,0.6237744714938465,74.97287254925553,90.67254035487939
kodak--24,kodak,4,default,smooth,-0.025670340797151133,74.97287254925553,90.67254035487939
kodak--24,kodak,4,default,both,0.9929770117096143,74.97287254925553,90.67254035487939
kodak--24,kodak,4,weighted,default,0.2595101130085335,74.97287254925553,90.67254035487939
kodak--24,kodak,4,weighted,quantize,0.8849033423382721,74.97287254925553,90.67254035487939
kodak--24,kodak,4,weighted,smooth,0.23377315508097,74.97287254925553,90.67254035487939
kodak--24,kodak,4,weighted,both,1.2550640004833842,74.97287254925553,90.67254035487939
kodak--24,kodak,7,default,weighted,-0.2570948498342897,75.6596528812224,90.84866829365183
kodak--24,kodak,7,default,quantize,0.6757777259668041,75.6596528812224,90.84866829365183
kodak--24,kodak,7,default,smooth,-0.29723917914213627,75.6596528812224,90.84866829365183
kodak--24,kodak,7,default,both,0.46449953417391804,75.6596528812224,90.84866829365183
kodak--24,kodak,7,weighted,default,0.2577575311719929,75.6596528812224,90.84866829365183
kodak--24,kodak,7,weighted,quantize,0.9352771251214593,75.6596528812224,90.84866829365183
kodak--24,kodak,7,weighted,smooth,-0.04024780433997597,75.6596528812224,90.84866829365183
kodak--24,kodak,7,weighted,both,0.7234543478775031,75.6596528812224,90.84866829365183
imazen26-1029-planter-4k,photo_4k,3,default,weighted,-0.6947666763963088,73.46037961349657,89.19539362878379
imazen26-1029-planter-4k,photo_4k,3,default,quantize,-0.43651837760837275,73.46037961349657,89.19539362878379
imazen26-1029-planter-4k,photo_4k,3,default,smooth,-0.4625346454593977,73.46037961349657,89.19539362878379
imazen26-1029-planter-4k,photo_4k,3,default,both,-0.1303116785039512,73.46037961349657,89.19539362878379
imazen26-1029-planter-4k,photo_4k,3,weighted,default,0.6996274548112571,73.46037961349657,89.19539362878379
imazen26-1029-planter-4k,photo_4k,3,weighted,quantize,0.2600550747878395,73.46037961349657,89.19539362878379
imazen26-1029-planter-4k,photo_4k,3,weighted,smooth,0.2338567899842115,73.46037961349657,89.19539362878379
imazen26-1029-planter-4k,photo_4k,3,weighted,both,0.568404080027667,73.46037961349657,89.19539362878379
imazen26-1029-planter-4k,photo_4k,4,default,weighted,-0.7246607725236048,71.92845170883349,88.7798024699674
imazen26-1029-planter-4k,photo_4k,4,default,quantize,-0.17970453340809597,71.92845170883349,88.7798024699674
imazen26-1029-planter-4k,photo_4k,4,default,smooth,-0.49255157893699686,71.92845170883349,88.7798024699674
imazen26-1029-planter-4k,photo_4k,4,default,both,0.059805180343440296,71.92845170883349,88.7798024699674
imazen26-1029-planter-4k,photo_4k,4,weighted,default,0.7299504369994041,71.92845170883349,88.7798024699674
imazen26-1029-planter-4k,photo_4k,4,weighted,quantize,0.5489341495643879,71.92845170883349,88.7798024699674
imazen26-1029-planter-4k,photo_4k,4,weighted,smooth,0.2338034756595091,71.92845170883349,88.7798024699674
imazen26-1029-planter-4k,photo_4k,4,weighted,both,0.7901921655181097,71.92845170883349,88.7798024699674
imazen26-1029-planter-4k,photo_4k,7,default,weighted,-0.7268063841440636,73.16838787257612,88.92428575489424
imazen26-1029-planter-4k,photo_4k,7,default,quantize,-0.5754182824623162,73.16838787257612,88.92428575489424
imazen26-1029-planter-4k,photo_4k,7,default,smooth,-0.6242951208243596,73.16838787257612,88.92428575489424
imazen26-1029-planter-4k,photo_4k,7,default,both,-0.08461859544546,73.16838787257612,88.92428575489424
imazen26-1029-planter-4k,photo_4k,7,weighted,default,0.7321275337997971,73.16838787257612,88.92428575489424
imazen26-1029-planter-4k,photo_4k,7,weighted,quantize,0.15249645565705652,73.16838787257612,88.92428575489424
imazen26-1029-planter-4k,photo_4k,7,weighted,smooth,0.10326177650371376,73.16838787257612,88.92428575489424
imazen26-1029-planter-4k,photo_4k,7,weighted,both,0.6468894223183663,73.16838787257612,88.92428575489424
imazen26-1207-bedroom-noise-4k,photo_4k,3,default,weighted,-1.4336625224322341,75.33076601362022,90.14002045112257
imazen26-1207-bedroom-noise-4k,photo_4k,3,default,quantize,-2.9617107693575138,75.33076601362022,90.14002045112257
imazen26-1207-bedroom-noise-4k,photo_4k,3,default,smooth,-1.1118946278077793,75.33076601362022,90.14002045112257
imazen26-1207-bedroom-noise-4k,photo_4k,3,default,both,-1.4570962707278847,75.33076601362022,90.14002045112257
imazen26-1207-bedroom-noise-4k,photo_4k,3,weighted,default,1.4545153640902144,75.33076601362022,90.14002045112257
imazen26-1207-bedroom-noise-4k,photo_4k,3,weighted,quantize,-1.550273943447519,75.33076601362022,90.14002045112257
imazen26-1207-bedroom-noise-4k,photo_4k,3,weighted,smooth,0.32644805808847716,75.33076601362022,90.14002045112257
imazen26-1207-bedroom-noise-4k,photo_4k,3,weighted,both,-0.02377459576499304,75.33076601362022,90.14002045112257
imazen26-1207-bedroom-noise-4k,photo_4k,4,default,weighted,-1.4808442185888677,73.9572211430572,90.01427808703569
imazen26-1207-bedroom-noise-4k,photo_4k,4,default,quantize,-3.4234322672305586,73.9572211430572,90.01427808703569
imazen26-1207-bedroom-noise-4k,photo_4k,4,default,smooth,-1.792473558057924,73.9572211430572,90.01427808703569
imazen26-1207-bedroom-noise-4k,photo_4k,4,default,both,-2.047291874950521,73.9572211430572,90.01427808703569
imazen26-1207-bedroom-noise-4k,photo_4k,4,weighted,default,1.5031028299455622,73.9572211430572,90.01427808703569
imazen26-1207-bedroom-noise-4k,photo_4k,4,weighted,quantize,-1.9717871445750084,73.9572211430572,90.01427808703569
imazen26-1207-bedroom-noise-4k,photo_4k,4,weighted,smooth,-0.3163134488895567,73.9572211430572,90.01427808703569
imazen26-1207-bedroom-noise-4k,photo_4k,4,weighted,both,-0.5749619471145854,73.9572211430572,90.01427808703569
imazen26-1207-bedroom-noise-4k,photo_4k,7,default,weighted,-1.602493233855094,75.20945968185583,90.01441037989714
imazen26-1207-bedroom-noise-4k,photo_4k,7,default,quantize,-4.2399830030589785,75.20945968185583,90.01441037989714
imazen26-1207-bedroom-noise-4k,photo_4k,7,default,smooth,-1.0641586002143164,75.20945968185583,90.01441037989714
imazen26-1207-bedroom-noise-4k,photo_4k,7,default,both,-2.0494739613608113,75.20945968185583,90.01441037989714
imazen26-1207-bedroom-noise-4k,photo_4k,7,weighted,default,1.6285912992324465,75.20945968185583,90.01441037989714
imazen26-1207-bedroom-noise-4k,photo_4k,7,weighted,quantize,-2.680443698103285,75.20945968185583,90.01441037989714
imazen26-1207-bedroom-noise-4k,photo_4k,7,weighted,smooth,0.547101904645006,75.20945968185583,90.01441037989714
imazen26-1207-bedroom-noise-4k,photo_4k,7,weighted,both,-0.45426021674312134,75.20945968185583,90.01441037989714
edge,compact,3,default,weighted,5.731339852813872,95.54195207541088,95.73078423649041
edge,compact,3,default,quantize,7.17089260007004,95.54195207541088,95.73078423649041
edge,compact,3,default,smooth,15.032295793760914,95.54195207541088,95.73078423649041
edge,compact,3,default,both,11.599685475816415,95.54195207541088,95.73078423649041
edge,compact,3,weighted,default,-5.420663221323343,95.54195207541088,95.73078423649041
edge,compact,3,weighted,quantize,1.3615194409341023,95.54195207541088,95.73078423649041
edge,compact,3,weighted,smooth,8.796782443024638,95.54195207541088,95.73078423649041
edge,compact,3,weighted,both,5.550242370116306,95.54195207541088,95.73078423649041
edge,compact,4,default,weighted,8.911340486502532,94.92057521991846,95.82639143427697
edge,compact,4,default,quantize,10.59450529488506,94.92057521991846,95.82639143427697
edge,compact,4,default,smooth,8.831429631784452,94.92057521991846,95.82639143427697
edge,compact,4,default,both,11.03142955674003,94.92057521991846,95.82639143427697
edge,compact,4,weighted,default,-8.182197048255889,94.92057521991846,95.82639143427697
edge,compact,4,weighted,quantize,1.5454449471137741,94.92057521991846,95.82639143427697
edge,compact,4,weighted,smooth,-0.07337239112209956,94.92057521991846,95.82639143427697
edge,compact,4,weighted,both,1.9466192049121305,94.92057521991846,95.82639143427697
edge,compact,7,default,weighted,7.040666843699822,95.67065935703786,96.31331515417287
edge,compact,7,default,quantize,6.377670521766465,95.67065935703786,96.31331515417287
edge,compact,7,default,smooth,0.7676312091452201,95.67065935703786,96.31331515417287
edge,compact,7,default,both,9.408584270191772,95.67065935703786,96.31331515417287
edge,compact,7,weighted,default,-6.577562576268854,95.67065935703786,96.31331515417287
edge,compact,7,weighted,quantize,-0.6193873239798291,95.67065935703786,96.31331515417287
edge,compact,7,weighted,smooth,-5.860422790260129,95.67065935703786,96.31331515417287
edge,compact,7,weighted,both,2.212166176010067,95.67065935703786,96.31331515417287
gradient,compact,3,default,weighted,1.7323329981624114,89.41857420176855,95.20182867559058
gradient,compact,3,default,quantize,5.129063255440143,89.41857420176855,95.20182867559058
gradient,compact,3,default,smooth,1.3040881510826277,89.41857420176855,95.20182867559058
gradient,compact,3,default,both,4.8539237856750805,89.41857420176855,95.20182867559058
gradient,compact,3,weighted,default,-1.7028342387406987,89.41857420176855,95.20182867559058
gradient,compact,3,weighted,quantize,3.3388895714591413,89.41857420176855,95.20182867559058
gradient,compact,3,weighted,smooth,-0.4209525471980667,89.41857420176855,95.20182867559058
gradient,compact,3,weighted,both,3.0684352707895273,89.41857420176855,95.20182867559058
gradient,compact,4,default,weighted,1.8355970550112233,88.5278596348364,94.77846429838004
gradient,compact,4,default,quantize,6.903422015658821,88.5278596348364,94.77846429838004
gradient,compact,4,default,smooth,0.9412741392515646,88.5278596348364,94.77846429838004
gradient,compact,4,default,both,4.825788390725048,88.5278596348364,94.77846429838004
gradient,compact,4,weighted,default,-1.802510230307424,88.5278596348364,94.77846429838004
gradient,compact,4,weighted,quantize,4.976476897277852,88.5278596348364,94.77846429838004
gradient,compact,4,weighted,smooth,-0.8782026537111073,88.5278596348364,94.77846429838004
gradient,compact,4,weighted,both,2.9362928309818166,88.5278596348364,94.77846429838004
gradient,compact,7,default,weighted,5.150916668007953,93.30809958629554,95.23873514841311
gradient,compact,7,default,quantize,21.459284244844284,93.30809958629554,95.23873514841311
gradient,compact,7,default,smooth,8.887616976070596,93.30809958629554,95.23873514841311
gradient,compact,7,default,both,38.02433433256513,93.30809958629554,95.23873514841311
gradient,compact,7,weighted,default,-4.898594164681318,93.30809958629554,95.23873514841311
gradient,compact,7,weighted,quantize,15.509486834362649,93.30809958629554,95.23873514841311
gradient,compact,7,weighted,smooth,3.5536545248202565,93.30809958629554,95.23873514841311
gradient,compact,7,weighted,both,31.263082345109865,93.30809958629554,95.23873514841311
saturated,compact,3,default,weighted,-0.1072121057710074,62.06133263768355,81.62480240874856
saturated,compact,3,default,quantize,1.0953837800143054,62.06133263768355,81.62480240874856
saturated,compact,3,default,smooth,-0.12203881141981444,62.06133263768355,81.62480240874856
saturated,compact,3,default,both,1.0805616908214621,62.06133263768355,81.62480240874856
saturated,compact,3,weighted,default,0.10732717349377459,62.06133263768355,81.62480240874856
saturated,compact,3,weighted,quantize,1.2038865979580786,62.06133263768355,81.62480240874856
saturated,compact,3,weighted,smooth,-0.014842618732902152,62.06133263768355,81.62480240874856
saturated,compact,3,weighted,both,1.189048600635852,62.06133263768355,81.62480240874856
saturated,compact,4,default,weighted,-0.15799751217477123,60.49590549447681,80.93232666987959
saturated,compact,4,default,quantize,2.3398652251240994,60.49590549447681,80.93232666987959
saturated,compact,4,default,smooth,-0.17403789595377558,60.49590549447681,80.93232666987959
saturated,compact,4,default,both,2.323883847988768,60.49590549447681,80.93232666987959
saturated,compact,4,weighted,default,0.15824753935002206,60.49590549447681,80.93232666987959
saturated,compact,4,weighted,quantize,2.5018155436169867,60.49590549447681,80.93232666987959
saturated,compact,4,weighted,smooth,-0.0160657672916369,60.49590549447681,80.93232666987959
saturated,compact,4,weighted,both,2.4858088763455846,60.49590549447681,80.93232666987959
saturated,compact,7,default,weighted,-0.10430922649735722,62.16403723856504,83.83336596433894
saturated,compact,7,default,quantize,2.3466126903504505,62.16403723856504,83.83336596433894
saturated,compact,7,default,smooth,-0.1196169144294254,62.16403723856504,83.83336596433894
saturated,compact,7,default,both,2.331332120084768,62.16403723856504,83.83336596433894
saturated,compact,7,weighted,default,0.1044181442559535,62.16403723856504,83.83336596433894
saturated,compact,7,weighted,quantize,2.4534811240305423,62.16403723856504,83.83336596433894
saturated,compact,7,weighted,smooth,-0.015323671935735347,62.16403723856504,83.83336596433894
saturated,compact,7,weighted,both,2.4381845980769574,62.16403723856504,83.83336596433894
texture,compact,3,default,weighted,0.04197562483216957,7.378844201939447,33.91811157166188
texture,compact,3,default,quantize,0.5755430050056257,7.378844201939447,33.91811157166188
texture,compact,3,default,smooth,0.02722473592326059,7.378844201939447,33.91811157166188
texture,compact,3,default,both,0.573645082216556,7.378844201939447,33.91811157166188
texture,compact,3,weighted,default,-0.041958012694174034,7.378844201939447,33.91811157166188
texture,compact,3,weighted,quantize,0.533343505904351,7.378844201939447,33.91811157166188
texture,compact,3,weighted,smooth,-0.014744699729068075,7.378844201939447,33.91811157166188
texture,compact,3,weighted,both,0.5314463794459662,7.378844201939447,33.91811157166188
texture,compact,4,default,weighted,0.03319822546872461,10.870508613217371,52.148567161653325
texture,compact,4,default,quantize,0.6138766575882402,10.870508613217371,52.148567161653325
texture,compact,4,default,smooth,-0.010584550984960726,10.870508613217371,52.148567161653325
texture,compact,4,default,both,0.4991916651805405,10.870508613217371,52.148567161653325
texture,compact,4,weighted,default,-0.03318720790461766,10.870508613217371,52.148567161653325
texture,compact,4,weighted,quantize,0.5804857211609907,10.870508613217371,52.148567161653325
texture,compact,4,weighted,smooth,-0.043768246172637235,10.870508613217371,52.148567161653325
texture,compact,4,weighted,both,0.4658387895001568,10.870508613217371,52.148567161653325
texture,compact,7,default,weighted,0.1849833954253181,18.52522940242837,61.22677669758839
texture,compact,7,default,quantize,0.712531083961955,18.52522940242837,61.22677669758839
texture,compact,7,default,smooth,0.26475307922272245,18.52522940242837,61.22677669758839
texture,compact,7,default,both,0.7877849090699922,18.52522940242837,61.22677669758839
texture,compact,7,weighted,default,-0.18464183868274703,18.52522940242837,61.22677669758839
texture,compact,7,weighted,quantize,0.5265736147845945,18.52522940242837,61.22677669758839
texture,compact,7,weighted,smooth,0.07962239558652941,18.52522940242837,61.22677669758839
texture,compact,7,weighted,both,0.6016884898462732,18.52522940242837,61.22677669758839
