stratum,effort,reference,variant,images,pchip_median_percent,linear_median_percent,maximum_absolute_difference_pp
clic2024_test,3,default,both,6,-0.6985888535908545,-0.7032816601231122,0.21212531987590566
clic2024_test,3,default,quantize,6,-1.3829890090753665,-1.4513210706033062,0.16133959010573218
clic2024_test,3,default,smooth,6,-0.9950428931002949,-1.0238517178458575,0.08328496428816035
clic2024_test,3,default,weighted,6,-0.996235788284843,-0.9990293487287145,0.023430314398223295
clic2024_test,3,weighted,both,6,-0.024692983092185095,-0.01079964019869789,0.24211650452893063
clic2024_test,3,weighted,default,6,1.0074476033565465,1.0103208994387094,0.024833844477620826
clic2024_test,3,weighted,quantize,6,-0.49462671664313895,-0.5447806050231787,0.18936258495454306
clic2024_test,3,weighted,smooth,6,0.08338850765708442,0.04107831040010123,0.10959501051522058
clic2024_test,4,default,both,6,-0.49712627958330663,-0.5766736377939459,0.17422863012941825
clic2024_test,4,default,quantize,6,-1.1463769737531173,-1.1916350749515794,0.14397680242880817
clic2024_test,4,default,smooth,6,-0.8817478301470755,-0.9705501777744969,0.17345885033747221
clic2024_test,4,default,weighted,6,-1.0453182218783303,-1.0470373627950775,0.00593994874699888
clic2024_test,4,weighted,both,6,0.8853646285229418,0.7937459438466676,0.1862487371008762
clic2024_test,4,weighted,default,6,1.0575467782079129,1.0593236648152924,0.006344885786031096
clic2024_test,4,weighted,quantize,6,0.004209196546943961,-0.07211702655496821,0.1548755389532943
clic2024_test,4,weighted,smooth,6,0.07543336779591932,-0.01144313331890835,0.175989876523262
clic2024_test,7,default,both,6,-1.2173347025770003,-1.3107367082474066,0.19074744004316901
clic2024_test,7,default,quantize,6,-1.7160150832743555,-1.836691183740784,0.190461483906037
clic2024_test,7,default,smooth,6,-1.2550537806899935,-1.3485509182364264,0.2046700645974715
clic2024_test,7,default,weighted,6,-1.132561584793886,-1.1333843085115836,0.012484153888673966
clic2024_test,7,weighted,both,6,0.19242676492806698,0.09958970676841239,0.18507395654656
clic2024_test,7,weighted,default,6,1.1464199760484994,1.1473250356129754,0.013442402005036325
clic2024_test,7,weighted,quantize,6,-0.5862353172672112,-0.7070884189738681,0.199845805692217
clic2024_test,7,weighted,smooth,6,0.053318564010775185,0.07936765443317288,0.21589340663188278
compact,3,default,both,4,2.967242738248271,2.8474937447735718,3.353762497373882
compact,3,default,quantize,4,3.1122235177272244,2.9919877292400034,0.6835992543718081
compact,3,default,smooth,4,0.6656564435029442,0.6665033327690258,0.9705286631171965
compact,3,default,weighted,4,0.8871543114972905,0.8985942554811537,0.029406810614473367
compact,3,weighted,both,4,2.1287419357126898,1.774564377860968,3.180716652305523
compact,3,weighted,default,4,-0.8723961257174364,-0.8833380036952736,0.028405628116349613
compact,3,weighted,quantize,4,1.2827030194460904,0.9504294455833601,0.655151803018627
compact,3,weighted,smooth,4,-0.014793659230985114,-0.017140747268487466,0.9271400360328004
compact,4,default,both,4,3.574836119356908,3.4313099487814536,0.3419355865620124
compact,4,default,quantize,4,4.62164362039146,4.353477979061513,0.3419749867871964
compact,4,default,smooth,4,0.46534479413330193,0.40957657863645275,0.15389406898672497
compact,4,default,weighted,4,0.934397640239974,0.9195863333874749,0.48279191436331637
compact,4,weighted,both,4,2.2162140406288575,2.320754945148753,0.5545581646019082
compact,4,weighted,default,4,-0.9178487191060208,-0.9035018224443463,0.40883045511038674
compact,4,weighted,quantize,4,2.0236302453653803,2.1920180373690163,0.6822918710566606
compact,4,weighted,smooth,4,-0.0585703186473684,-0.03090050546798545,0.30300471022748443
compact,7,default,both,4,5.86995819513827,5.780912779367771,4.090059627108509
compact,7,default,quantize,4,4.362141606058458,4.203278497339027,1.0920300432366226
compact,7,default,smooth,4,0.5161921441839713,0.4708396008304138,0.6160220082844692
compact,7,default,weighted,4,2.6679500317166354,2.528312170353028,0.27480410301339386
compact,7,weighted,both,4,2.325175387043512,2.359145498175862,3.555951112100118
compact,7,weighted,default,4,-2.5416180016820324,-2.4147944924638702,0.2491916975821482
compact,7,weighted,quantize,4,1.4900273694075685,1.3894878930844496,0.7385907191840655
compact,7,weighted,smooth,4,0.03214936182539703,0.014372914270639855,0.31604176463399725
kodak,3,default,both,6,0.3484389435432879,0.3874156270490148,0.1613603748976472
kodak,3,default,quantize,6,0.16990004879170048,0.15512473894232967,0.17454263178317564
kodak,3,default,smooth,6,-0.24308117103556437,-0.23574409309083627,0.01715399598939646
kodak,3,default,weighted,6,-0.30430806462240323,-0.30318395967449413,0.005643935422342539
kodak,3,weighted,both,6,0.5400505020744314,0.5168321114128467,0.16215292610317933
kodak,3,weighted,default,6,0.3052371072464882,0.3041060928870817,0.005803271183305148
kodak,3,weighted,quantize,6,0.10455140069231564,0.08966713552159536,0.17536789137464237
kodak,3,weighted,smooth,6,0.10344775699838166,0.09897490913496793,0.017584599785661348
kodak,4,default,both,6,0.43297104663004526,0.5005056279527789,0.09781666493134805
kodak,4,default,quantize,6,0.11735064721560715,0.18170165629592158,0.10164416757617001
kodak,4,default,smooth,6,-0.07290388379196783,-0.07498226203451824,0.1202598200663373
kodak,4,default,weighted,6,-0.31395016648070995,-0.31224752923090715,0.006703132173560888
kodak,4,weighted,both,6,0.7391818308953861,0.772697837197626,0.0958126892484531
kodak,4,weighted,default,6,0.3149389185476207,0.313225568346291,0.006896311859788673
kodak,4,weighted,quantize,6,0.053546609739554746,0.11738457240706854,0.10200236395512796
kodak,4,weighted,smooth,6,0.11150825556695881,0.10111894070111828,0.11837568461500614
kodak,7,default,both,6,-0.332691341053522,-0.1837406266424028,0.2236991496777847
kodak,7,default,quantize,6,-0.5480167525511015,-0.501230067917724,0.1592377466286823
kodak,7,default,smooth,6,-0.23539862188448946,-0.1760691257857607,0.08151302031110488
kodak,7,default,weighted,6,-0.3261221871499232,-0.32913691726807626,0.008849533736930981
kodak,7,weighted,both,6,0.11847802555727649,0.2595060832817375,0.2272994157877195
kodak,7,weighted,default,6,0.3271964067635822,0.3302308682322548,0.009124246090428167
kodak,7,weighted,quantize,6,-0.18391595350307766,-0.15235975782962527,0.1617177107529072
kodak,7,weighted,smooth,6,0.03332181912577632,0.026987799304213873,0.08165187521816883
photo_4k,3,default,both,2,-0.793703974615918,-0.8378462856141128,0.0679408996169768
photo_4k,3,default,quantize,2,-1.6991145734829431,-1.754440144829216,0.06508053100049338
photo_4k,3,default,smooth,2,-0.7872146366335885,-0.8017650784343612,0.04549135977475083
photo_4k,3,default,weighted,2,-1.0642145994142715,-1.0648262978469032,0.006022685630287183
photo_4k,3,weighted,both,2,0.27231474213133694,0.22823010252421214,0.06282411535166664
photo_4k,3,weighted,default,2,1.0770714094507357,1.0777379582552569,0.006199540383986513
photo_4k,3,weighted,quantize,2,-0.6451094343298398,-0.7004832655702777,0.06001524408794512
photo_4k,3,weighted,smooth,2,0.2801524240363443,0.2659700071366018,0.04002525081972019
photo_4k,4,default,both,2,-0.9937433473035403,-1.0427238620615022,0.06564891390305096
photo_4k,4,default,quantize,2,-1.8015684003193273,-1.858685377636273,0.08461188216247181
photo_4k,4,default,smooth,2,-1.1425125684974604,-1.1534615797208971,0.04304842422514765
photo_4k,4,default,weighted,2,-1.1027524955562362,-1.1018728246668363,0.005095537624380642
photo_4k,4,weighted,both,2,0.10761510920176215,0.057250272016443116,0.07129774988798987
photo_4k,4,weighted,default,2,1.1165266334724833,1.1156603461421155,0.0051699335681612
photo_4k,4,weighted,quantize,2,-0.7114264975053102,-0.7699937141031407,0.09038577555113653
photo_4k,4,weighted,smooth,2,-0.0412549866150238,-0.05308504339033569,0.048504899789707095
photo_4k,7,default,both,2,-1.0670462784031356,-1.085705933254534,0.04572855779412288
photo_4k,7,default,quantize,2,-2.4077006427606475,-2.4525454707412573,0.05481972061484974
photo_4k,7,default,smooth,2,-0.8442268605193379,-0.8523316576569229,0.011110030204884103
photo_4k,7,default,weighted,2,-1.1646498089995787,-1.1654008443009025,0.0046838027433955265
photo_4k,7,weighted,both,2,0.0963146027876225,0.07831348449605433,0.04928752893326016
photo_4k,7,weighted,default,2,1.1803594165161218,1.1811641402347954,0.0048378353257720885
photo_4k,7,weighted,quantize,2,-1.263973621223114,-1.3085915768949967,0.05842911224448871
photo_4k,7,weighted,smooth,2,0.32518184057435984,0.31775678079455205,0.00834496796959533
