image,stratum,effort,reference,variant,quality_low,quality_high,pchip_percent,linear_percent,difference_percentage_points
clic2024_test--097cb426910ba8ce2525dd8bb7fb1777,clic2024_test,3,default,weighted,76.48716339661104,91.2838726147456,-2.878652442413394,-2.855222128015171,0.023430314398223295
clic2024_test--097cb426910ba8ce2525dd8bb7fb1777,clic2024_test,3,default,quantize,76.48716339661104,91.2838726147456,-6.25295004900674,-6.414289639112472,-0.16133959010573218
clic2024_test--097cb426910ba8ce2525dd8bb7fb1777,clic2024_test,3,default,smooth,76.48716339661104,91.2838726147456,-3.912647906853376,-3.9959328711415365,-0.08328496428816035
clic2024_test--097cb426910ba8ce2525dd8bb7fb1777,clic2024_test,3,default,both,76.48716339661104,91.2838726147456,-4.338121558817356,-4.550246878693262,-0.21212531987590566
clic2024_test--097cb426910ba8ce2525dd8bb7fb1777,clic2024_test,3,weighted,default,76.48716339661104,91.2838726147456,2.963974980584512,2.9391411361068913,-0.024833844477620826
clic2024_test--097cb426910ba8ce2525dd8bb7fb1777,clic2024_test,3,weighted,quantize,76.48716339661104,91.2838726147456,-3.4743109434232347,-3.6636735283777777,-0.18936258495454306
clic2024_test--097cb426910ba8ce2525dd8bb7fb1777,clic2024_test,3,weighted,smooth,76.48716339661104,91.2838726147456,-1.0646428313063623,-1.1742378418215829,-0.10959501051522058
clic2024_test--097cb426910ba8ce2525dd8bb7fb1777,clic2024_test,3,weighted,both,76.48716339661104,91.2838726147456,-1.502727415863533,-1.7448439203924637,-0.24211650452893063
clic2024_test--097cb426910ba8ce2525dd8bb7fb1777,clic2024_test,4,default,weighted,72.41482341358389,91.21910454118941,-3.2466271457929157,-3.240687197045917,0.00593994874699888
clic2024_test--097cb426910ba8ce2525dd8bb7fb1777,clic2024_test,4,default,quantize,72.41482341358389,91.21910454118941,-4.227916541520369,-4.371893343949178,-0.14397680242880817
clic2024_test--097cb426910ba8ce2525dd8bb7fb1777,clic2024_test,4,default,smooth,72.41482341358389,91.21910454118941,-3.787791934087322,-3.8366968331753166,-0.04890489908799456
clic2024_test--097cb426910ba8ce2525dd8bb7fb1777,clic2024_test,4,default,both,72.41482341358389,91.21910454118941,-2.5231003767129265,-2.697329006842345,-0.17422863012941825
clic2024_test--097cb426910ba8ce2525dd8bb7fb1777,clic2024_test,4,weighted,default,72.41482341358389,91.21910454118941,3.355569992050922,3.349225106264891,-0.006344885786031096
clic2024_test--097cb426910ba8ce2525dd8bb7fb1777,clic2024_test,4,weighted,quantize,72.41482341358389,91.21910454118941,-1.0142172482256624,-1.1690927871789567,-0.1548755389532943
clic2024_test--097cb426910ba8ce2525dd8bb7fb1777,clic2024_test,4,weighted,smooth,72.41482341358389,91.21910454118941,-0.5593239515379592,-0.6159713404984042,-0.056647388960444967
clic2024_test--097cb426910ba8ce2525dd8bb7fb1777,clic2024_test,4,weighted,both,72.41482341358389,91.21910454118941,0.7478052162276929,0.5615564791268167,-0.1862487371008762
clic2024_test--097cb426910ba8ce2525dd8bb7fb1777,clic2024_test,7,default,weighted,73.02681664760935,91.2328383305909,-3.623922334429366,-3.63640648831804,-0.012484153888673966
clic2024_test--097cb426910ba8ce2525dd8bb7fb1777,clic2024_test,7,default,quantize,73.02681664760935,91.2328383305909,-6.046825441804468,-6.237286925710505,-0.190461483906037
clic2024_test--097cb426910ba8ce2525dd8bb7fb1777,clic2024_test,7,default,smooth,73.02681664760935,91.2328383305909,-4.6265975730478655,-4.797298730775788,-0.1707011577279225
clic2024_test--097cb426910ba8ce2525dd8bb7fb1777,clic2024_test,7,default,both,73.02681664760935,91.2328383305909,-4.246368159404868,-4.437115599448037,-0.19074744004316901
clic2024_test--097cb426910ba8ce2525dd8bb7fb1777,clic2024_test,7,weighted,default,73.02681664760935,91.2328383305909,3.7601886507609708,3.773631052766007,0.013442402005036325
clic2024_test--097cb426910ba8ce2525dd8bb7fb1777,clic2024_test,7,weighted,quantize,73.02681664760935,91.2328383305909,-2.514008835037555,-2.6990280692232234,-0.18501923418566824
clic2024_test--097cb426910ba8ce2525dd8bb7fb1777,clic2024_test,7,weighted,smooth,73.02681664760935,91.2328383305909,-1.0403777191450228,-1.2047000326082848,-0.1643223134632621
clic2024_test--097cb426910ba8ce2525dd8bb7fb1777,clic2024_test,7,weighted,both,73.02681664760935,91.2328383305909,-0.6458509622433661,-0.8309249187899261,-0.18507395654656
clic2024_test--1e2f9d41529197f10d32bfa68a1e0bcc,clic2024_test,3,default,weighted,68.28398593273505,87.66574210636848,-0.0012665553793325506,-0.001345018549149372,-7.846316981682138e-05
clic2024_test--1e2f9d41529197f10d32bfa68a1e0bcc,clic2024_test,3,default,quantize,68.28398593273505,87.66574210636848,0.9437232333513654,0.972062349961954,0.02833911661058852
clic2024_test--1e2f9d41529197f10d32bfa68a1e0bcc,clic2024_test,3,default,smooth,68.28398593273505,87.66574210636848,0.001328145767715225,0.002834035238830576,0.001505889471115351
clic2024_test--1e2f9d41529197f10d32bfa68a1e0bcc,clic2024_test,3,default,both,68.28398593273505,87.66574210636848,0.9414692297607139,0.969757790247569,0.02828856048685513
clic2024_test--1e2f9d41529197f10d32bfa68a1e0bcc,clic2024_test,3,weighted,default,68.28398593273505,87.66574210636848,0.0012665714211610181,0.0013450366401416747,7.846521898065653e-05
clic2024_test--1e2f9d41529197f10d32bfa68a1e0bcc,clic2024_test,3,weighted,quantize,68.28398593273505,87.66574210636848,0.9450017577012948,0.9734204611968676,0.02841870349557285
clic2024_test--1e2f9d41529197f10d32bfa68a1e0bcc,clic2024_test,3,weighted,smooth,68.28398593273505,87.66574210636848,0.002594734010790969,0.004179109997784607,0.0015843759869936381
clic2024_test--1e2f9d41529197f10d32bfa68a1e0bcc,clic2024_test,3,weighted,both,68.28398593273505,87.66574210636848,0.9427477255620782,0.9711158704853105,0.028368144923232252
clic2024_test--1e2f9d41529197f10d32bfa68a1e0bcc,clic2024_test,4,default,weighted,66.95740321622321,87.98124846000424,-0.0021421567555769787,-0.001873596995455659,0.00026855976012131965
clic2024_test--1e2f9d41529197f10d32bfa68a1e0bcc,clic2024_test,4,default,quantize,66.95740321622321,87.98124846000424,1.0204715781054978,1.0229659353511156,0.002494357245617751
clic2024_test--1e2f9d41529197f10d32bfa68a1e0bcc,clic2024_test,4,default,smooth,66.95740321622321,87.98124846000424,0.0013894288252375064,0.0038948304535768885,0.0025054016283393822
clic2024_test--1e2f9d41529197f10d32bfa68a1e0bcc,clic2024_test,4,default,both,66.95740321622321,87.98124846000424,1.0207599714261688,1.0240425896760723,0.0032826182499035017
clic2024_test--1e2f9d41529197f10d32bfa68a1e0bcc,clic2024_test,4,weighted,default,66.95740321622321,87.98124846000424,0.002142202644915655,0.0018736320997703863,-0.00026857054514526865
clic2024_test--1e2f9d41529197f10d32bfa68a1e0bcc,clic2024_test,4,weighted,quantize,66.95740321622321,87.98124846000424,1.0226356413195503,1.0248587340690203,0.002223092749469968
clic2024_test--1e2f9d41529197f10d32bfa68a1e0bcc,clic2024_test,4,weighted,smooth,66.95740321622321,87.98124846000424,0.0035316612345342047,0.005768535528140884,0.0022368742936066796
clic2024_test--1e2f9d41529197f10d32bfa68a1e0bcc,clic2024_test,4,weighted,both,66.95740321622321,87.98124846000424,1.0229240408181908,1.0259354085665184,0.0030113677483276646
clic2024_test--1e2f9d41529197f10d32bfa68a1e0bcc,clic2024_test,7,default,weighted,66.42196143703616,88.07870336241969,-0.0038300971663209485,-0.003744792399298846,8.530476702210254e-05
clic2024_test--1e2f9d41529197f10d32bfa68a1e0bcc,clic2024_test,7,default,quantize,66.42196143703616,88.07870336241969,1.0168494612194288,1.0147624899067893,-0.002086971312639463
clic2024_test--1e2f9d41529197f10d32bfa68a1e0bcc,clic2024_test,7,default,smooth,66.42196143703616,88.07870336241969,0.010165085860551695,0.009730328459780621,-0.00043475740077107347
clic2024_test--1e2f9d41529197f10d32bfa68a1e0bcc,clic2024_test,7,default,both,66.42196143703616,88.07870336241969,1.0268349179496343,1.0263209646587104,-0.000513953290923963
clic2024_test--1e2f9d41529197f10d32bfa68a1e0bcc,clic2024_test,7,weighted,default,66.42196143703616,88.07870336241969,0.003830243868382814,0.0037449326392516792,-8.531122913113488e-05
clic2024_test--1e2f9d41529197f10d32bfa68a1e0bcc,clic2024_test,7,weighted,quantize,66.42196143703616,88.07870336241969,1.0207186529019503,1.0185454247177366,-0.002173228184213727
clic2024_test--1e2f9d41529197f10d32bfa68a1e0bcc,clic2024_test,7,weighted,smooth,66.42196143703616,88.07870336241969,0.0139957190765124,0.013475625493278699,-0.0005200935832337019
clic2024_test--1e2f9d41529197f10d32bfa68a1e0bcc,clic2024_test,7,weighted,both,66.42196143703616,88.07870336241969,1.0307044920995,1.030104332326751,-0.000600159772749187
clic2024_test--4a18abf66d65ad1a95ce455c8b6cd8de,clic2024_test,3,default,weighted,60.52162303119531,87.61131961529367,-0.41034421641725016,-0.4099051289798622,0.00043908743738796385
clic2024_test--4a18abf66d65ad1a95ce455c8b6cd8de,clic2024_test,3,default,quantize,60.52162303119531,87.61131961529367,0.7578074121772679,0.7253624191512166,-0.032444993026051305
clic2024_test--4a18abf66d65ad1a95ce455c8b6cd8de,clic2024_test,3,default,smooth,60.52162303119531,87.61131961529367,-0.15751464597040074,-0.16036236099406842,-0.0028477150236676796
clic2024_test--4a18abf66d65ad1a95ce455c8b6cd8de,clic2024_test,3,default,both,60.52162303119531,87.61131961529367,1.1022723736421494,1.0802514236081762,-0.022020950033973197
clic2024_test--4a18abf66d65ad1a95ce455c8b6cd8de,clic2024_test,3,weighted,default,60.52162303119531,87.61131961529367,0.41203497811957995,0.4115922667919268,-0.0004427113276531669
clic2024_test--4a18abf66d65ad1a95ce455c8b6cd8de,clic2024_test,3,weighted,quantize,60.52162303119531,87.61131961529367,1.172964821901801,1.1399402215665846,-0.03302460033521637
clic2024_test--4a18abf66d65ad1a95ce455c8b6cd8de,clic2024_test,3,weighted,smooth,60.52162303119531,87.61131961529367,0.25387131671212,0.2505698667211619,-0.003301449990958105
clic2024_test--4a18abf66d65ad1a95ce455c8b6cd8de,clic2024_test,3,weighted,both,60.52162303119531,87.61131961529367,1.518849099495284,1.4962899217215841,-0.022559177773699757
clic2024_test--4a18abf66d65ad1a95ce455c8b6cd8de,clic2024_test,4,default,weighted,61.455077700208186,88.37979168381824,-0.4002105065288524,-0.4001343074696545,7.619905919792336e-05
clic2024_test--4a18abf66d65ad1a95ce455c8b6cd8de,clic2024_test,4,default,quantize,61.455077700208186,88.37979168381824,0.6885331651603177,0.6777836975027365,-0.010749467657581224
clic2024_test--4a18abf66d65ad1a95ce455c8b6cd8de,clic2024_test,4,default,smooth,61.455077700208186,88.37979168381824,-0.14108141573141622,-0.15282426022697398,-0.011742844495557764
clic2024_test--4a18abf66d65ad1a95ce455c8b6cd8de,clic2024_test,4,default,both,61.455077700208186,88.37979168381824,0.956796587381651,0.9682637695191686,0.011467182137517629
clic2024_test--4a18abf66d65ad1a95ce455c8b6cd8de,clic2024_test,4,weighted,default,61.455077700208186,88.37979168381824,0.40181862689085956,0.4017418142961042,-7.681259475533775e-05
clic2024_test--4a18abf66d65ad1a95ce455c8b6cd8de,clic2024_test,4,weighted,quantize,61.455077700208186,88.37979168381824,1.0931184465611126,1.0822484523221916,-0.010869994238920988
clic2024_test--4a18abf66d65ad1a95ce455c8b6cd8de,clic2024_test,4,weighted,smooth,61.455077700208186,88.37979168381824,0.2601703197519532,0.24830359511340983,-0.01186672463854338
clic2024_test--4a18abf66d65ad1a95ce455c8b6cd8de,clic2024_test,4,weighted,both,61.455077700208186,88.37979168381824,1.362459801182066,1.373895504250111,0.011435703068044978
clic2024_test--4a18abf66d65ad1a95ce455c8b6cd8de,clic2024_test,7,default,weighted,62.769670390118655,88.64792854713802,-0.41373293616269247,-0.4141979319977763,-0.000464995835083859
clic2024_test--4a18abf66d65ad1a95ce455c8b6cd8de,clic2024_test,7,default,quantize,62.769670390118655,88.64792854713802,0.4448781284543334,0.43333365698765924,-0.011544471466674144
clic2024_test--4a18abf66d65ad1a95ce455c8b6cd8de,clic2024_test,7,default,smooth,62.769670390118655,88.64792854713802,0.028008053073095503,0.0027047201291281325,-0.02530333294396737
clic2024_test--4a18abf66d65ad1a95ce455c8b6cd8de,clic2024_test,7,default,both,62.769670390118655,88.64792854713802,0.9873156816113069,0.981567637835613,-0.005748043775693934
clic2024_test--4a18abf66d65ad1a95ce455c8b6cd8de,clic2024_test,7,weighted,default,62.769670390118655,88.64792854713802,0.4154517970810968,0.4159206667984068,0.00046886971730997207
clic2024_test--4a18abf66d65ad1a95ce455c8b6cd8de,clic2024_test,7,weighted,quantize,62.769670390118655,88.64792854713802,0.8621781797149144,0.851056648021671,-0.01112153169324337
clic2024_test--4a18abf66d65ad1a95ce455c8b6cd8de,clic2024_test,7,weighted,smooth,62.769670390118655,88.64792854713802,0.443576210114012,0.418636636417531,-0.024939573696480977
clic2024_test--4a18abf66d65ad1a95ce455c8b6cd8de,clic2024_test,7,weighted,both,62.769670390118655,88.64792854713802,1.4068692994345213,1.401570847298383,-0.005298452136138332
clic2024_test--8bb119b8ca17492392e1e3ea4b811b32,clic2024_test,3,default,weighted,76.10116915117909,90.00556960948751,-0.6568322155043544,-0.6563466657533124,0.0004855497510420914
clic2024_test--8bb119b8ca17492392e1e3ea4b811b32,clic2024_test,3,default,quantize,76.10116915117909,90.00556960948751,-2.5783825952674557,-2.7057880255822306,-0.12740543031477491
clic2024_test--8bb119b8ca17492392e1e3ea4b811b32,clic2024_test,3,default,smooth,76.10116915117909,90.00556960948751,-0.816435823265653,-0.8682844092476808,-0.051848585982027795
clic2024_test--8bb119b8ca17492392e1e3ea4b811b32,clic2024_test,3,default,both,76.10116915117909,90.00556960948751,-1.6424492535425395,-1.6425461638427723,-9.691030023284419e-05
clic2024_test--8bb119b8ca17492392e1e3ea4b811b32,clic2024_test,3,weighted,default,76.10116915117909,90.00556960948751,0.6611750260764943,0.6606830368367884,-0.0004919892397058367
clic2024_test--8bb119b8ca17492392e1e3ea4b811b32,clic2024_test,3,weighted,quantize,76.10116915117909,90.00556960948751,-1.9342551909875727,-2.062981671243225,-0.12872648025565248
clic2024_test--8bb119b8ca17492392e1e3ea4b811b32,clic2024_test,3,weighted,smooth,76.10116915117909,90.00556960948751,-0.16065886695653323,-0.2133379802142903,-0.052679113257757065
clic2024_test--8bb119b8ca17492392e1e3ea4b811b32,clic2024_test,3,weighted,both,76.10116915117909,90.00556960948751,-0.9921336917464484,-0.9927151508827062,-0.0005814591362578447
clic2024_test--8bb119b8ca17492392e1e3ea4b811b32,clic2024_test,4,default,weighted,74.78012349147359,89.77560847009958,-0.7062899834063717,-0.7050015869028058,0.0012883965035659362
clic2024_test--8bb119b8ca17492392e1e3ea4b811b32,clic2024_test,4,default,quantize,74.78012349147359,89.77560847009958,-2.1496200464273434,-2.2034599614965473,-0.053839915069203936
clic2024_test--8bb119b8ca17492392e1e3ea4b811b32,clic2024_test,4,default,smooth,74.78012349147359,89.77560847009958,-0.5599955219212973,-0.7334543722587695,-0.17345885033747221
clic2024_test--8bb119b8ca17492392e1e3ea4b811b32,clic2024_test,4,default,both,74.78012349147359,89.77560847009958,-1.3620870995056777,-1.4944402309614084,-0.1323531314557307
clic2024_test--8bb119b8ca17492392e1e3ea4b811b32,clic2024_test,4,weighted,default,74.78012349147359,89.77560847009958,0.7113139223907928,0.7100071485673288,-0.0013067738234640025
clic2024_test--8bb119b8ca17492392e1e3ea4b811b32,clic2024_test,4,weighted,quantize,74.78012349147359,89.77560847009958,-1.4535966707052916,-1.509097536171663,-0.05550086546637134
clic2024_test--8bb119b8ca17492392e1e3ea4b811b32,clic2024_test,4,weighted,smooth,74.78012349147359,89.77560847009958,0.14733507435730442,-0.028654802165957585,-0.175989876523262
clic2024_test--8bb119b8ca17492392e1e3ea4b811b32,clic2024_test,4,weighted,both,74.78012349147359,89.77560847009958,-0.6604618922887576,-0.7950437148649717,-0.1345818225762141
clic2024_test--8bb119b8ca17492392e1e3ea4b811b32,clic2024_test,7,default,weighted,75.73808173416869,89.78192192931698,-0.840196116050633,-0.8307302954901351,0.00946582056049794
clic2024_test--8bb119b8ca17492392e1e3ea4b811b32,clic2024_test,7,default,quantize,75.73808173416869,89.78192192931698,-2.7298838571549155,-2.918784052715666,-0.18890019556075055
clic2024_test--8bb119b8ca17492392e1e3ea4b811b32,clic2024_test,7,default,smooth,75.73808173416869,89.78192192931698,-1.2170069619745842,-1.4216770265720557,-0.2046700645974715
clic2024_test--8bb119b8ca17492392e1e3ea4b811b32,clic2024_test,7,default,both,75.73808173416869,89.78192192931698,-2.2633721351376255,-2.418868040445145,-0.15549590530751933
clic2024_test--8bb119b8ca17492392e1e3ea4b811b32,clic2024_test,7,weighted,default,75.73808173416869,89.78192192931698,0.8473152256673963,0.8376892337368463,-0.009625991930549915
clic2024_test--8bb119b8ca17492392e1e3ea4b811b32,clic2024_test,7,weighted,quantize,75.73808173416869,89.78192192931698,-1.9056993530522297,-2.1055451587444467,-0.199845805692217
clic2024_test--8bb119b8ca17492392e1e3ea4b811b32,clic2024_test,7,weighted,smooth,75.73808173416869,89.78192192931698,-0.3800036215934309,-0.5958970282253137,-0.21589340663188278
clic2024_test--8bb119b8ca17492392e1e3ea4b811b32,clic2024_test,7,weighted,both,75.73808173416869,89.78192192931698,-1.435234806184764,-1.6014414038614089,-0.16620659767664492
clic2024_test--b51d5fb537246482ef7a7ab63f093cab,clic2024_test,3,default,weighted,83.35289845361268,92.86704436584023,-3.8576455088847856,-3.845404497287768,0.012241011597017515
clic2024_test--b51d5fb537246482ef7a7ab63f093cab,clic2024_test,3,default,quantize,83.35289845361268,92.86704436584023,-8.527827796511724,-8.622667468685464,-0.09483967217373923
clic2024_test--b51d5fb537246482ef7a7ab63f093cab,clic2024_test,3,default,smooth,83.35289845361268,92.86704436584023,-3.6948099661916265,-3.7704255371926196,-0.07561557100099314
clic2024_test--b51d5fb537246482ef7a7ab63f093cab,clic2024_test,3,default,both,83.35289845361268,92.86704436584023,-5.795159754577292,-5.804248780866323,-0.009089026289030855
clic2024_test--b51d5fb537246482ef7a7ab63f093cab,clic2024_test,3,weighted,default,83.35289845361268,92.86704436584023,4.0124308680637535,3.999189510582779,-0.013241357480974436
clic2024_test--b51d5fb537246482ef7a7ab63f093cab,clic2024_test,3,weighted,quantize,83.35289845361268,92.86704436584023,-4.857570123330528,-4.968314771042786,-0.11074464771225845
clic2024_test--b51d5fb537246482ef7a7ab63f093cab,clic2024_test,3,weighted,smooth,83.35289845361268,92.86704436584023,0.16936920627235785,0.07797751080241785,-0.09139169546994
clic2024_test--b51d5fb537246482ef7a7ab63f093cab,clic2024_test,3,weighted,both,83.35289845361268,92.86704436584023,-2.0152556653598057,-2.0371821786960784,-0.021926513336272713
clic2024_test--b51d5fb537246482ef7a7ab63f093cab,clic2024_test,4,default,weighted,82.16601446095932,92.66139461295677,-4.016055912953728,-4.010297674902691,0.005758238051037701
clic2024_test--b51d5fb537246482ef7a7ab63f093cab,clic2024_test,4,default,quantize,82.16601446095932,92.66139461295677,-7.551663943932492,-7.556539866057892,-0.004875922125400223
clic2024_test--b51d5fb537246482ef7a7ab63f093cab,clic2024_test,4,default,smooth,82.16601446095932,92.66139461295677,-4.099325502427864,-4.108697191504448,-0.009371689076584033
clic2024_test--b51d5fb537246482ef7a7ab63f093cab,clic2024_test,4,default,both,82.16601446095932,92.66139461295677,-5.212167837495977,-5.1655741368573125,0.04659370063866408
clic2024_test--b51d5fb537246482ef7a7ab63f093cab,clic2024_test,4,weighted,default,82.16601446095932,92.66139461295677,4.184091361479824,4.177841557754435,-0.006249803725388858
clic2024_test--b51d5fb537246482ef7a7ab63f093cab,clic2024_test,4,weighted,quantize,82.16601446095932,92.66139461295677,-3.6835411011787333,-3.6943985711559044,-0.010857469977171075
clic2024_test--b51d5fb537246482ef7a7ab63f093cab,clic2024_test,4,weighted,smooth,82.16601446095932,92.66139461295677,-0.08675366517406247,-0.10251049249897462,-0.015756827324912154
clic2024_test--b51d5fb537246482ef7a7ab63f093cab,clic2024_test,4,weighted,both,82.16601446095932,92.66139461295677,-1.2461583402506506,-1.2035420820891176,0.04261625816153303
clic2024_test--b51d5fb537246482ef7a7ab63f093cab,clic2024_test,7,default,weighted,83.40701867994669,92.6272065987691,-4.6061140777548495,-4.603042908758057,0.003071168996792828
clic2024_test--b51d5fb537246482ef7a7ab63f093cab,clic2024_test,7,default,quantize,83.40701867994669,92.6272065987691,-10.509150947857888,-10.401731680843291,0.10741926701459725
clic2024_test--b51d5fb537246482ef7a7ab63f093cab,clic2024_test,7,default,smooth,83.40701867994669,92.6272065987691,-4.51773983778906,-4.464469590939777,0.05327024684928272
clic2024_test--b51d5fb537246482ef7a7ab63f093cab,clic2024_test,7,default,both,83.40701867994669,92.6272065987691,-6.988071579942094,-6.872480273707722,0.1155913062343723
clic2024_test--b51d5fb537246482ef7a7ab63f093cab,clic2024_test,7,weighted,default,83.40701867994669,92.6272065987691,4.828521275995885,4.825146471239643,-0.003374804756242078
clic2024_test--b51d5fb537246482ef7a7ab63f093cab,clic2024_test,7,weighted,quantize,83.40701867994669,92.6272065987691,-6.188066261305844,-6.0784839987496735,0.1095822625561702
clic2024_test--b51d5fb537246482ef7a7ab63f093cab,clic2024_test,7,weighted,smooth,83.40701867994669,92.6272065987691,0.09264140894503797,0.14525968337306708,0.052618274428029105
clic2024_test--b51d5fb537246482ef7a7ab63f093cab,clic2024_test,7,weighted,both,83.40701867994669,92.6272065987691,-2.4969708269655357,-2.378941041881528,0.11802978508400752
clic2024_test--ef576c4ed599d75d72145a8f34b58ccb,clic2024_test,3,default,weighted,70.56390467652173,89.58803778108006,-1.3356393610653317,-1.3417120317041167,-0.006072670638785027
clic2024_test--ef576c4ed599d75d72145a8f34b58ccb,clic2024_test,3,default,quantize,70.56390467652173,89.58803778108006,-0.18759542288327735,-0.19685411562438151,-0.009258692741104163
clic2024_test--ef576c4ed599d75d72145a8f34b58ccb,clic2024_test,3,default,smooth,70.56390467652173,89.58803778108006,-1.1736499629349368,-1.1794190264440343,-0.00576906350909745
clic2024_test--ef576c4ed599d75d72145a8f34b58ccb,clic2024_test,3,default,both,70.56390467652173,89.58803778108006,0.24527154636083043,0.23598284359654786,-0.009288702764282564
clic2024_test--ef576c4ed599d75d72145a8f34b58ccb,clic2024_test,3,weighted,default,70.56390467652173,89.58803778108006,1.3537201806365988,1.3599587620406302,0.006238581404031329
clic2024_test--ef576c4ed599d75d72145a8f34b58ccb,clic2024_test,3,weighted,quantize,70.56390467652173,89.58803778108006,1.1635852406558,1.1604275116223774,-0.003157729033422596
clic2024_test--ef576c4ed599d75d72145a8f34b58ccb,clic2024_test,3,weighted,smooth,70.56390467652173,89.58803778108006,0.16418228130337786,0.16450012320529595,0.00031784190191808115
clic2024_test--ef576c4ed599d75d72145a8f34b58ccb,clic2024_test,3,weighted,both,70.56390467652173,89.58803778108006,1.6023120174178753,1.599150874995582,-0.0031611424222932616
clic2024_test--ef576c4ed599d75d72145a8f34b58ccb,clic2024_test,4,default,weighted,69.5249386422592,89.99420129202866,-1.384346460350289,-1.3890731386873494,-0.004726678337060308
clic2024_test--ef576c4ed599d75d72145a8f34b58ccb,clic2024_test,4,default,quantize,69.5249386422592,89.99420129202866,-0.1431339010788914,-0.17981018840661162,-0.036676287327720214
clic2024_test--ef576c4ed599d75d72145a8f34b58ccb,clic2024_test,4,default,smooth,69.5249386422592,89.99420129202866,-1.2035001383728536,-1.2076459832902242,-0.004145844917370578
clic2024_test--ef576c4ed599d75d72145a8f34b58ccb,clic2024_test,4,default,both,69.5249386422592,89.99420129202866,0.3678345403390645,0.3410929553735166,-0.026741584965547904
clic2024_test--ef576c4ed599d75d72145a8f34b58ccb,clic2024_test,4,weighted,default,69.5249386422592,89.99420129202866,1.403779634025033,1.408640181063256,0.004860547038223029
clic2024_test--ef576c4ed599d75d72145a8f34b58ccb,clic2024_test,4,weighted,quantize,69.5249386422592,89.99420129202866,1.2586364483934105,1.2262971140931032,-0.03233933430030733
clic2024_test--ef576c4ed599d75d72145a8f34b58ccb,clic2024_test,4,weighted,smooth,69.5249386422592,89.99420129202866,0.18338500581423817,0.1839828112074092,0.0005978053931710303
clic2024_test--ef576c4ed599d75d72145a8f34b58ccb,clic2024_test,4,weighted,both,69.5249386422592,89.99420129202866,1.7767777607282869,1.75453790886094,-0.022239851867346783
clic2024_test--ef576c4ed599d75d72145a8f34b58ccb,clic2024_test,7,default,weighted,72.44711818161935,90.25431578379141,-1.4249270535371388,-1.4360383215330321,-0.011111267995893348
clic2024_test--ef576c4ed599d75d72145a8f34b58ccb,clic2024_test,7,default,quantize,72.44711818161935,90.25431578379141,-0.7021463093937955,-0.7545983147659018,-0.05245200537210626
clic2024_test--ef576c4ed599d75d72145a8f34b58ccb,clic2024_test,7,default,smooth,72.44711818161935,90.25431578379141,-1.2931005994054028,-1.2754248099007972,0.017675789504605577
clic2024_test--ef576c4ed599d75d72145a8f34b58ccb,clic2024_test,7,default,both,72.44711818161935,90.25431578379141,-0.1712972700163752,-0.20260537604966855,-0.03130810603329334
clic2024_test--ef576c4ed599d75d72145a8f34b58ccb,clic2024_test,7,weighted,default,72.44711818161935,90.25431578379141,1.4455247264296027,1.4569608374891043,0.011436111059501597
clic2024_test--ef576c4ed599d75d72145a8f34b58ccb,clic2024_test,7,weighted,quantize,72.44711818161935,90.25431578379141,0.7332287185178071,0.6913683207967105,-0.04186039772109662
clic2024_test--ef576c4ed599d75d72145a8f34b58ccb,clic2024_test,7,weighted,smooth,72.44711818161935,90.25431578379141,0.13373203812218562,0.1629535875964328,0.029221549474247183
clic2024_test--ef576c4ed599d75d72145a8f34b58ccb,clic2024_test,7,weighted,both,72.44711818161935,90.25431578379141,1.271751312019442,1.2514035804557444,-0.020347731563697513
kodak--01,kodak,3,default,weighted,73.54324340836959,91.16213116242776,0.43081079413957063,0.4303503021834744,-0.0004604919560962095
kodak--01,kodak,3,default,quantize,73.54324340836959,91.16213116242776,0.5097948842835986,0.521098548331107,0.011303664047508377
kodak--01,kodak,3,default,smooth,73.54324340836959,91.16213116242776,0.43355752140766624,0.4210973105384848,-0.01246021086918142
kodak--01,kodak,3,default,both,73.54324340836959,91.16213116242776,0.5570121740210507,0.5781427315915127,0.021130557570462005
kodak--01,kodak,3,weighted,default,73.54324340836959,91.16213116242776,-0.4289627761968738,-0.42850622435210023,0.00045655184477355615
kodak--01,kodak,3,weighted,quantize,73.54324340836959,91.16213116242776,0.07864527779819236,0.09035938426439967,0.01171410646620731
kodak--01,kodak,3,weighted,smooth,73.54324340836959,91.16213116242776,0.0027349448305517238,-0.0092133419998521,-0.011948286830403824
kodak--01,kodak,3,weighted,both,73.54324340836959,91.16213116242776,0.12566002293874168,0.1471591296489036,0.02149910671016192
kodak--01,kodak,4,default,weighted,72.84868048854013,91.19440543867465,0.44270018597006566,0.4418900845101016,-0.0008101014599640743
kodak--01,kodak,4,default,quantize,72.84868048854013,91.19440543867465,0.29803757526178676,0.39968174283795677,0.10164416757617001
kodak--01,kodak,4,default,smooth,72.84868048854013,91.19440543867465,0.3511901771475291,0.3511052746057852,-8.49025417438698e-05
kodak--01,kodak,4,default,both,72.84868048854013,91.19440543867465,0.5635972170871759,0.600849714801295,0.03725249771411909
kodak--01,kodak,4,weighted,default,72.84868048854013,91.19440543867465,-0.44074898937444384,-0.4399460067291672,0.0008029826452766176
kodak--01,kodak,4,weighted,quantize,72.84868048854013,91.19440543867465,-0.14402501171357956,-0.042022647758451596,0.10200236395512796
kodak--01,kodak,4,weighted,smooth,72.84868048854013,91.19440543867465,-0.09110667938347479,-0.09038540575842562,0.0007212736250491736
kodak--01,kodak,4,weighted,both,72.84868048854013,91.19440543867465,0.12036417867427777,0.1582602937454159,0.03789611507113812
kodak--01,kodak,7,default,weighted,73.02287788942016,91.15423231883017,0.4435256455811042,0.4437958619994168,0.0002702164183125966
kodak--01,kodak,7,default,quantize,73.02287788942016,91.15423231883017,0.36115264296348093,0.445934699719699,0.08478205675621808
kodak--01,kodak,7,default,smooth,73.02287788942016,91.15423231883017,0.4677045007723094,0.4564231816495085,-0.011281319122800892
kodak--01,kodak,7,default,both,73.02287788942016,91.15423231883017,0.448110357001244,0.5496773832612534,0.10156702626000935
kodak--01,kodak,7,weighted,default,73.02287788942016,91.15423231883017,-0.44156718188696575,-0.4418350164794167,-0.000267834592450944
kodak--01,kodak,7,weighted,quantize,73.02287788942016,91.15423231883017,-0.08200927047132901,0.0021293875862883438,0.08413865805761736
kodak--01,kodak,7,weighted,smooth,73.02287788942016,91.15423231883017,0.02407208930172478,0.012571527730234885,-0.011500561571489893
kodak--01,kodak,7,weighted,both,73.02287788942016,91.15423231883017,0.004564466839124183,0.1054136996249207,0.10084923278579652
kodak--06,kodak,3,default,weighted,72.80993406424346,90.67779497769395,-0.300060858321618,-0.2995574263443114,0.0005034319773066231
kodak--06,kodak,3,default,quantize,72.80993406424346,90.67779497769395,-0.1699947867001977,-0.21084907044644768,-0.04085428374625
kodak--06,kodak,3,default,smooth,72.80993406424346,90.67779497769395,-0.30092000597854585,-0.31253490074172346,-0.011614894763177619
kodak--06,kodak,3,default,both,72.80993406424346,90.67779497769395,0.054366117172233774,0.04543199633130796,-0.008934120840925812
kodak--06,kodak,3,weighted,default,72.80993406424346,90.67779497769395,0.3009639332830657,0.3004574690057242,-0.0005064642773415229
kodak--06,kodak,3,weighted,quantize,72.80993406424346,90.67779497769395,0.13045752358643892,0.08897488677879105,-0.04148263680764787
kodak--06,kodak,3,weighted,smooth,72.80993406424346,90.67779497769395,-0.0008617333815088359,-0.013016466188527406,-0.01215473280701857
kodak--06,kodak,3,weighted,both,72.80993406424346,90.67779497769395,0.3554936728599143,0.34602596916332795,-0.009467703696586338
kodak--06,kodak,4,default,weighted,71.65314689753073,90.59593509830268,-0.31366683740932116,-0.31220606206299784,0.0014607753463233286
kodak--06,kodak,4,default,quantize,71.65314689753073,90.59593509830268,-0.06333628083057248,-0.03627843024611358,0.0270578505844589
kodak--06,kodak,4,default,smooth,71.65314689753073,90.59593509830268,-0.3094055747586482,-0.308748285939808,0.000657288818840196
kodak--06,kodak,4,default,both,71.65314689753073,90.59593509830268,-0.10648637778420146,-0.08666661327244014,0.019819764511761317
kodak--06,kodak,4,weighted,default,71.65314689753073,90.59593509830268,0.314653802038965,0.3131838410000016,-0.0014699610389634077
kodak--06,kodak,4,weighted,quantize,71.65314689753073,90.59593509830268,0.25111823119268906,0.2767917925725887,0.025673561379899623
kodak--06,kodak,4,weighted,smooth,71.65314689753073,90.59593509830268,0.004274670875618107,0.003468605319265629,-0.0008060655563524779
kodak--06,kodak,4,weighted,both,71.65314689753073,90.59593509830268,0.20783236081841194,0.22624580189925017,0.018413441080838228
kodak--06,kodak,7,default,weighted,72.7720247695695,90.7543495515154,-0.29945214100519546,-0.30269263104389965,-0.0032404900387041913
kodak--06,kodak,7,default,quantize,72.7720247695695,90.7543495515154,-0.899174143941304,-0.8176181947180144,0.08155594922328957
kodak--06,kodak,7,default,smooth,72.7720247695695,90.7543495515154,-0.7713355316898424,-0.760846699291339,0.0104888323985034
kodak--06,kodak,7,default,both,72.7720247695695,90.7543495515154,-0.5191129954664039,-0.4546825129537993,0.06443048251260458
kodak--06,kodak,7,weighted,default,72.7720247695695,90.7543495515154,0.30035155015266995,0.3036116411085266,0.003260090955856665
kodak--06,kodak,7,weighted,quantize,72.7720247695695,90.7543495515154,-0.6015232772685337,-0.5164889376284733,0.08503433964006046
kodak--06,kodak,7,weighted,smooth,72.7720247695695,90.7543495515154,-0.4733006997634813,-0.4595450773328508,0.013755622430630499
kodak--06,kodak,7,weighted,both,72.7720247695695,90.7543495515154,-0.2203206092426612,-0.15245134088468523,0.06786926835797596
kodak--10,kodak,3,default,weighted,79.13024644862244,92.08706648944937,-0.46831309601725213,-0.46796942478262854,0.0003436712346235882
kodak--10,kodak,3,default,quantize,79.13024644862244,92.08706648944937,-0.48148784956068313,-0.43592758830762224,0.045560261253060896
kodak--10,kodak,3,default,smooth,79.13024644862244,92.08706648944937,-0.272083825990315,-0.2677685005256248,0.004315325464690212
kodak--10,kodak,3,default,both,79.13024644862244,92.08706648944937,0.13986571306552506,0.19668852250651678,0.05682280944099172
kodak--10,kodak,3,weighted,default,79.13024644862244,92.08706648944937,0.4705165868122272,0.47016967510672786,-0.0003469117054993309
kodak--10,kodak,3,weighted,quantize,79.13024644862244,92.08706648944937,-0.013236742944124514,0.03219248747345912,0.045429230417583635
kodak--10,kodak,3,weighted,smooth,79.13024644862244,92.08706648944937,0.19715256129059439,0.20114220829214358,0.00398964700154919
kodak--10,kodak,3,weighted,both,79.13024644862244,92.08706648944937,0.6110403912569886,0.6677829674004858,0.0567425761434972
kodak--10,kodak,4,default,weighted,78.08699200933613,91.93706597625078,-0.4950846675243957,-0.49262837599646453,0.002456291527931198
kodak--10,kodak,4,default,quantize,78.08699200933613,91.93706597625078,-0.8122018147880833,-0.7490332815437021,0.06316853324438121
kodak--10,kodak,4,default,smooth,78.08699200933613,91.93706597625078,-0.049628752159257813,0.07063106790707949,0.1202598200663373
kodak--10,kodak,4,default,both,78.08699200933613,91.93706597625078,0.30234487617291456,0.4001615411042626,0.09781666493134805
kodak--10,kodak,4,weighted,default,78.08699200933613,91.93706597625078,0.49754795114409195,0.4950672175905719,-0.002480733553520076
kodak--10,kodak,4,weighted,quantize,78.08699200933613,91.93706597625078,-0.3186949571326246,-0.25767428217889593,0.06102067495372865
kodak--10,kodak,4,weighted,smooth,78.08699200933613,91.93706597625078,0.4476722721452874,0.5660479567602935,0.11837568461500614
kodak--10,kodak,4,weighted,both,78.08699200933613,91.93706597625078,0.8013971380537938,0.8972098273022469,0.0958126892484531
kodak--10,kodak,7,default,weighted,78.7196427833139,91.96776684433357,-0.5484617054895136,-0.5500596130611225,-0.0015979075716089364
kodak--10,kodak,7,default,quantize,78.7196427833139,91.96776684433357,-1.014458411045469,-0.8552206644167868,0.1592377466286823
kodak--10,kodak,7,default,smooth,78.7196427833139,91.96776684433357,-0.17355806462684265,-0.11921004218802915,0.054348022438813495
kodak--10,kodak,7,default,both,78.7196427833139,91.96776684433357,-0.4219896798025915,-0.3477874006581378,0.07420227914445371
kodak--10,kodak,7,weighted,default,78.7196427833139,91.96776684433357,0.5514863971890794,0.553102003803075,0.0016156066139955128
kodak--10,kodak,7,weighted,quantize,78.7196427833139,91.96776684433357,-0.46856661399844607,-0.3068489032455389,0.1617177107529072
kodak--10,kodak,7,weighted,smooth,78.7196427833139,91.96776684433357,0.37697118344459507,0.43323260848296946,0.05626142503837439
kodak--10,kodak,7,weighted,both,78.7196427833139,91.96776684433357,0.1271695017048348,0.20339098406292241,0.07622148235808762
kodak--15,kodak,3,default,weighted,74.44745069486936,90.57258909028187,-1.3851864714051845,-1.379542535982842,0.005643935422342539
kodak--15,kodak,3,default,quantize,74.44745069486936,90.57258909028187,-1.371778088486925,-1.4902059831415584,-0.11842789465463333
kodak--15,kodak,3,default,smooth,74.44745069486936,90.57258909028187,-1.1866025173089163,-1.175926839326904,0.0106756779820123
kodak--15,kodak,3,default,both,74.44745069486936,90.57258909028187,-0.9226232226657787,-1.018708768107413,-0.09608554544163428
kodak--15,kodak,3,weighted,default,74.44745069486936,90.57258909028187,1.4046434017781002,1.398840130594795,-0.005803271183305148
kodak--15,kodak,3,weighted,quantize,74.44745069486936,90.57258909028187,0.013596722884205594,-0.11221145186747229,-0.12580817475167788
kodak--15,kodak,3,weighted,smooth,74.44745069486936,90.57258909028187,0.20137335050447125,0.2064639547329513,0.005090604228480039
kodak--15,kodak,3,weighted,both,74.44745069486936,90.57258909028187,0.4690606128918742,0.3658812554252075,-0.10317935746666668
kodak--15,kodak,4,default,weighted,73.80812470497523,90.77146972953322,-1.4139011998000228,-1.407198067626462,0.006703132173560888
kodak--15,kodak,4,default,quantize,73.80812470497523,90.77146972953322,-1.6330992206729396,-1.6923624152639907,-0.059263194591051116
kodak--15,kodak,4,default,smooth,73.80812470497523,90.77146972953322,-1.5199685336552002,-1.5347509705777962,-0.014782436922595954
kodak--15,kodak,4,default,both,73.80812470497523,90.77146972953322,-0.746506313864406,-0.7681334792483778,-0.021627165383971803
kodak--15,kodak,4,weighted,default,73.80812470497523,90.77146972953322,1.4341790749479932,1.4272827630882046,-0.006896311859788673
kodak--15,kodak,4,weighted,quantize,73.80812470497523,90.77146972953322,-0.22234171302097616,-0.28923444921783215,-0.06689273619685598
kodak--15,kodak,4,weighted,smooth,73.80812470497523,90.77146972953322,-0.10758852936268379,-0.12937344354897734,-0.021784914186293552
kodak--15,kodak,4,weighted,both,73.80812470497523,90.77146972953322,0.6769665237369784,0.6481858470930051,-0.028780676643973324
kodak--15,kodak,7,default,weighted,74.86025353500698,90.59784675548079,-1.521327179762627,-1.5124776460256961,0.008849533736930981
kodak--15,kodak,7,default,quantize,74.86025353500698,90.59784675548079,-1.8028015188419348,-1.9366576758817544,-0.13385615703981957
kodak--15,kodak,7,default,smooth,74.86025353500698,90.59784675548079,-1.4794032833578188,-1.52967906904861,-0.050275785690791164
kodak--15,kodak,7,default,both,74.86025353500698,90.59784675548079,-1.0207136406083461,-1.2016301633565862,-0.1809165227482401
kodak--15,kodak,7,weighted,default,74.86025353500698,90.59784675548079,1.5448290845060964,1.5357048384156682,-0.009124246090428167
kodak--15,kodak,7,weighted,quantize,74.86025353500698,90.59784675548079,-0.2858226365348263,-0.43069418309815094,-0.14487154656332463
kodak--15,kodak,7,weighted,smooth,74.86025353500698,90.59784675548079,0.04257154894982787,-0.017465586108553022,-0.06003713505838089
kodak--15,kodak,7,weighted,both,74.86025353500698,90.59784675548079,0.5083471627081118,0.3156211825005526,-0.19272598020755916
kodak--19,kodak,3,default,weighted,72.06364237025137,90.80558650385746,-0.3085552709231884,-0.3068104930046769,0.0017447779185115198
kodak--19,kodak,3,default,quantize,72.06364237025137,90.80558650385746,0.6850227173995673,0.6502970931579538,-0.03472562424161352
kodak--19,kodak,3,default,smooth,72.06364237025137,90.80558650385746,-0.21407851608081377,-0.20371968565604778,0.010358830424765986
kodak--19,kodak,3,default,both,72.06364237025137,90.80558650385746,0.9171110858547087,0.8879654237366724,-0.029145662118036264
kodak--19,kodak,3,weighted,default,72.06364237025137,90.80558650385746,0.30951028120991075,0.30775471676843924,-0.0017555644414715132
kodak--19,kodak,3,weighted,quantize,72.06364237025137,90.80558650385746,0.9966532143484533,0.9600531299035948,-0.036600084444858516
kodak--19,kodak,3,weighted,smooth,72.06364237025137,90.80558650385746,0.09476917011196527,0.10340807417079917,0.008638904058833899
kodak--19,kodak,3,weighted,both,72.06364237025137,90.80558650385746,1.2294599201654555,1.198452895979934,-0.03100702418552137
kodak--19,kodak,4,default,weighted,70.94599358169222,90.86057171380958,-0.3142334955520987,-0.3122889963988164,0.0019444991532822642
kodak--19,kodak,4,default,quantize,70.94599358169222,90.86057171380958,0.573758159528212,0.5391035669732748,-0.03465459255493719
kodak--19,kodak,4,default,smooth,70.94599358169222,90.86057171380958,-0.09617901542467784,-0.11414045489327425,-0.017961439468596407
kodak--19,kodak,4,default,both,70.94599358169222,90.86057171380958,0.9289771679151354,0.8827422648368909,-0.046234903078244516
kodak--19,kodak,4,weighted,default,70.94599358169222,90.86057171380958,0.3152240350562764,0.3132672956925805,-0.001956739363695892
kodak--19,kodak,4,weighted,quantize,70.94599358169222,90.86057171380958,0.8907908182064179,0.8540596978310947,-0.03673112037532322
kodak--19,kodak,4,weighted,smooth,70.94599358169222,90.86057171380958,0.2187418402582995,0.19876927608297093,-0.019972564175328583
kodak--19,kodak,4,weighted,both,70.94599358169222,90.86057171380958,1.2471295622848653,1.1987749033504613,-0.04835465893440394
kodak--19,kodak,7,default,weighted,72.37087156683313,90.85753153121439,-0.3527922332946509,-0.3555812034922529,-0.002788970197601992
kodak--19,kodak,7,default,quantize,72.37087156683313,90.85753153121439,-0.19685936116089903,-0.1848419411174334,0.012017420043465621
kodak--19,kodak,7,default,smooth,72.37087156683313,90.85753153121439,-0.10068187886548405,-0.13641209274049002,-0.03573021387500597
kodak--19,kodak,7,default,both,72.37087156683313,90.85753153121439,-0.2433930023044525,-0.0196938526266678,0.2236991496777847
kodak--19,kodak,7,weighted,default,72.37087156683313,90.85753153121439,0.35404126337449443,0.35685009535598294,0.002808831981488513
kodak--19,kodak,7,weighted,quantize,72.37087156683313,90.85753153121439,0.15648493884427042,0.17134854559541418,0.01486360675114376
kodak--19,kodak,7,weighted,smooth,72.37087156683313,90.85753153121439,0.25300292911308586,0.21995121593247144,-0.03305171318061442
kodak--19,kodak,7,weighted,both,72.37087156683313,90.85753153121439,0.10978654940971817,0.33708596519743766,0.2272994157877195
kodak--24,kodak,3,default,weighted,76.40893010096013,91.03931064975372,-0.2480701783731037,-0.24768356223852983,0.00038661613457385835
kodak--24,kodak,3,default,quantize,76.40893010096013,91.03931064975372,0.8577771473266071,0.6832345155434315,-0.17454263178317564
kodak--24,kodak,3,default,smooth,76.40893010096013,91.03931064975372,-0.13622198650958386,-0.15337598249898032,-0.01715399598939646
kodak--24,kodak,3,default,both,76.40893010096013,91.03931064975372,0.86368842755053,0.7023280526528828,-0.1613603748976472
kodak--24,kodak,3,weighted,default,76.40893010096013,91.03931064975372,0.24868709689796936,0.24829855694936892,-0.0003885399486004415
kodak--24,kodak,3,weighted,quantize,76.40893010096013,91.03931064975372,1.1085974253101172,0.9332295339354748,-0.17536789137464237
kodak--24,kodak,3,weighted,smooth,76.40893010096013,91.03931064975372,0.11212634388479804,0.0945417440991367,-0.017584599785661348
kodak--24,kodak,3,weighted,both,76.40893010096013,91.03931064975372,1.1145234061252187,0.9523704800220394,-0.16215292610317933
kodak--24,kodak,4,default,weighted,74.97287254925553,90.67254035487939,-0.2588384011811189,-0.25910738590757804,-0.00026898472645914273
kodak--24,kodak,4,default,quantize,74.97287254925553,90.67254035487939,0.6237744714938465,0.700469558863265,0.07669508736941855
kodak--24,kodak,4,default,smooth,74.97287254925553,90.67254035487939,-0.025670340797151133,-0.03582406917576224,-0.010153728378611105
kodak--24,kodak,4,default,both,74.97287254925553,90.67254035487939,0.9929770117096143,1.0094495639539025,0.01647255224428823
kodak--24,kodak,4,weighted,default,74.97287254925553,90.67254035487939,0.2595101130085335,0.25978049636079625,0.00027038335226275967
kodak--24,kodak,4,weighted,quantize,74.97287254925553,90.67254035487939,0.8849033423382721,0.9620697385209326,0.07716639618266052
kodak--24,kodak,4,weighted,smooth,74.97287254925553,90.67254035487939,0.23377315508097,0.22386336324031259,-0.009909791840657406
kodak--24,kodak,4,weighted,both,74.97287254925553,90.67254035487939,1.2550640004833842,1.27185241340245,0.016788412919065854
kodak--24,kodak,7,default,weighted,75.6596528812224,90.84866829365183,-0.2570948498342897,-0.2570238113881832,7.103844610650834e-05
kodak--24,kodak,7,default,quantize,75.6596528812224,90.84866829365183,0.6757777259668041,0.7177043758554918,0.04192664988868777
kodak--24,kodak,7,default,smooth,75.6596528812224,90.84866829365183,-0.29723917914213627,-0.21572615883103138,0.08151302031110488
kodak--24,kodak,7,default,both,75.6596528812224,90.84866829365183,0.46449953417391804,0.5345483417021071,0.07004880752818904
kodak--24,kodak,7,weighted,default,75.6596528812224,90.84866829365183,0.2577575311719929,0.25768612609088054,-7.140508111236343e-05
kodak--24,kodak,7,weighted,quantize,75.6596528812224,90.84866829365183,0.9352771251214593,0.9772399265492991,0.04196280142783981
kodak--24,kodak,7,weighted,smooth,75.6596528812224,90.84866829365183,-0.04024780433997597,0.04140407087819286,0.08165187521816883
kodak--24,kodak,7,weighted,both,75.6596528812224,90.84866829365183,0.7234543478775031,0.793611924706803,0.0701575768292999
imazen26-1029-planter-4k,photo_4k,3,default,weighted,73.46037961349657,89.19539362878379,-0.6947666763963088,-0.6899673876312848,0.004799288765024001
imazen26-1029-planter-4k,photo_4k,3,default,quantize,73.46037961349657,89.19539362878379,-0.43651837760837275,-0.4820889893004247,-0.045570611692051954
imazen26-1029-planter-4k,photo_4k,3,default,smooth,73.46037961349657,89.19539362878379,-0.4625346454593977,-0.4461441692861922,0.016390476173205493
imazen26-1029-planter-4k,photo_4k,3,default,both,73.46037961349657,89.19539362878379,-0.1303116785039512,-0.15065540088336402,-0.020343722379412815
imazen26-1029-planter-4k,photo_4k,3,weighted,default,73.46037961349657,89.19539362878379,0.6996274548112571,0.6947610120363126,-0.004866442774944524
imazen26-1029-planter-4k,photo_4k,3,weighted,quantize,73.46037961349657,89.19539362878379,0.2600550747878395,0.2093226563949086,-0.05073241839293091
imazen26-1029-planter-4k,photo_4k,3,weighted,smooth,73.46037961349657,89.19539362878379,0.2338567899842115,0.24551720700444657,0.01166041702023507
imazen26-1029-planter-4k,photo_4k,3,weighted,both,73.46037961349657,89.19539362878379,0.568404080027667,0.543058916165084,-0.02534516386258301
imazen26-1029-planter-4k,photo_4k,4,default,weighted,71.92845170883349,88.7798024699674,-0.7246607725236048,-0.7195652348992242,0.005095537624380642
imazen26-1029-planter-4k,photo_4k,4,default,quantize,71.92845170883349,88.7798024699674,-0.17970453340809597,-0.2643164155705678,-0.08461188216247181
imazen26-1029-planter-4k,photo_4k,4,default,smooth,71.92845170883349,88.7798024699674,-0.49255157893699686,-0.5356000031621445,-0.04304842422514765
imazen26-1029-planter-4k,photo_4k,4,default,both,71.92845170883349,88.7798024699674,0.059805180343440296,-0.005843733559610655,-0.06564891390305096
imazen26-1029-planter-4k,photo_4k,4,weighted,default,71.92845170883349,88.7798024699674,0.7299504369994041,0.7247805034312429,-0.0051699335681612
imazen26-1029-planter-4k,photo_4k,4,weighted,quantize,71.92845170883349,88.7798024699674,0.5489341495643879,0.4585483740132514,-0.09038577555113653
imazen26-1029-planter-4k,photo_4k,4,weighted,smooth,71.92845170883349,88.7798024699674,0.2338034756595091,0.185298575869802,-0.048504899789707095
imazen26-1029-planter-4k,photo_4k,4,weighted,both,71.92845170883349,88.7798024699674,0.7901921655181097,0.7188944156301198,-0.07129774988798987
imazen26-1029-planter-4k,photo_4k,7,default,weighted,73.16838787257612,88.92428575489424,-0.7268063841440636,-0.7236246520033158,0.003181732140747795
imazen26-1029-planter-4k,photo_4k,7,default,quantize,73.16838787257612,88.92428575489424,-0.5754182824623162,-0.6302380030771659,-0.05481972061484974
imazen26-1029-planter-4k,photo_4k,7,default,smooth,73.16838787257612,88.92428575489424,-0.6242951208243596,-0.6293946848946451,-0.005099564070285556
imazen26-1029-planter-4k,photo_4k,7,default,both,73.16838787257612,88.92428575489424,-0.08461859544546,-0.13034715323958287,-0.04572855779412288
imazen26-1029-planter-4k,photo_4k,7,weighted,default,73.16838787257612,88.92428575489424,0.7321275337997971,0.7288991459113722,-0.003228387888424944
imazen26-1029-planter-4k,photo_4k,7,weighted,quantize,73.16838787257612,88.92428575489424,0.15249645565705652,0.09406734341256781,-0.05842911224448871
imazen26-1029-planter-4k,photo_4k,7,weighted,smooth,73.16838787257612,88.92428575489424,0.10326177650371376,0.09491680853411844,-0.00834496796959533
imazen26-1029-planter-4k,photo_4k,7,weighted,both,73.16838787257612,88.92428575489424,0.6468894223183663,0.5976018933851062,-0.04928752893326016
imazen26-1207-bedroom-noise-4k,photo_4k,3,default,weighted,75.33076601362022,90.14002045112257,-1.4336625224322341,-1.4396852080625213,-0.006022685630287183
imazen26-1207-bedroom-noise-4k,photo_4k,3,default,quantize,75.33076601362022,90.14002045112257,-2.9617107693575138,-3.026791300358007,-0.06508053100049338
imazen26-1207-bedroom-noise-4k,photo_4k,3,default,smooth,75.33076601362022,90.14002045112257,-1.1118946278077793,-1.15738598758253,-0.04549135977475083
imazen26-1207-bedroom-noise-4k,photo_4k,3,default,both,75.33076601362022,90.14002045112257,-1.4570962707278847,-1.5250371703448615,-0.0679408996169768
imazen26-1207-bedroom-noise-4k,photo_4k,3,weighted,default,75.33076601362022,90.14002045112257,1.4545153640902144,1.460714904474201,0.006199540383986513
imazen26-1207-bedroom-noise-4k,photo_4k,3,weighted,quantize,75.33076601362022,90.14002045112257,-1.550273943447519,-1.6102891875354641,-0.06001524408794512
imazen26-1207-bedroom-noise-4k,photo_4k,3,weighted,smooth,75.33076601362022,90.14002045112257,0.32644805808847716,0.28642280726875696,-0.04002525081972019
imazen26-1207-bedroom-noise-4k,photo_4k,3,weighted,both,75.33076601362022,90.14002045112257,-0.02377459576499304,-0.08659871111665968,-0.06282411535166664
imazen26-1207-bedroom-noise-4k,photo_4k,4,default,weighted,73.9572211430572,90.01427808703569,-1.4808442185888677,-1.4841804144344484,-0.0033361958455806473
imazen26-1207-bedroom-noise-4k,photo_4k,4,default,quantize,73.9572211430572,90.01427808703569,-3.4234322672305586,-3.4530543397019784,-0.02962207247141979
imazen26-1207-bedroom-noise-4k,photo_4k,4,default,smooth,73.9572211430572,90.01427808703569,-1.792473558057924,-1.7713231562796496,0.02115040177827443
imazen26-1207-bedroom-noise-4k,photo_4k,4,default,both,73.9572211430572,90.01427808703569,-2.047291874950521,-2.0796039905633936,-0.03231211561287273
imazen26-1207-bedroom-noise-4k,photo_4k,4,weighted,default,73.9572211430572,90.01427808703569,1.5031028299455622,1.5065401888529881,0.0034373589074259137
imazen26-1207-bedroom-noise-4k,photo_4k,4,weighted,quantize,73.9572211430572,90.01427808703569,-1.9717871445750084,-1.9985358022195328,-0.026748657644524387
imazen26-1207-bedroom-noise-4k,photo_4k,4,weighted,smooth,73.9572211430572,90.01427808703569,-0.3163134488895567,-0.2914686626504734,0.024844786239083316
imazen26-1207-bedroom-noise-4k,photo_4k,4,weighted,both,73.9572211430572,90.01427808703569,-0.5749619471145854,-0.6043938715972336,-0.029431924482648197
imazen26-1207-bedroom-noise-4k,photo_4k,7,default,weighted,75.20945968185583,90.01441037989714,-1.602493233855094,-1.6071770365984894,-0.0046838027433955265
imazen26-1207-bedroom-noise-4k,photo_4k,7,default,quantize,75.20945968185583,90.01441037989714,-4.2399830030589785,-4.274852938405348,-0.03486993534636973
imazen26-1207-bedroom-noise-4k,photo_4k,7,default,smooth,75.20945968185583,90.01441037989714,-1.0641586002143164,-1.0752686304192005,-0.011110030204884103
imazen26-1207-bedroom-noise-4k,photo_4k,7,default,both,75.20945968185583,90.01441037989714,-2.0494739613608113,-2.0410647132694852,0.008409248091326038
imazen26-1207-bedroom-noise-4k,photo_4k,7,weighted,default,75.20945968185583,90.01441037989714,1.6285912992324465,1.6334291345582186,0.0048378353257720885
imazen26-1207-bedroom-noise-4k,photo_4k,7,weighted,quantize,75.20945968185583,90.01441037989714,-2.680443698103285,-2.711250497202561,-0.030806799099276194
imazen26-1207-bedroom-noise-4k,photo_4k,7,weighted,smooth,75.20945968185583,90.01441037989714,0.547101904645006,0.5405967530549857,-0.006505151590020297
imazen26-1207-bedroom-noise-4k,photo_4k,7,weighted,both,75.20945968185583,90.01441037989714,-0.45426021674312134,-0.4409749243929975,0.013285292350123823
edge,compact,3,default,weighted,95.54195207541088,95.73078423649041,5.731339852813872,5.740377538556226,0.009037685742353752
edge,compact,3,default,quantize,95.54195207541088,95.73078423649041,7.17089260007004,6.487293345698232,-0.6835992543718081
edge,compact,3,default,smooth,95.54195207541088,95.73078423649041,15.032295793760914,14.061767130643718,-0.9705286631171965
edge,compact,3,default,both,95.54195207541088,95.73078423649041,11.599685475816415,8.245922978442533,-3.353762497373882
edge,compact,3,weighted,default,95.54195207541088,95.73078423649041,-5.420663221323343,-5.428746967035469,-0.00808374571212589
edge,compact,3,weighted,quantize,95.54195207541088,95.73078423649041,1.3615194409341023,0.7063676379154753,-0.655151803018627
edge,compact,3,weighted,smooth,95.54195207541088,95.73078423649041,8.796782443024638,7.869642406991837,-0.9271400360328004
edge,compact,3,weighted,both,95.54195207541088,95.73078423649041,5.550242370116306,2.3695257178107836,-3.180716652305523
edge,compact,4,default,weighted,94.92057521991846,95.82639143427697,8.911340486502532,8.428548572139215,-0.48279191436331637
edge,compact,4,default,quantize,94.92057521991846,95.82639143427697,10.59450529488506,10.844051270088572,0.24954597520351207
edge,compact,4,default,smooth,94.92057521991846,95.82639143427697,8.831429631784452,8.677535562797727,-0.15389406898672497
edge,compact,4,default,both,94.92057521991846,95.82639143427697,11.03142955674003,11.140538891118098,0.10910933437806847
edge,compact,4,weighted,default,94.92057521991846,95.82639143427697,-8.182197048255889,-7.773366593145502,0.40883045511038674
edge,compact,4,weighted,quantize,94.92057521991846,95.82639143427697,1.5454449471137741,2.2277368181704347,0.6822918710566606
edge,compact,4,weighted,smooth,94.92057521991846,95.82639143427697,-0.07337239112209956,0.22963231910538487,0.30300471022748443
edge,compact,4,weighted,both,94.92057521991846,95.82639143427697,1.9466192049121305,2.5011773695140387,0.5545581646019082
edge,compact,7,default,weighted,95.67065935703786,96.31331515417287,7.040666843699822,6.820070824030496,-0.22059601966932618
edge,compact,7,default,quantize,95.67065935703786,96.31331515417287,6.377670521766465,5.909659993847313,-0.46801052791915154
edge,compact,7,default,smooth,95.67065935703786,96.31331515417287,0.7676312091452201,0.717019973192866,-0.05061123595235406
edge,compact,7,default,both,95.67065935703786,96.31331515417287,9.408584270191772,9.080201981471808,-0.3283822887199648
edge,compact,7,weighted,default,95.67065935703786,96.31331515417287,-6.577562576268854,-6.38463424655981,0.19292832970904428
edge,compact,7,weighted,quantize,95.67065935703786,96.31331515417287,-0.6193873239798291,-0.8522844285349157,-0.2328971045550866
edge,compact,7,weighted,smooth,95.67065935703786,96.31331515417287,-5.860422790260129,-5.713393376130089,0.14702941413004034
edge,compact,7,weighted,both,95.67065935703786,96.31331515417287,2.212166176010067,2.1158300495461484,-0.09633612646391843
gradient,compact,3,default,weighted,89.41857420176855,95.20182867559058,1.7323329981624114,1.7617398087768847,0.029406810614473367
gradient,compact,3,default,quantize,89.41857420176855,95.20182867559058,5.129063255440143,4.890229610214167,-0.23883364522597628
gradient,compact,3,default,smooth,89.41857420176855,95.20182867559058,1.3040881510826277,1.3169531152154434,0.012864964132815793
gradient,compact,3,default,both,89.41857420176855,95.20182867559058,4.8539237856750805,4.616115034477766,-0.23780875119731437
gradient,compact,3,weighted,default,89.41857420176855,95.20182867559058,-1.7028342387406987,-1.7312398668570483,-0.028405628116349613
gradient,compact,3,weighted,quantize,89.41857420176855,95.20182867559058,3.3388895714591413,3.074328138764243,-0.2645614326948982
gradient,compact,3,weighted,smooth,89.41857420176855,95.20182867559058,-0.4209525471980667,-0.4370863690000303,-0.0161338218019636
gradient,compact,3,weighted,both,89.41857420176855,95.20182867559058,3.0684352707895273,2.804959143843857,-0.26347612694567024
gradient,compact,4,default,weighted,88.5278596348364,94.77846429838004,1.8355970550112233,1.8094789163263891,-0.026118138684834147
gradient,compact,4,default,quantize,88.5278596348364,94.77846429838004,6.903422015658821,6.709065719786123,-0.19435629587269787
gradient,compact,4,default,smooth,88.5278596348364,94.77846429838004,0.9412741392515646,0.8352775336031897,-0.10599660564837488
gradient,compact,4,default,both,88.5278596348364,94.77846429838004,4.825788390725048,4.880671636136151,0.05488324541110323
gradient,compact,4,weighted,default,88.5278596348364,94.77846429838004,-1.802510230307424,-1.7773187090109124,0.0251915212965117
gradient,compact,4,weighted,quantize,88.5278596348364,94.77846429838004,4.976476897277852,4.812505530537614,-0.16397136674023827
gradient,compact,4,weighted,smooth,88.5278596348364,94.77846429838004,-0.8782026537111073,-0.9568867192846168,-0.07868406557350949
gradient,compact,4,weighted,both,88.5278596348364,94.77846429838004,2.9362928309818166,3.0166078370108025,0.08031500602898589
gradient,compact,7,default,weighted,93.30809958629554,95.23873514841311,5.150916668007953,4.876112564994559,-0.27480410301339386
gradient,compact,7,default,quantize,93.30809958629554,95.23873514841311,21.459284244844284,20.36725420160766,-1.0920300432366226
gradient,compact,7,default,smooth,93.30809958629554,95.23873514841311,8.887616976070596,8.271594967786127,-0.6160220082844692
gradient,compact,7,default,both,93.30809958629554,95.23873514841311,38.02433433256513,33.93427470545662,-4.090059627108509
gradient,compact,7,weighted,default,93.30809958629554,95.23873514841311,-4.898594164681318,-4.649402467099169,0.2491916975821482
gradient,compact,7,weighted,quantize,93.30809958629554,95.23873514841311,15.509486834362649,14.770896115178584,-0.7385907191840655
gradient,compact,7,weighted,smooth,93.30809958629554,95.23873514841311,3.5536545248202565,3.237612760186259,-0.31604176463399725
gradient,compact,7,weighted,both,93.30809958629554,95.23873514841311,31.263082345109865,27.707131233009747,-3.555951112100118
saturated,compact,3,default,weighted,62.06133263768355,81.62480240874856,-0.1072121057710074,-0.0995562147086422,0.007655891062365194
saturated,compact,3,default,quantize,62.06133263768355,81.62480240874856,1.0953837800143054,1.0937458482658398,-0.0016379317484656042
saturated,compact,3,default,smooth,62.06133263768355,81.62480240874856,-0.12203881141981444,-0.11443460315440622,0.007604208265408224
saturated,compact,3,default,both,62.06133263768355,81.62480240874856,1.0805616908214621,1.0788724550693778,-0.0016892357520843504
saturated,compact,3,weighted,default,62.06133263768355,81.62480240874856,0.10732717349377459,0.09965542788039164,-0.007671745613382949
saturated,compact,3,weighted,quantize,62.06133263768355,81.62480240874856,1.2038865979580786,1.1944912532512448,-0.009395344706833786
saturated,compact,3,weighted,smooth,62.06133263768355,81.62480240874856,-0.014842618732902152,-0.014893215567431345,-5.059683452919225e-05
saturated,compact,3,weighted,both,62.06133263768355,81.62480240874856,1.189048600635852,1.1796030379111524,-0.009445562724699652
saturated,compact,4,default,weighted,60.49590549447681,80.93232666987959,-0.15799751217477123,-0.15506534534189428,0.002932166832876948
saturated,compact,4,default,quantize,60.49590549447681,80.93232666987959,2.3398652251240994,1.997890238336903,-0.3419749867871964
saturated,compact,4,default,smooth,60.49590549447681,80.93232666987959,-0.17403789595377558,-0.1710370255754971,0.0030008703782784807
saturated,compact,4,default,both,60.49590549447681,80.93232666987959,2.323883847988768,1.9819482614267556,-0.3419355865620124
saturated,compact,4,weighted,default,60.49590549447681,80.93232666987959,0.15824753935002206,0.15530617139290195,-0.0029413679571201057
saturated,compact,4,weighted,quantize,60.49590549447681,80.93232666987959,2.5018155436169867,2.1562992565675985,-0.3455162870493882
saturated,compact,4,weighted,smooth,60.49590549447681,80.93232666987959,-0.0160657672916369,-0.01599648523868073,6.928205295617107e-05
saturated,compact,4,weighted,both,60.49590549447681,80.93232666987959,2.4858088763455846,2.140332520783468,-0.34547635556211675
saturated,compact,7,default,weighted,62.16403723856504,83.83336596433894,-0.10430922649735722,-0.11777238910915418,-0.013463162611796961
saturated,compact,7,default,quantize,62.16403723856504,83.83336596433894,2.3466126903504505,2.4968970008307405,0.15028431048029
saturated,compact,7,default,smooth,62.16403723856504,83.83336596433894,-0.1196169144294254,-0.13307642039100268,-0.013459505961577273
saturated,compact,7,default,both,62.16403723856504,83.83336596433894,2.331332120084768,2.4816235772637354,0.1502914571789673
saturated,compact,7,weighted,default,62.16403723856504,83.83336596433894,0.1044181442559535,0.11791125601238858,0.013493111756435083
saturated,compact,7,weighted,quantize,62.16403723856504,83.83336596433894,2.4534811240305423,2.6177523794581448,0.16427125542760246
saturated,compact,7,weighted,smooth,62.16403723856504,83.83336596433894,-0.015323671935735347,-0.015322076457353466,1.595478381881052e-06
saturated,compact,7,weighted,both,62.16403723856504,83.83336596433894,2.4381845980769574,2.6024609468055755,0.16427634872861807
texture,compact,3,default,weighted,7.378844201939447,33.91811157166188,0.04197562483216957,0.03544870218542265,-0.006526922646746924
texture,compact,3,default,quantize,7.378844201939447,33.91811157166188,0.5755430050056257,0.5702288416720949,-0.0053141633335308525
texture,compact,3,default,smooth,7.378844201939447,33.91811157166188,0.02722473592326059,0.01605355032260827,-0.01117118560065232
texture,compact,3,default,both,7.378844201939447,33.91811157166188,0.573645082216556,0.5734190224909563,-0.0002260597255996366
texture,compact,3,weighted,default,7.378844201939447,33.91811157166188,-0.041958012694174034,-0.035436140533498924,0.00652187216067511
texture,compact,3,weighted,quantize,7.378844201939447,33.91811157166188,0.533343505904351,0.5345906340448986,0.0012471281405476153
texture,compact,3,weighted,smooth,7.378844201939447,33.91811157166188,-0.014744699729068075,-0.019388278969543586,-0.004643579240475511
texture,compact,3,weighted,both,7.378844201939447,33.91811157166188,0.5314463794459662,0.5377796843868018,0.006333304940835616
texture,compact,4,default,weighted,10.870508613217371,52.148567161653325,0.03319822546872461,0.029693750448560638,-0.0035044750201639746
texture,compact,4,default,quantize,10.870508613217371,52.148567161653325,0.6138766575882402,0.6187860824101852,0.004909424821945008
texture,compact,4,default,smooth,10.870508613217371,52.148567161653325,-0.010584550984960726,-0.016124376330284237,-0.005539825345323511
texture,compact,4,default,both,10.870508613217371,52.148567161653325,0.4991916651805405,0.5153979525399783,0.016206287359437854
texture,compact,4,weighted,default,10.870508613217371,52.148567161653325,-0.03318720790461766,-0.029684935877780278,0.0035022720268373837
texture,compact,4,weighted,quantize,10.870508613217371,52.148567161653325,0.5804857211609907,0.5889174602806209,0.008431739119630133
texture,compact,4,weighted,smooth,10.870508613217371,52.148567161653325,-0.043768246172637235,-0.045804525697290176,-0.002036279524652941
texture,compact,4,weighted,both,10.870508613217371,52.148567161653325,0.4658387895001568,0.4855600211104711,0.019721231610314305
texture,compact,7,default,weighted,18.52522940242837,61.22677669758839,0.1849833954253181,0.18051177571149654,-0.004471619713821567
texture,compact,7,default,quantize,18.52522940242837,61.22677669758839,0.712531083961955,0.34202620965656744,-0.37050487430538753
texture,compact,7,default,smooth,18.52522940242837,61.22677669758839,0.26475307922272245,0.22465922846796157,-0.04009385075476088
texture,compact,7,default,both,18.52522940242837,61.22677669758839,0.7877849090699922,0.4309066567542635,-0.35687825231572873
texture,compact,7,weighted,default,18.52522940242837,61.22677669758839,-0.18464183868274703,-0.18018651782857148,0.0044553208541755485
texture,compact,7,weighted,quantize,18.52522940242837,61.22677669758839,0.5265736147845945,0.16122340671075472,-0.3653502080738398
texture,compact,7,weighted,smooth,18.52522940242837,61.22677669758839,0.07962239558652941,0.044067904998633174,-0.03555449058789623
texture,compact,7,weighted,both,18.52522940242837,61.22677669758839,0.6016884898462732,0.24994370322579496,-0.35174478662047826
