resolution_class,effort,target,profiled_fraction,speedup_if_target_2x,latency_reduction_if_target_2x_percent,speedup_if_target_free,interpretation
12mp,1,all_gpu,0.1718643241252528,1.0940107052191392,8.593216206262639,1.2075316027699388,"Amdahl sensitivity, not an achieved or predicted gain"
12mp,1,perceptual,0.0,1.0,0.0,1.0,"Amdahl sensitivity, not an achieved or predicted gain"
12mp,1,comparison,0.0,1.0,0.0,1.0,"Amdahl sensitivity, not an achieved or predicted gain"
12mp,1,ac_search,0.0,1.0,0.0,1.0,"Amdahl sensitivity, not an achieved or predicted gain"
12mp,1,serializer,0.5263118383186242,1.3571392184613458,26.315591915931208,2.1110935017891483,"Amdahl sensitivity, not an achieved or predicted gain"
12mp,1,entropy,0.06180323989503444,1.031886979261944,3.090161994751722,1.0658744972516425,"Amdahl sensitivity, not an achieved or predicted gain"
12mp,1,orchestration,0.22740864699442684,1.1282916373301928,11.370432349721343,1.2943453173657076,"Amdahl sensitivity, not an achieved or predicted gain"
12mp,2,all_gpu,0.16137643540082064,1.0877702421028204,8.068821770041032,1.1924301226593252,"Amdahl sensitivity, not an achieved or predicted gain"
12mp,2,perceptual,0.0,1.0,0.0,1.0,"Amdahl sensitivity, not an achieved or predicted gain"
12mp,2,comparison,0.0,1.0,0.0,1.0,"Amdahl sensitivity, not an achieved or predicted gain"
12mp,2,ac_search,0.0,1.0,0.0,1.0,"Amdahl sensitivity, not an achieved or predicted gain"
12mp,2,serializer,0.5205577803327496,1.3518608387760025,26.027889016637477,2.0857570714027536,"Amdahl sensitivity, not an achieved or predicted gain"
12mp,2,entropy,0.0620042764263309,1.0319940212829752,3.100213821316545,1.0661029414826124,"Amdahl sensitivity, not an achieved or predicted gain"
12mp,2,orchestration,0.24232768699247795,1.137868523728314,12.116384349623898,1.319831783255451,"Amdahl sensitivity, not an achieved or predicted gain"
12mp,3,all_gpu,0.15314577725916656,1.0829225043175794,7.657288862958328,1.1808407789046762,"Amdahl sensitivity, not an achieved or predicted gain"
12mp,3,perceptual,0.0,1.0,0.0,1.0,"Amdahl sensitivity, not an achieved or predicted gain"
12mp,3,comparison,0.0,1.0,0.0,1.0,"Amdahl sensitivity, not an achieved or predicted gain"
12mp,3,ac_search,0.0,1.0,0.0,1.0,"Amdahl sensitivity, not an achieved or predicted gain"
12mp,3,serializer,0.5357631322669901,1.3658992230515818,26.788156613349507,2.1540727794482626,"Amdahl sensitivity, not an achieved or predicted gain"
12mp,3,entropy,0.06131286628086632,1.031625972656684,3.065643314043316,1.0653176804905604,"Amdahl sensitivity, not an achieved or predicted gain"
12mp,3,orchestration,0.2406540296815502,1.1367860749060008,12.03270148407751,1.3169227718172078,"Amdahl sensitivity, not an achieved or predicted gain"
12mp,4,all_gpu,0.14628082127972925,1.0789120719896286,7.314041063986462,1.1713453614794094,"Amdahl sensitivity, not an achieved or predicted gain"
12mp,4,perceptual,0.0,1.0,0.0,1.0,"Amdahl sensitivity, not an achieved or predicted gain"
12mp,4,comparison,0.0,1.0,0.0,1.0,"Amdahl sensitivity, not an achieved or predicted gain"
12mp,4,ac_search,0.0,1.0,0.0,1.0,"Amdahl sensitivity, not an achieved or predicted gain"
12mp,4,serializer,0.5654090219850882,1.3941255944376998,28.270451099254412,2.301014173298572,"Amdahl sensitivity, not an achieved or predicted gain"
12mp,4,entropy,0.11795016464973732,1.0626711165848517,5.8975082324868655,1.133722789713916,"Amdahl sensitivity, not an achieved or predicted gain"
12mp,4,orchestration,0.21823595926136719,1.1224830865768831,10.91179796306836,1.279158349436451,"Amdahl sensitivity, not an achieved or predicted gain"
12mp,5,all_gpu,0.6485846519150147,1.479929914096423,32.42923259575073,2.8456355291521382,"Amdahl sensitivity, not an achieved or predicted gain"
12mp,5,perceptual,0.32449547939756085,1.1936703096932775,16.224773969878044,1.4803749930617254,"Amdahl sensitivity, not an achieved or predicted gain"
12mp,5,comparison,0.20069778722826484,1.111542011010535,10.034889361413242,1.2510912443646394,"Amdahl sensitivity, not an achieved or predicted gain"
12mp,5,ac_search,0.18363337936692803,1.1010992920046752,9.1816689683464,1.2249398428668297,"Amdahl sensitivity, not an achieved or predicted gain"
12mp,5,serializer,0.23722171187373634,1.1345726308700397,11.861085593686816,1.3109969378604922,"Amdahl sensitivity, not an achieved or predicted gain"
12mp,5,entropy,0.050861906904438696,1.0260945630710347,2.5430953452219347,1.053587467697725,"Amdahl sensitivity, not an achieved or predicted gain"
12mp,5,orchestration,0.08685936523730141,1.0454014533270708,4.34296826186507,1.095121563897848,"Amdahl sensitivity, not an achieved or predicted gain"
12mp,6,all_gpu,0.6459709104315059,1.4770731407531028,32.29854552157529,2.824626646411579,"Amdahl sensitivity, not an achieved or predicted gain"
12mp,6,perceptual,0.3233603131095526,1.192862137069693,16.16801565547763,1.4778914381974566,"Amdahl sensitivity, not an achieved or predicted gain"
12mp,6,comparison,0.19964547238318897,1.1108923099982235,9.982273619159448,1.249446295977942,"Amdahl sensitivity, not an achieved or predicted gain"
12mp,6,ac_search,0.18281855914901388,1.100605561469635,9.140927957450694,1.2237184424534073,"Amdahl sensitivity, not an achieved or predicted gain"
12mp,6,serializer,0.24091610359535362,1.1369554369110857,12.045805179767681,1.317377439748673,"Amdahl sensitivity, not an achieved or predicted gain"
12mp,6,entropy,0.05150087761650776,1.0264310499424345,2.575043880825388,1.0542972327555673,"Amdahl sensitivity, not an achieved or predicted gain"
12mp,6,orchestration,0.08636037300879687,1.0451288590551298,4.318018650439844,1.094523453731094,"Amdahl sensitivity, not an achieved or predicted gain"
12mp,7,all_gpu,0.7110786398660318,1.5516850460078677,35.55393199330159,3.4611494267378364,"Amdahl sensitivity, not an achieved or predicted gain"
12mp,7,perceptual,0.40959220879800073,1.2575391110781964,20.479610439900036,1.6937445862022251,"Amdahl sensitivity, not an achieved or predicted gain"
12mp,7,comparison,0.3125789876138514,1.1852406633077537,15.62894938069257,1.4547125880380636,"Amdahl sensitivity, not an achieved or predicted gain"
12mp,7,ac_search,0.14331780468482533,1.0771902725444604,7.1658902342412665,1.1672940157605336,"Amdahl sensitivity, not an achieved or predicted gain"
12mp,7,serializer,0.19000193803285592,1.104973558826001,9.500096901642795,1.2345708551097285,"Amdahl sensitivity, not an achieved or predicted gain"
12mp,7,entropy,0.04309894270458566,1.0220240786032133,2.1549471352292833,1.0450401244475584,"Amdahl sensitivity, not an achieved or predicted gain"
12mp,7,orchestration,0.07269264015357932,1.0377172015569804,3.6346320076789658,1.078391095877443,"Amdahl sensitivity, not an achieved or predicted gain"
12mp,8,all_gpu,0.6421485193587628,1.4729151372692926,32.10742596793814,2.794455393081206,"Amdahl sensitivity, not an achieved or predicted gain"
12mp,8,perceptual,0.37340398630573574,1.2295616017511775,18.670199315286787,1.595924611942921,"Amdahl sensitivity, not an achieved or predicted gain"
12mp,8,comparison,0.30916998674303187,1.182851016553398,15.458499337151594,1.4475340978389568,"Amdahl sensitivity, not an achieved or predicted gain"
12mp,8,ac_search,0.09481924751286146,1.0497691609518303,4.740962375643073,1.104751727489045,"Amdahl sensitivity, not an achieved or predicted gain"
12mp,8,serializer,0.2908961226416844,1.1702038866656306,14.54480613208422,1.410230619137755,"Amdahl sensitivity, not an achieved or predicted gain"
12mp,8,entropy,0.17624294449258698,1.096637292758027,8.81214722462935,1.2139501486685609,"Amdahl sensitivity, not an achieved or predicted gain"
12mp,8,orchestration,0.0502413684617863,1.0257679938681177,2.512068423089315,1.0528990911937448,"Amdahl sensitivity, not an achieved or predicted gain"
12mp,9,all_gpu,0.6901687996483413,1.526914307326812,34.508439982417066,3.227563908557302,"Amdahl sensitivity, not an achieved or predicted gain"
12mp,9,perceptual,0.4228706179134747,1.268126776862163,21.143530895673734,1.732713722501268,"Amdahl sensitivity, not an achieved or predicted gain"
12mp,9,comparison,0.3663776446381622,1.2242731580133228,18.31888223190811,1.5782271435624105,"Amdahl sensitivity, not an achieved or predicted gain"
12mp,9,ac_search,0.08444435802573239,1.0440834795791678,4.222217901286619,1.0922329066135619,"Amdahl sensitivity, not an achieved or predicted gain"
12mp,9,serializer,0.24961580442034548,1.142606294692739,12.480790221017275,1.3326506686718302,"Amdahl sensitivity, not an achieved or predicted gain"
12mp,9,entropy,0.154060376918173,1.0834590552105743,7.703018845908651,1.1821174617130694,"Amdahl sensitivity, not an achieved or predicted gain"
12mp,9,orchestration,0.0455779747551227,1.0233204365108461,2.278898737756135,1.0477545294948833,"Amdahl sensitivity, not an achieved or predicted gain"
12mp,10,all_gpu,0.6919709854417601,1.529018070501639,34.598549272088,3.2464474213059145,"Amdahl sensitivity, not an achieved or predicted gain"
12mp,10,perceptual,0.3891002661176953,1.2415422002584575,19.455013305884766,1.6369298340415697,"Amdahl sensitivity, not an achieved or predicted gain"
12mp,10,comparison,0.3368380825439252,1.2025287369849973,16.841904127196262,1.5079273608413077,"Amdahl sensitivity, not an achieved or predicted gain"
12mp,10,ac_search,0.1347789744537303,1.0722589830415714,6.738948722686515,1.1557740397820726,"Amdahl sensitivity, not an achieved or predicted gain"
12mp,10,serializer,0.23330441704610827,1.1320569425186575,11.665220852305414,1.3042986319906045,"Amdahl sensitivity, not an achieved or predicted gain"
12mp,10,entropy,0.14339046338060005,1.0772324285491348,7.169523169030002,1.1673930271036776,"Amdahl sensitivity, not an achieved or predicted gain"
12mp,10,orchestration,0.06119794484664762,1.0315648235898982,3.0598972423323807,1.0651872719182012,"Amdahl sensitivity, not an achieved or predicted gain"
24mp,1,all_gpu,0.15251364352507382,1.08255197284167,7.625682176253691,1.179959998600386,"Amdahl sensitivity, not an achieved or predicted gain"
24mp,1,perceptual,0.0,1.0,0.0,1.0,"Amdahl sensitivity, not an achieved or predicted gain"
24mp,1,comparison,0.0,1.0,0.0,1.0,"Amdahl sensitivity, not an achieved or predicted gain"
24mp,1,ac_search,0.0,1.0,0.0,1.0,"Amdahl sensitivity, not an achieved or predicted gain"
24mp,1,serializer,0.5492661056275763,1.3786125820581208,27.463305281378815,2.2186039534309776,"Amdahl sensitivity, not an achieved or predicted gain"
24mp,1,entropy,0.045089165503910456,1.0230645637173181,2.254458275195523,1.0472181944900691,"Amdahl sensitivity, not an achieved or predicted gain"
24mp,1,orchestration,0.22170092648612041,1.1246702142446965,11.08504632430602,1.2848531291257752,"Amdahl sensitivity, not an achieved or predicted gain"
24mp,2,all_gpu,0.1549486724742306,1.0839806839856418,7.74743362371153,1.1833600722549076,"Amdahl sensitivity, not an achieved or predicted gain"
24mp,2,perceptual,0.0,1.0,0.0,1.0,"Amdahl sensitivity, not an achieved or predicted gain"
24mp,2,comparison,0.0,1.0,0.0,1.0,"Amdahl sensitivity, not an achieved or predicted gain"
24mp,2,ac_search,0.0,1.0,0.0,1.0,"Amdahl sensitivity, not an achieved or predicted gain"
24mp,2,serializer,0.5512212708202652,1.380473056180466,27.561063541013258,2.2282696014309145,"Amdahl sensitivity, not an achieved or predicted gain"
24mp,2,entropy,0.04611757206582124,1.0236030435641825,2.305878603291062,1.0483472288777749,"Amdahl sensitivity, not an achieved or predicted gain"
24mp,2,orchestration,0.21603570317488935,1.121098669720781,10.801785158744467,1.275568293160528,"Amdahl sensitivity, not an achieved or predicted gain"
24mp,3,all_gpu,0.15358009474875425,1.083177230873633,7.679004737437713,1.1814466954237879,"Amdahl sensitivity, not an achieved or predicted gain"
24mp,3,perceptual,0.0,1.0,0.0,1.0,"Amdahl sensitivity, not an achieved or predicted gain"
24mp,3,comparison,0.0,1.0,0.0,1.0,"Amdahl sensitivity, not an achieved or predicted gain"
24mp,3,ac_search,0.0,1.0,0.0,1.0,"Amdahl sensitivity, not an achieved or predicted gain"
24mp,3,serializer,0.5541541608075383,1.3832733378525655,27.707708040376914,2.2429277389046627,"Amdahl sensitivity, not an achieved or predicted gain"
24mp,3,entropy,0.045103738260671385,1.0230721901429907,2.2551869130335693,1.047234176180055,"Amdahl sensitivity, not an achieved or predicted gain"
24mp,3,orchestration,0.2167047163547016,1.1215192561445728,10.83523581773508,1.276657757143898,"Amdahl sensitivity, not an achieved or predicted gain"
24mp,4,all_gpu,0.14445180599423818,1.0778485875284087,7.222590299711909,1.168841226018958,"Amdahl sensitivity, not an achieved or predicted gain"
24mp,4,perceptual,0.0,1.0,0.0,1.0,"Amdahl sensitivity, not an achieved or predicted gain"
24mp,4,comparison,0.0,1.0,0.0,1.0,"Amdahl sensitivity, not an achieved or predicted gain"
24mp,4,ac_search,0.0,1.0,0.0,1.0,"Amdahl sensitivity, not an achieved or predicted gain"
24mp,4,serializer,0.5793648561282598,1.4078210078270224,28.96824280641299,2.3773572288693963,"Amdahl sensitivity, not an achieved or predicted gain"
24mp,4,entropy,0.110133140280676,1.0582756079954927,5.5066570140338005,1.1237636159586992,"Amdahl sensitivity, not an achieved or predicted gain"
24mp,4,orchestration,0.20644267221643028,1.1151023549782748,10.322133610821513,1.2601484038878843,"Amdahl sensitivity, not an achieved or predicted gain"
24mp,5,all_gpu,0.6746533238166469,1.5090391336397129,33.73266619083235,3.0736444328585604,"Amdahl sensitivity, not an achieved or predicted gain"
24mp,5,perceptual,0.3328483526854272,1.19965091551304,16.642417634271357,1.4989095867861715,"Amdahl sensitivity, not an achieved or predicted gain"
24mp,5,comparison,0.2035003647757641,1.1132760401314323,10.175018238788205,1.2554933558989934,"Amdahl sensitivity, not an achieved or predicted gain"
24mp,5,ac_search,0.20283659289660677,1.1128648580840692,10.141829644830338,1.2544479476719113,"Amdahl sensitivity, not an achieved or predicted gain"
24mp,5,serializer,0.21023290445814827,1.1174638336920035,10.511645222907413,1.2661960793819973,"Amdahl sensitivity, not an achieved or predicted gain"
24mp,5,entropy,0.027075661670166964,1.013723618865733,1.3537830835083482,1.027829154440361,"Amdahl sensitivity, not an achieved or predicted gain"
24mp,5,orchestration,0.08729717740065918,1.0456407427067125,4.3648588700329585,1.0956468800567971,"Amdahl sensitivity, not an achieved or predicted gain"
24mp,6,all_gpu,0.6799568393234195,1.5151019751315642,33.99784196617098,3.12457856585959,"Amdahl sensitivity, not an achieved or predicted gain"
24mp,6,perceptual,0.33610299793269865,1.2019974779178693,16.805149896634934,1.5062577431229713,"Amdahl sensitivity, not an achieved or predicted gain"
24mp,6,comparison,0.20553388404283893,1.1145376233160067,10.276694202141947,1.2587069226926244,"Amdahl sensitivity, not an achieved or predicted gain"
24mp,6,ac_search,0.20471337794107164,1.114028242301664,10.235668897053582,1.2574083006842067,"Amdahl sensitivity, not an achieved or predicted gain"
24mp,6,serializer,0.20735726921836328,1.1156712744027641,10.367863460918164,1.2616024359598748,"Amdahl sensitivity, not an achieved or predicted gain"
24mp,6,entropy,0.027816185494991097,1.014104256048756,1.3908092747495548,1.0286120639738832,"Amdahl sensitivity, not an achieved or predicted gain"
24mp,6,orchestration,0.08472116207601439,1.0442343748588825,4.23605810380072,1.0925632261619607,"Amdahl sensitivity, not an achieved or predicted gain"
24mp,7,all_gpu,0.7351311808316423,1.581191637971585,36.756559041582115,3.775453838393765,"Amdahl sensitivity, not an achieved or predicted gain"
24mp,7,perceptual,0.4209528864846085,1.2665866539899826,21.047644324230426,1.7269751919304217,"Amdahl sensitivity, not an achieved or predicted gain"
24mp,7,comparison,0.3193692576156072,1.1900294035812427,15.96846288078036,1.469225437124379,"Amdahl sensitivity, not an achieved or predicted gain"
24mp,7,ac_search,0.15876740661124414,1.0862288703672334,7.938370330562207,1.1887318773178746,"Amdahl sensitivity, not an achieved or predicted gain"
24mp,7,serializer,0.16964089243990574,1.0926817539461098,8.482044621995287,1.2042982257861592,"Amdahl sensitivity, not an achieved or predicted gain"
24mp,7,entropy,0.022296695776450322,1.0112740347497189,1.114834788822516,1.022805175844381,"Amdahl sensitivity, not an achieved or predicted gain"
24mp,7,orchestration,0.06849451690416743,1.0354617253244263,3.4247258452083713,1.0735309862874105,"Amdahl sensitivity, not an achieved or predicted gain"
24mp,8,all_gpu,0.6855926748137426,1.521598336890424,34.27963374068713,3.1805874732962796,"Amdahl sensitivity, not an achieved or predicted gain"
24mp,8,perceptual,0.39993857486793233,1.2499520134578095,19.996928743396616,1.6664960587658333,"Amdahl sensitivity, not an achieved or predicted gain"
24mp,8,comparison,0.330210226244292,1.1977555686555559,16.5105113122146,1.493005774621948,"Amdahl sensitivity, not an achieved or predicted gain"
24mp,8,ac_search,0.10935731380792009,1.0578413439020438,5.467865690396004,1.122784721082115,"Amdahl sensitivity, not an achieved or predicted gain"
24mp,8,serializer,0.2478591717940119,1.1414607592060932,12.392958589700594,1.3295382493531265,"Amdahl sensitivity, not an achieved or predicted gain"
24mp,8,entropy,0.13875639035113801,1.074550364945143,6.937819517556901,1.1611116631770544,"Amdahl sensitivity, not an achieved or predicted gain"
24mp,8,orchestration,0.048232857218860635,1.0247124035248036,2.4116428609430316,1.050677161514444,"Amdahl sensitivity, not an achieved or predicted gain"
24mp,9,all_gpu,0.7006532669594672,1.5392350241416357,35.03266334797336,3.3406076954399087,"Amdahl sensitivity, not an achieved or predicted gain"
24mp,9,perceptual,0.4314925986956761,1.2750975853456985,21.574629934783804,1.7589920513008357,"Amdahl sensitivity, not an achieved or predicted gain"
24mp,9,comparison,0.3719085343673084,1.2284322117140891,18.59542671836542,1.5921248014294798,"Amdahl sensitivity, not an achieved or predicted gain"
24mp,9,ac_search,0.09223070939820652,1.0483447919266553,4.611535469910326,1.1016014865815338,"Amdahl sensitivity, not an achieved or predicted gain"
24mp,9,serializer,0.2382318540484321,1.1352231589587278,11.911592702421606,1.3127353845320522,"Amdahl sensitivity, not an achieved or predicted gain"
24mp,9,entropy,0.12112476140671696,1.0644666335043105,6.056238070335848,1.137817924647175,"Amdahl sensitivity, not an achieved or predicted gain"
24mp,9,orchestration,0.04515744690740984,1.0231002987099755,2.257872345370492,1.0472930817349433,"Amdahl sensitivity, not an achieved or predicted gain"
24mp,10,all_gpu,0.7282057577345903,1.572581423577967,36.41028788672951,3.679253804881894,"Amdahl sensitivity, not an achieved or predicted gain"
24mp,10,perceptual,0.4085684811855962,1.2567301679999239,20.42842405927981,1.690812829868488,"Amdahl sensitivity, not an achieved or predicted gain"
24mp,10,comparison,0.35257879756065336,1.2140186110501598,17.628939878032668,1.5445895133372383,"Amdahl sensitivity, not an achieved or predicted gain"
24mp,10,ac_search,0.15302630978580198,1.0828524578322798,7.6513154892900985,1.180674218755369,"Amdahl sensitivity, not an achieved or predicted gain"
24mp,10,serializer,0.20143982994259516,1.112000606538599,10.071991497129758,1.2522537906293454,"Amdahl sensitivity, not an achieved or predicted gain"
24mp,10,entropy,0.11018393709051916,1.0583040536341324,5.509196854525958,1.1238277681010214,"Amdahl sensitivity, not an achieved or predicted gain"
24mp,10,orchestration,0.05541130862375282,1.028495130548423,2.770565431187641,1.0586618378238466,"Amdahl sensitivity, not an achieved or predicted gain"
48mp,1,all_gpu,0.14427034698090388,1.077743192143419,7.213517349045194,1.1685933711329324,"Amdahl sensitivity, not an achieved or predicted gain"
48mp,1,perceptual,0.0,1.0,0.0,1.0,"Amdahl sensitivity, not an achieved or predicted gain"
48mp,1,comparison,0.0,1.0,0.0,1.0,"Amdahl sensitivity, not an achieved or predicted gain"
48mp,1,ac_search,0.0,1.0,0.0,1.0,"Amdahl sensitivity, not an achieved or predicted gain"
48mp,1,serializer,0.5768646327850486,1.4053476893866825,28.84323163925243,2.3633098943771422,"Amdahl sensitivity, not an achieved or predicted gain"
48mp,1,entropy,0.03773297256929223,1.0192292751403451,1.8866486284646113,1.0392125797659728,"Amdahl sensitivity, not an achieved or predicted gain"
48mp,1,orchestration,0.20967393338889495,1.1171149419646138,10.483696669444747,1.2653005414435723,"Amdahl sensitivity, not an achieved or predicted gain"
48mp,2,all_gpu,0.15751576820367338,1.0854909721805888,7.875788410183669,1.1869658353935262,"Amdahl sensitivity, not an achieved or predicted gain"
48mp,2,perceptual,0.0,1.0,0.0,1.0,"Amdahl sensitivity, not an achieved or predicted gain"
48mp,2,comparison,0.0,1.0,0.0,1.0,"Amdahl sensitivity, not an achieved or predicted gain"
48mp,2,ac_search,0.0,1.0,0.0,1.0,"Amdahl sensitivity, not an achieved or predicted gain"
48mp,2,serializer,0.5695236336693706,1.3981356470294422,28.476181683468532,2.323007900582271,"Amdahl sensitivity, not an achieved or predicted gain"
48mp,2,entropy,0.03756510875633789,1.0191420917575162,1.8782554378168943,1.039031324714128,"Amdahl sensitivity, not an achieved or predicted gain"
48mp,2,orchestration,0.20565368898583272,1.1146120387817426,10.282684449291636,1.2588967634573238,"Amdahl sensitivity, not an achieved or predicted gain"
48mp,3,all_gpu,0.15087885637389264,1.0815949008500443,7.5439428186946325,1.177688257448844,"Amdahl sensitivity, not an achieved or predicted gain"
48mp,3,perceptual,0.0,1.0,0.0,1.0,"Amdahl sensitivity, not an achieved or predicted gain"
48mp,3,comparison,0.0,1.0,0.0,1.0,"Amdahl sensitivity, not an achieved or predicted gain"
48mp,3,ac_search,0.0,1.0,0.0,1.0,"Amdahl sensitivity, not an achieved or predicted gain"
48mp,3,serializer,0.5758286919396682,1.4043254408234958,28.79143459698341,2.3575380536058455,"Amdahl sensitivity, not an achieved or predicted gain"
48mp,3,entropy,0.037435964315929084,1.0190750281953884,1.8717982157964541,1.0388919208780996,"Amdahl sensitivity, not an achieved or predicted gain"
48mp,3,orchestration,0.2044248022906246,1.113849201387617,10.22124011453123,1.2569522062517855,"Amdahl sensitivity, not an achieved or predicted gain"
48mp,4,all_gpu,0.13583132236948356,1.072864287443202,6.791566118474178,1.1571814923238395,"Amdahl sensitivity, not an achieved or predicted gain"
48mp,4,perceptual,0.0,1.0,0.0,1.0,"Amdahl sensitivity, not an achieved or predicted gain"
48mp,4,comparison,0.0,1.0,0.0,1.0,"Amdahl sensitivity, not an achieved or predicted gain"
48mp,4,ac_search,0.0,1.0,0.0,1.0,"Amdahl sensitivity, not an achieved or predicted gain"
48mp,4,serializer,0.6087717042861601,1.4375785815754982,30.438585214308006,2.5560523381249505,"Amdahl sensitivity, not an achieved or predicted gain"
48mp,4,entropy,0.09875304638322215,1.0519411990090832,4.937652319161107,1.1095737921630893,"Amdahl sensitivity, not an achieved or predicted gain"
48mp,4,orchestration,0.19146343637364535,1.1058665001440369,9.573171818682267,1.2368024465274838,"Amdahl sensitivity, not an achieved or predicted gain"
48mp,5,all_gpu,0.5553195114169315,1.3843891544223625,27.765975570846575,2.2488056608609104,"Amdahl sensitivity, not an achieved or predicted gain"
48mp,5,perceptual,0.29032201652115724,1.1698109347646928,14.516100826057862,1.4090897890026097,"Amdahl sensitivity, not an achieved or predicted gain"
48mp,5,comparison,0.17770387655526856,1.0975164652270404,8.885193827763429,1.2161069126908177,"Amdahl sensitivity, not an achieved or predicted gain"
48mp,5,ac_search,0.16037943350939582,1.0871807134747071,8.01897167546979,1.1910141793926512,"Amdahl sensitivity, not an achieved or predicted gain"
48mp,5,serializer,0.1966038170732778,1.109018649886577,9.83019085366389,1.244715896405012,"Amdahl sensitivity, not an achieved or predicted gain"
48mp,5,entropy,0.008369354041528108,1.0042022621305369,0.4184677020764054,1.0084399913169673,"Amdahl sensitivity, not an achieved or predicted gain"
48mp,5,orchestration,0.17872352731411345,1.0981309153192678,8.936176365705673,1.2176167627566628,"Amdahl sensitivity, not an achieved or predicted gain"
48mp,6,all_gpu,0.5650639273287117,1.3937903144889126,28.253196366435585,2.2991884620151297,"Amdahl sensitivity, not an achieved or predicted gain"
48mp,6,perceptual,0.29556774647954237,1.1734112610630638,14.77838732397712,1.419582926537532,"Amdahl sensitivity, not an achieved or predicted gain"
48mp,6,comparison,0.1806470982386945,1.0992919504862477,9.032354911934725,1.2204753261389203,"Amdahl sensitivity, not an achieved or predicted gain"
48mp,6,ac_search,0.16329794292729652,1.088908237619964,8.164897146364826,1.1951685687239886,"Amdahl sensitivity, not an achieved or predicted gain"
48mp,6,serializer,0.18642976074757242,1.1027970997276735,9.321488037378622,1.2291501726008056,"Amdahl sensitivity, not an achieved or predicted gain"
48mp,6,entropy,0.008438246406557213,1.004236999626716,0.42191232032786063,1.0085100563590486,"Amdahl sensitivity, not an achieved or predicted gain"
48mp,6,orchestration,0.17634776767597096,1.0967003272609914,8.817388383798548,1.2141046436290053,"Amdahl sensitivity, not an achieved or predicted gain"
48mp,7,all_gpu,0.650559824700813,1.4820960844422584,32.52799123504065,2.8617201761183026,"Amdahl sensitivity, not an achieved or predicted gain"
48mp,7,perceptual,0.3914111456993505,1.2433257849902986,19.570557284967524,1.6431454387200939,"Amdahl sensitivity, not an achieved or predicted gain"
48mp,7,comparison,0.29742404167032327,1.1746906152499141,14.871202083516163,1.423333645485717,"Amdahl sensitivity, not an achieved or predicted gain"
48mp,7,ac_search,0.13351522785688874,1.0715329853474163,6.6757613928444375,1.154088371947565,"Amdahl sensitivity, not an achieved or predicted gain"
48mp,7,serializer,0.1477586252770469,1.0797728780349416,7.387931263852344,1.1733764983248793,"Amdahl sensitivity, not an achieved or predicted gain"
48mp,7,entropy,0.007227565974610986,1.003626889779889,0.3613782987305493,1.0072801839846675,"Amdahl sensitivity, not an achieved or predicted gain"
48mp,7,orchestration,0.14361985005550398,1.0773655385508178,7.180992502775199,1.1677057204850116,"Amdahl sensitivity, not an achieved or predicted gain"
48mp,8,all_gpu,0.629887149509973,1.4597337725025286,31.494357475498653,2.7018786261433685,"Amdahl sensitivity, not an achieved or predicted gain"
48mp,8,perceptual,0.3893078169803534,1.2417021831263242,19.46539084901767,1.637486163741888,"Amdahl sensitivity, not an achieved or predicted gain"
48mp,8,comparison,0.32134527606374497,1.191430239632738,16.06726380318725,1.4735033364240289,"Amdahl sensitivity, not an achieved or predicted gain"
48mp,8,ac_search,0.09587875044794611,1.0503532800080362,4.7939375223973055,1.106046341124544,"Amdahl sensitivity, not an achieved or predicted gain"
48mp,8,serializer,0.23124117336497124,1.1307364067292858,11.562058668248563,1.3007980726246073,"Amdahl sensitivity, not an achieved or predicted gain"
48mp,8,entropy,0.1346714932050445,1.0721971988925638,6.733574660252225,1.1556304826982382,"Amdahl sensitivity, not an achieved or predicted gain"
48mp,8,orchestration,0.10036143614427705,1.0528318586776697,5.018071807213852,1.111557507844197,"Amdahl sensitivity, not an achieved or predicted gain"
48mp,9,all_gpu,0.6672525437369978,1.500659401450265,33.36262718684989,3.005282177753462,"Amdahl sensitivity, not an achieved or predicted gain"
48mp,9,perceptual,0.43325486633310745,1.2765318091776006,21.662743316655373,1.7644615552848406,"Amdahl sensitivity, not an achieved or predicted gain"
48mp,9,comparison,0.3739381259340055,1.2299654963306945,18.696906296700273,1.5972862131109233,"Amdahl sensitivity, not an achieved or predicted gain"
48mp,9,ac_search,0.08329860658209134,1.0434593551547178,4.164930329104568,1.0908677647707217,"Amdahl sensitivity, not an achieved or predicted gain"
48mp,9,serializer,0.2056277231062663,1.1145959095301181,10.281386155313315,1.2588556135296423,"Amdahl sensitivity, not an achieved or predicted gain"
48mp,9,entropy,0.11807379490988255,1.0627409271365285,5.903689745494128,1.1338817173459739,"Amdahl sensitivity, not an achieved or predicted gain"
48mp,9,orchestration,0.09078331009439608,1.0475500295877282,4.539165504719804,1.0998478262688087,"Amdahl sensitivity, not an achieved or predicted gain"
48mp,10,all_gpu,0.6701615405952791,1.5039420659372906,33.50807702976395,3.0317871415139384,"Amdahl sensitivity, not an achieved or predicted gain"
48mp,10,perceptual,0.39648944519435453,1.2472633834595566,19.824472259717727,1.6569718491866974,"Amdahl sensitivity, not an achieved or predicted gain"
48mp,10,comparison,0.3420307904088229,1.2062950194914421,17.101539520441143,1.5198279576354956,"Amdahl sensitivity, not an achieved or predicted gain"
48mp,10,ac_search,0.13536986018809447,1.072598772967249,6.7684930094047235,1.1565638924147883,"Amdahl sensitivity, not an achieved or predicted gain"
48mp,10,serializer,0.1938100215569543,1.1073032315925153,9.690501077847715,1.240402419701681,"Amdahl sensitivity, not an achieved or predicted gain"
48mp,10,entropy,0.11265636872126117,1.0596904383781627,5.632818436063058,1.1269591224302964,"Amdahl sensitivity, not an achieved or predicted gain"
48mp,10,orchestration,0.10215188835524794,1.053825112625435,5.107594417762397,1.1137741306467948,"Amdahl sensitivity, not an achieved or predicted gain"
clic_1_8_to_3_4mp,1,all_gpu,0.20687985117646898,1.115374227048981,10.34399255882345,1.260843015378367,"Amdahl sensitivity, not an achieved or predicted gain"
clic_1_8_to_3_4mp,1,perceptual,0.0,1.0,0.0,1.0,"Amdahl sensitivity, not an achieved or predicted gain"
clic_1_8_to_3_4mp,1,comparison,0.0,1.0,0.0,1.0,"Amdahl sensitivity, not an achieved or predicted gain"
clic_1_8_to_3_4mp,1,ac_search,0.0,1.0,0.0,1.0,"Amdahl sensitivity, not an achieved or predicted gain"
clic_1_8_to_3_4mp,1,serializer,0.5648634069432887,1.3935955710948604,28.243170347164437,2.2981289460748022,"Amdahl sensitivity, not an achieved or predicted gain"
clic_1_8_to_3_4mp,1,entropy,0.12041079432839039,1.0640622929547872,6.02053971641952,1.1368943519906556,"Amdahl sensitivity, not an achieved or predicted gain"
clic_1_8_to_3_4mp,1,orchestration,0.15408399561040428,1.0834729181847884,7.704199780520214,1.1821504674351087,"Amdahl sensitivity, not an achieved or predicted gain"
clic_1_8_to_3_4mp,2,all_gpu,0.22848722962615045,1.128978595834752,11.424361481307523,1.29615482516956,"Amdahl sensitivity, not an achieved or predicted gain"
clic_1_8_to_3_4mp,2,perceptual,0.0,1.0,0.0,1.0,"Amdahl sensitivity, not an achieved or predicted gain"
clic_1_8_to_3_4mp,2,comparison,0.0,1.0,0.0,1.0,"Amdahl sensitivity, not an achieved or predicted gain"
clic_1_8_to_3_4mp,2,ac_search,0.0,1.0,0.0,1.0,"Amdahl sensitivity, not an achieved or predicted gain"
clic_1_8_to_3_4mp,2,serializer,0.5504802274831218,1.3797673118506646,27.52401137415609,2.2245962494618694,"Amdahl sensitivity, not an achieved or predicted gain"
clic_1_8_to_3_4mp,2,entropy,0.1171930404600069,1.0622437897131205,5.859652023000345,1.1327504718824069,"Amdahl sensitivity, not an achieved or predicted gain"
clic_1_8_to_3_4mp,2,orchestration,0.1479883458924656,1.079906811366033,7.39941729462328,1.1736928657947532,"Amdahl sensitivity, not an achieved or predicted gain"
clic_1_8_to_3_4mp,3,all_gpu,0.2240341588396593,1.126147785980661,11.201707941982965,1.2887165219858774,"Amdahl sensitivity, not an achieved or predicted gain"
clic_1_8_to_3_4mp,3,perceptual,0.0,1.0,0.0,1.0,"Amdahl sensitivity, not an achieved or predicted gain"
clic_1_8_to_3_4mp,3,comparison,0.0,1.0,0.0,1.0,"Amdahl sensitivity, not an achieved or predicted gain"
clic_1_8_to_3_4mp,3,ac_search,0.0,1.0,0.0,1.0,"Amdahl sensitivity, not an achieved or predicted gain"
clic_1_8_to_3_4mp,3,serializer,0.5465799218621681,1.3760646561057996,27.328996093108405,2.2054603406777615,"Amdahl sensitivity, not an achieved or predicted gain"
clic_1_8_to_3_4mp,3,entropy,0.1147357311470548,1.0608592296807617,5.73678655735274,1.1296061923923804,"Amdahl sensitivity, not an achieved or predicted gain"
clic_1_8_to_3_4mp,3,orchestration,0.14720473676508775,1.0794500826324835,7.360236838254387,1.172614393056893,"Amdahl sensitivity, not an achieved or predicted gain"
clic_1_8_to_3_4mp,4,all_gpu,0.23168434018848671,1.1310197864860747,11.584217009424336,1.3015483769331535,"Amdahl sensitivity, not an achieved or predicted gain"
clic_1_8_to_3_4mp,4,perceptual,0.0,1.0,0.0,1.0,"Amdahl sensitivity, not an achieved or predicted gain"
clic_1_8_to_3_4mp,4,comparison,0.0,1.0,0.0,1.0,"Amdahl sensitivity, not an achieved or predicted gain"
clic_1_8_to_3_4mp,4,ac_search,0.0,1.0,0.0,1.0,"Amdahl sensitivity, not an achieved or predicted gain"
clic_1_8_to_3_4mp,4,serializer,0.5546005369455951,1.3837005278621166,27.730026847279753,2.2451755849509216,"Amdahl sensitivity, not an achieved or predicted gain"
clic_1_8_to_3_4mp,4,entropy,0.14056896558725862,1.0755978377179523,7.028448279362931,1.1635604952098466,"Amdahl sensitivity, not an achieved or predicted gain"
clic_1_8_to_3_4mp,4,orchestration,0.13928518128238188,1.0748557381718362,6.964259064119094,1.1618250066728295,"Amdahl sensitivity, not an achieved or predicted gain"
clic_1_8_to_3_4mp,5,all_gpu,0.6448927023518416,1.4758978890240486,32.24463511759208,2.8160502659982045,"Amdahl sensitivity, not an achieved or predicted gain"
clic_1_8_to_3_4mp,5,perceptual,0.2785258812052643,1.1617949861484238,13.926294060263213,1.3860511055761193,"Amdahl sensitivity, not an achieved or predicted gain"
clic_1_8_to_3_4mp,5,comparison,0.16973403544154136,1.0927373609782929,8.486701772077069,1.2044333294233096,"Amdahl sensitivity, not an achieved or predicted gain"
clic_1_8_to_3_4mp,5,ac_search,0.1752760928166372,1.0960562264387672,8.763804640831859,1.212526993930913,"Amdahl sensitivity, not an achieved or predicted gain"
clic_1_8_to_3_4mp,5,serializer,0.2414943147788369,1.137329277242834,12.074715738941846,1.3183816805650213,"Amdahl sensitivity, not an achieved or predicted gain"
clic_1_8_to_3_4mp,5,entropy,0.06996737811670456,1.0362519147725242,3.498368905835228,1.075231101006997,"Amdahl sensitivity, not an achieved or predicted gain"
clic_1_8_to_3_4mp,5,orchestration,0.08097812043543225,1.0421976014436096,4.048906021771613,1.0881133760099375,"Amdahl sensitivity, not an achieved or predicted gain"
clic_1_8_to_3_4mp,6,all_gpu,0.6417806075394492,1.4725161568903822,32.08903037697246,2.7915853274474127,"Amdahl sensitivity, not an achieved or predicted gain"
clic_1_8_to_3_4mp,6,perceptual,0.27862077858090994,1.1618590343801278,13.931038929045497,1.3862334404819838,"Amdahl sensitivity, not an achieved or predicted gain"
clic_1_8_to_3_4mp,6,comparison,0.17028164658273415,1.0930644031988357,8.514082329136707,1.2052282511064323,"Amdahl sensitivity, not an achieved or predicted gain"
clic_1_8_to_3_4mp,6,ac_search,0.17345481318848396,1.0949633299197339,8.672740659424198,1.2098552093172352,"Amdahl sensitivity, not an achieved or predicted gain"
clic_1_8_to_3_4mp,6,serializer,0.24337077968091447,1.1385441941109844,12.168538984045723,1.321651309710561,"Amdahl sensitivity, not an achieved or predicted gain"
clic_1_8_to_3_4mp,6,entropy,0.07235944189957759,1.0375378291328772,3.6179720949788794,1.0780037496934716,"Amdahl sensitivity, not an achieved or predicted gain"
clic_1_8_to_3_4mp,6,orchestration,0.08367286009542856,1.0436631399478042,4.183643004771428,1.0913133055342465,"Amdahl sensitivity, not an achieved or predicted gain"
clic_1_8_to_3_4mp,7,all_gpu,0.7056621679233617,1.545191641961972,35.28310839616808,3.3974565652832034,"Amdahl sensitivity, not an achieved or predicted gain"
clic_1_8_to_3_4mp,7,perceptual,0.3506677808203863,1.2126119751633846,17.533389041019316,1.5400437102342324,"Amdahl sensitivity, not an achieved or predicted gain"
clic_1_8_to_3_4mp,7,comparison,0.26622801404008195,1.1535542252360724,13.311400702004098,1.3628211748801002,"Amdahl sensitivity, not an achieved or predicted gain"
clic_1_8_to_3_4mp,7,ac_search,0.1366535223249983,1.073337687844028,6.832676116249916,1.1582835233115298,"Amdahl sensitivity, not an achieved or predicted gain"
clic_1_8_to_3_4mp,7,serializer,0.1957571619347173,1.1084982341648815,9.787858096735864,1.2434055395577264,"Amdahl sensitivity, not an achieved or predicted gain"
clic_1_8_to_3_4mp,7,entropy,0.059911939318705636,1.0308810411923603,2.995596965935282,1.063730135318692,"Amdahl sensitivity, not an achieved or predicted gain"
clic_1_8_to_3_4mp,7,orchestration,0.07237737908016875,1.0375474837733702,3.6188689540084376,1.0780245947521194,"Amdahl sensitivity, not an achieved or predicted gain"
clic_1_8_to_3_4mp,8,all_gpu,0.5905971331309842,1.4190406781582572,29.529856656549207,2.4425818208057137,"Amdahl sensitivity, not an achieved or predicted gain"
clic_1_8_to_3_4mp,8,perceptual,0.29757628760134697,1.1747956665747288,14.878814380067348,1.4236421441200733,"Amdahl sensitivity, not an achieved or predicted gain"
clic_1_8_to_3_4mp,8,comparison,0.24578329590691048,1.140109996292606,12.289164795345524,1.3258788814581526,"Amdahl sensitivity, not an achieved or predicted gain"
clic_1_8_to_3_4mp,8,ac_search,0.0839330919538733,1.0438048857278488,4.196654597693665,1.0916233205420482,"Amdahl sensitivity, not an achieved or predicted gain"
clic_1_8_to_3_4mp,8,serializer,0.3417394418666255,1.2060830791581423,17.086972093331276,1.51915527619594,"Amdahl sensitivity, not an achieved or predicted gain"
clic_1_8_to_3_4mp,8,entropy,0.2519364234096356,1.1441231467685191,12.596821170481782,1.3367847751095556,"Amdahl sensitivity, not an achieved or predicted gain"
clic_1_8_to_3_4mp,8,orchestration,0.04972159434966002,1.0254946135924015,2.4860797174830007,1.0523231866093308,"Amdahl sensitivity, not an achieved or predicted gain"
clic_1_8_to_3_4mp,9,all_gpu,0.6336130210953121,1.4637141826418925,31.680651054765608,2.7293546375187656,"Amdahl sensitivity, not an achieved or predicted gain"
clic_1_8_to_3_4mp,9,perceptual,0.33797658790580154,1.2033524831518114,16.898829395290075,1.510520597506771,"Amdahl sensitivity, not an achieved or predicted gain"
clic_1_8_to_3_4mp,9,comparison,0.2918449741477135,1.170853915324282,14.592248707385675,1.4121201763645876,"Amdahl sensitivity, not an achieved or predicted gain"
clic_1_8_to_3_4mp,9,ac_search,0.07429203470948173,1.0385790763960796,3.7146017354740866,1.0802542891441649,"Amdahl sensitivity, not an achieved or predicted gain"
clic_1_8_to_3_4mp,9,serializer,0.3061243037415183,1.1807241844355527,15.306215187075914,1.4411803229198001,"Amdahl sensitivity, not an achieved or predicted gain"
clic_1_8_to_3_4mp,9,entropy,0.22363223722646675,1.1258929833748494,11.181611861323336,1.288049360044977,"Amdahl sensitivity, not an achieved or predicted gain"
clic_1_8_to_3_4mp,9,orchestration,0.04483986173168344,1.0229341120729876,2.2419930865841717,1.0469448628928097,"Amdahl sensitivity, not an achieved or predicted gain"
clic_1_8_to_3_4mp,10,all_gpu,0.6395290620185452,1.4700791793225816,31.97645310092726,2.7741487444168027,"Amdahl sensitivity, not an achieved or predicted gain"
clic_1_8_to_3_4mp,10,perceptual,0.31644875694741703,1.1879650282421093,15.822437847370852,1.4629481112992049,"Amdahl sensitivity, not an achieved or predicted gain"
clic_1_8_to_3_4mp,10,comparison,0.27230210540895716,1.157609791770576,13.615105270447858,1.3741966376884842,"Amdahl sensitivity, not an achieved or predicted gain"
clic_1_8_to_3_4mp,10,ac_search,0.11653413979629834,1.061872180568059,5.826706989814917,1.1319056514186399,"Amdahl sensitivity, not an achieved or predicted gain"
clic_1_8_to_3_4mp,10,serializer,0.28941284431543346,1.1691891835815944,14.470642215771672,1.4072869063283566,"Amdahl sensitivity, not an achieved or predicted gain"
clic_1_8_to_3_4mp,10,entropy,0.21268743141663798,1.118998453407182,10.634371570831899,1.2701435743612397,"Amdahl sensitivity, not an achieved or predicted gain"
clic_1_8_to_3_4mp,10,orchestration,0.056674094737641394,1.0291634535330245,2.8337047368820696,1.060079018737304,"Amdahl sensitivity, not an achieved or predicted gain"
kodak_0_4mp,1,all_gpu,0.2879026513072192,1.168157874624967,14.39513256536096,1.4043023778079373,"Amdahl sensitivity, not an achieved or predicted gain"
kodak_0_4mp,1,perceptual,0.0,1.0,0.0,1.0,"Amdahl sensitivity, not an achieved or predicted gain"
kodak_0_4mp,1,comparison,0.0,1.0,0.0,1.0,"Amdahl sensitivity, not an achieved or predicted gain"
kodak_0_4mp,1,ac_search,0.0,1.0,0.0,1.0,"Amdahl sensitivity, not an achieved or predicted gain"
kodak_0_4mp,1,serializer,0.5529732542180124,1.3821444598932966,27.648662710900616,2.2370026165899572,"Amdahl sensitivity, not an achieved or predicted gain"
kodak_0_4mp,1,entropy,0.1832375722585238,1.1008594021213425,9.16187861292619,1.2243462309661024,"Amdahl sensitivity, not an achieved or predicted gain"
kodak_0_4mp,1,orchestration,0.09324329951286614,1.048901519259927,4.662164975643307,1.1028316630721045,"Amdahl sensitivity, not an achieved or predicted gain"
kodak_0_4mp,2,all_gpu,0.3234297986968347,1.1929115753372206,16.171489934841734,1.4780432216403638,"Amdahl sensitivity, not an achieved or predicted gain"
kodak_0_4mp,2,perceptual,0.0,1.0,0.0,1.0,"Amdahl sensitivity, not an achieved or predicted gain"
kodak_0_4mp,2,comparison,0.0,1.0,0.0,1.0,"Amdahl sensitivity, not an achieved or predicted gain"
kodak_0_4mp,2,ac_search,0.0,1.0,0.0,1.0,"Amdahl sensitivity, not an achieved or predicted gain"
kodak_0_4mp,2,serializer,0.4838533464387111,1.319133604458503,24.192667321935556,1.9374338535380176,"Amdahl sensitivity, not an achieved or predicted gain"
kodak_0_4mp,2,entropy,0.18729660645933255,1.103324463961804,9.364830322966627,1.230461208785343,"Amdahl sensitivity, not an achieved or predicted gain"
kodak_0_4mp,2,orchestration,0.11462840683831073,1.0607988405331195,5.731420341915537,1.1294692620857296,"Amdahl sensitivity, not an achieved or predicted gain"
kodak_0_4mp,3,all_gpu,0.31039228542695196,1.1837067165057222,15.519614271347598,1.4500997869768946,"Amdahl sensitivity, not an achieved or predicted gain"
kodak_0_4mp,3,perceptual,0.0,1.0,0.0,1.0,"Amdahl sensitivity, not an achieved or predicted gain"
kodak_0_4mp,3,comparison,0.0,1.0,0.0,1.0,"Amdahl sensitivity, not an achieved or predicted gain"
kodak_0_4mp,3,ac_search,0.0,1.0,0.0,1.0,"Amdahl sensitivity, not an achieved or predicted gain"
kodak_0_4mp,3,serializer,0.4729211494479361,1.3096900656288752,23.646057472396805,1.8972493374617427,"Amdahl sensitivity, not an achieved or predicted gain"
kodak_0_4mp,3,entropy,0.19125025686328442,1.1057361625559212,9.562512843164221,1.236476435988128,"Amdahl sensitivity, not an achieved or predicted gain"
kodak_0_4mp,3,orchestration,0.13237063586152148,1.0708762875564355,6.618531793076074,1.152565878164993,"Amdahl sensitivity, not an achieved or predicted gain"
kodak_0_4mp,4,all_gpu,0.39225333130914425,1.2439770760828541,19.61266656545721,1.6454224293061044,"Amdahl sensitivity, not an achieved or predicted gain"
kodak_0_4mp,4,perceptual,0.0,1.0,0.0,1.0,"Amdahl sensitivity, not an achieved or predicted gain"
kodak_0_4mp,4,comparison,0.0,1.0,0.0,1.0,"Amdahl sensitivity, not an achieved or predicted gain"
kodak_0_4mp,4,ac_search,0.0,1.0,0.0,1.0,"Amdahl sensitivity, not an achieved or predicted gain"
kodak_0_4mp,4,serializer,0.44801643641516115,1.2886734414766052,22.400821820758058,1.811648146741061,"Amdahl sensitivity, not an achieved or predicted gain"
kodak_0_4mp,4,entropy,0.16721757805779058,1.0912370044888302,8.36087890288953,1.2007938372039684,"Amdahl sensitivity, not an achieved or predicted gain"
kodak_0_4mp,4,orchestration,0.0989572916350387,1.0520542180349801,4.9478645817519356,1.1098253065213828,"Amdahl sensitivity, not an achieved or predicted gain"
kodak_0_4mp,5,all_gpu,0.5035546506620996,1.336500528325272,25.17773253310498,2.0143204107636032,"Amdahl sensitivity, not an achieved or predicted gain"
kodak_0_4mp,5,perceptual,0.145604920482714,1.078518823788411,7.2802460241357005,1.1704187254507334,"Amdahl sensitivity, not an achieved or predicted gain"
kodak_0_4mp,5,comparison,0.08885186434433325,1.0464913539074512,4.442593217216662,1.0975163761712523,"Amdahl sensitivity, not an achieved or predicted gain"
kodak_0_4mp,5,ac_search,0.12247068295791916,1.0652297047221948,6.123534147895958,1.1395630671015475,"Amdahl sensitivity, not an achieved or predicted gain"
kodak_0_4mp,5,serializer,0.3187998182513795,1.1896263286860906,15.939990912568975,1.4679972595324768,"Amdahl sensitivity, not an achieved or predicted gain"
kodak_0_4mp,5,entropy,0.1322117726955646,1.0707852050691908,6.610588634778231,1.1523548816814986,"Amdahl sensitivity, not an achieved or predicted gain"
kodak_0_4mp,5,orchestration,0.1305024728885791,1.0698061757215693,6.525123644428955,1.150089527364298,"Amdahl sensitivity, not an achieved or predicted gain"
kodak_0_4mp,6,all_gpu,0.5047789415110111,1.3375948583958017,25.238947075550556,2.019300235436645,"Amdahl sensitivity, not an achieved or predicted gain"
kodak_0_4mp,6,perceptual,0.14884922517828533,1.0804090229725458,7.442461258914267,1.1748799737736995,"Amdahl sensitivity, not an achieved or predicted gain"
kodak_0_4mp,6,comparison,0.0904397612149176,1.0473615649184538,4.521988060745881,1.099432404098622,"Amdahl sensitivity, not an achieved or predicted gain"
kodak_0_4mp,6,ac_search,0.12332572849216712,1.0657150419572172,6.166286424608356,1.1406745156100606,"Amdahl sensitivity, not an achieved or predicted gain"
kodak_0_4mp,6,serializer,0.32090840472432686,1.19112024956068,16.045420236216344,1.4725554063057666,"Amdahl sensitivity, not an achieved or predicted gain"
kodak_0_4mp,6,entropy,0.1305604675597702,1.0698393637740966,6.528023377988509,1.150166242376086,"Amdahl sensitivity, not an achieved or predicted gain"
kodak_0_4mp,6,orchestration,0.12054459421441127,1.0641380443735642,6.0272297107205635,1.1370673185034694,"Amdahl sensitivity, not an achieved or predicted gain"
kodak_0_4mp,7,all_gpu,0.5803901646951899,1.4088378019518102,29.019508234759495,2.3831662555611617,"Amdahl sensitivity, not an achieved or predicted gain"
kodak_0_4mp,7,perceptual,0.20167550765627054,1.1121463387252375,10.083775382813528,1.252623475279068,"Amdahl sensitivity, not an achieved or predicted gain"
kodak_0_4mp,7,comparison,0.15373443282295482,1.0832677787833178,7.686721641147741,1.1816621623112695,"Amdahl sensitivity, not an achieved or predicted gain"
kodak_0_4mp,7,ac_search,0.09970956239380288,1.0524706962791475,4.985478119690144,1.110752661839798,"Amdahl sensitivity, not an achieved or predicted gain"
kodak_0_4mp,7,serializer,0.2443507102830223,1.1391796822487328,12.217535514151114,1.3233652351801215,"Amdahl sensitivity, not an achieved or predicted gain"
kodak_0_4mp,7,entropy,0.0948998541994472,1.0498135777316677,4.74499270997236,1.1048501148074716,"Amdahl sensitivity, not an achieved or predicted gain"
kodak_0_4mp,7,orchestration,0.1318722331688328,1.0705905856709803,6.593611658441639,1.1519041760986308,"Amdahl sensitivity, not an achieved or predicted gain"
kodak_0_4mp,8,all_gpu,0.4873592267222664,1.3221909889855805,24.367961336113318,1.950683699242607,"Amdahl sensitivity, not an achieved or predicted gain"
kodak_0_4mp,8,perceptual,0.17067633731203977,1.0933002402982381,8.533816865601988,1.2058018418995216,"Amdahl sensitivity, not an achieved or predicted gain"
kodak_0_4mp,8,comparison,0.1414814935635901,1.0761259535880932,7.074074678179505,1.1647972553915698,"Amdahl sensitivity, not an achieved or predicted gain"
kodak_0_4mp,8,ac_search,0.061172532771727614,1.0315513029424836,3.0586266385863805,1.0651584395504843,"Amdahl sensitivity, not an achieved or predicted gain"
kodak_0_4mp,8,serializer,0.38742242630599777,1.2402504119032935,19.371121315299888,1.6324463103827647,"Amdahl sensitivity, not an achieved or predicted gain"
kodak_0_4mp,8,entropy,0.29271090878751244,1.1714477707929558,14.635545439375623,1.4138490363052618,"Amdahl sensitivity, not an achieved or predicted gain"
kodak_0_4mp,8,orchestration,0.0939639210291562,1.049298081010036,4.69819605145781,1.1037088071988135,"Amdahl sensitivity, not an achieved or predicted gain"
kodak_0_4mp,9,all_gpu,0.5292025371071295,1.359806533842026,26.460126855356474,2.1240556265010055,"Amdahl sensitivity, not an achieved or predicted gain"
kodak_0_4mp,9,perceptual,0.19609275167611837,1.1087044535456687,9.804637583805919,1.243924597128543,"Amdahl sensitivity, not an achieved or predicted gain"
kodak_0_4mp,9,comparison,0.169320701192337,1.0924906406614294,8.46603505961685,1.2038340204641862,"Amdahl sensitivity, not an achieved or predicted gain"
kodak_0_4mp,9,ac_search,0.05862517213315937,1.0301977605208656,2.9312586066579684,1.0622761204121043,"Amdahl sensitivity, not an achieved or predicted gain"
kodak_0_4mp,9,serializer,0.3555388355660048,1.2162038503891195,17.77694177830024,1.5516838797854646,"Amdahl sensitivity, not an achieved or predicted gain"
kodak_0_4mp,9,entropy,0.27230970792264664,1.1576148857068733,13.615485396132332,1.3742109945500003,"Amdahl sensitivity, not an achieved or predicted gain"
kodak_0_4mp,9,orchestration,0.09015754350156953,1.0472067961390215,4.507877175078477,1.0990913787960004,"Amdahl sensitivity, not an achieved or predicted gain"
kodak_0_4mp,10,all_gpu,0.5181001569217604,1.3496188756222214,25.90500784608802,2.0751199950850436,"Amdahl sensitivity, not an achieved or predicted gain"
kodak_0_4mp,10,perceptual,0.1920065826495979,1.106198717764682,9.600329132479896,1.237633845185561,"Amdahl sensitivity, not an achieved or predicted gain"
kodak_0_4mp,10,comparison,0.16386084400393913,1.0892420617842815,8.193042200196956,1.1959731736384691,"Amdahl sensitivity, not an achieved or predicted gain"
kodak_0_4mp,10,ac_search,0.06282656950760977,1.03243208301264,3.1413284753804884,1.0670383596711666,"Amdahl sensitivity, not an achieved or predicted gain"
kodak_0_4mp,10,serializer,0.33843695741348095,1.2036858961948524,16.921847870674046,1.5115717409036193,"Amdahl sensitivity, not an achieved or predicted gain"
kodak_0_4mp,10,entropy,0.25477827361384775,1.1459861917611005,12.738913680692388,1.3418825090478228,"Amdahl sensitivity, not an achieved or predicted gain"
kodak_0_4mp,10,orchestration,0.11159538718740682,1.059095061741666,5.579769359370341,1.1256132460119808,"Amdahl sensitivity, not an achieved or predicted gain"
