case,kind,effort,distance,mode,srgb_rmse,block_error_roughness,red_green_error_roughness
alpine_lake-visual-e3-d1.2,photographic,3,1.2,both,0.015291271731257439,0.005357587710022926,0.00851905532181263
alpine_lake-visual-e3-d1.2,photographic,3,1.2,default,0.015369291417300701,0.006332672666758299,0.010223712772130966
alpine_lake-visual-e3-d1.2,photographic,3,1.2,quantize,0.015238598920404911,0.005327288061380386,0.008519966155290604
alpine_lake-visual-e3-d1.2,photographic,3,1.2,smooth,0.015348725952208042,0.005960314068943262,0.009501324035227299
alpine_lake-visual-e3-d3,photographic,3,3.0,both,0.02207999676465988,0.008114642463624477,0.012498125433921814
alpine_lake-visual-e3-d3,photographic,3,3.0,default,0.022463886067271233,0.011411301791667938,0.01817742921411991
alpine_lake-visual-e3-d3,photographic,3,3.0,quantize,0.022052302956581116,0.008335738442838192,0.013049410656094551
alpine_lake-visual-e3-d3,photographic,3,3.0,smooth,0.02227749489247799,0.009775902144610882,0.015125983394682407
alpine_lake-visual-e3-d6,photographic,3,6.0,both,0.028714725747704506,0.011231895536184311,0.01663815975189209
alpine_lake-visual-e3-d6,photographic,3,6.0,default,0.029684050008654594,0.017152175307273865,0.026703033596277237
alpine_lake-visual-e3-d6,photographic,3,6.0,quantize,0.028750957921147346,0.01207765843719244,0.018542198464274406
alpine_lake-visual-e3-d6,photographic,3,6.0,smooth,0.02925143390893936,0.014475167728960514,0.02176765538752079
alpine_lake-visual-e4-d1.2,photographic,4,1.2,both,0.015441451221704483,0.005402483511716127,0.008605493232607841
alpine_lake-visual-e4-d1.2,photographic,4,1.2,default,0.015526258386671543,0.00637423200532794,0.0102976830676198
alpine_lake-visual-e4-d1.2,photographic,4,1.2,quantize,0.01538835372775793,0.005323169752955437,0.008531277067959309
alpine_lake-visual-e4-d1.2,photographic,4,1.2,smooth,0.015499860979616642,0.006011784076690674,0.00960647314786911
alpine_lake-visual-e4-d3,photographic,4,3.0,both,0.022687915712594986,0.008350815623998642,0.012877339497208595
alpine_lake-visual-e4-d3,photographic,4,3.0,both-matched-size,0.023206090554594994,0.008574814535677433,0.013129147700965405
alpine_lake-visual-e4-d3,photographic,4,3.0,default,0.023069825023412704,0.011512257158756256,0.018328333273530006
alpine_lake-visual-e4-d3,photographic,4,3.0,quantize,0.022655518725514412,0.008551578037440777,0.013374634087085724
alpine_lake-visual-e4-d3,photographic,4,3.0,smooth,0.022883817553520203,0.01000240258872509,0.015484404750168324
alpine_lake-visual-e4-d6,photographic,4,6.0,both,0.02978217601776123,0.011616620235145092,0.017086967825889587
alpine_lake-visual-e4-d6,photographic,4,6.0,both-matched-size,0.03076249547302723,0.01209527812898159,0.017594171687960625
alpine_lake-visual-e4-d6,photographic,4,6.0,default,0.030690405517816544,0.017536554485559464,0.027195991948246956
alpine_lake-visual-e4-d6,photographic,4,6.0,quantize,0.02983882464468479,0.012478436343371868,0.018993668258190155
alpine_lake-visual-e4-d6,photographic,4,6.0,smooth,0.03036189265549183,0.014918784610927105,0.02227194420993328
alpine_lake-visual-e7-d1.2,photographic,7,1.2,both,0.014815866015851498,0.005520261358469725,0.008822612464427948
alpine_lake-visual-e7-d1.2,photographic,7,1.2,default,0.014976823702454567,0.006657016929239035,0.010816690512001514
alpine_lake-visual-e7-d1.2,photographic,7,1.2,quantize,0.014766878448426723,0.005513347219675779,0.008861486800014973
alpine_lake-visual-e7-d1.2,photographic,7,1.2,smooth,0.014898529276251793,0.00620925473049283,0.009967952966690063
alpine_lake-visual-e7-d3,photographic,7,3.0,both,0.023250412195920944,0.010246533900499344,0.01594344526529312
alpine_lake-visual-e7-d3,photographic,7,3.0,both-matched-size,0.02386193722486496,0.010498402640223503,0.016218267381191254
alpine_lake-visual-e7-d3,photographic,7,3.0,default,0.023949962109327316,0.013306048698723316,0.021049391478300095
alpine_lake-visual-e7-d3,photographic,7,3.0,quantize,0.023303527384996414,0.010489619337022305,0.016492238268256187
alpine_lake-visual-e7-d3,photographic,7,3.0,smooth,0.023576056584715843,0.011792038567364216,0.01838323287665844
alpine_lake-visual-e7-d6,photographic,7,6.0,both,0.029632514342665672,0.013826292008161545,0.01985934004187584
alpine_lake-visual-e7-d6,photographic,7,6.0,both-matched-size,0.03050476871430874,0.014572415500879288,0.020571351051330566
alpine_lake-visual-e7-d6,photographic,7,6.0,default,0.03089652769267559,0.019789213314652443,0.029927119612693787
alpine_lake-visual-e7-d6,photographic,7,6.0,quantize,0.029655715450644493,0.014571898616850376,0.021404780447483063
alpine_lake-visual-e7-d6,photographic,7,6.0,smooth,0.03029203787446022,0.01713833399116993,0.025162378326058388
campus_interior-visual-e3-d1.2,photographic,3,1.2,both,0.007220258004963398,0.0022816481068730354,0.0018213745206594467
campus_interior-visual-e3-d1.2,photographic,3,1.2,default,0.0073010278865695,0.0031326892785727978,0.003263849066570401
campus_interior-visual-e3-d1.2,photographic,3,1.2,quantize,0.007217539940029383,0.0022478001192212105,0.0017789043486118317
campus_interior-visual-e3-d1.2,photographic,3,1.2,smooth,0.007300808094441891,0.0031244438141584396,0.0032421553041785955
campus_interior-visual-e3-d3,photographic,3,3.0,both,0.013698896393179893,0.004454366862773895,0.003393337829038501
campus_interior-visual-e3-d3,photographic,3,3.0,default,0.014067605137825012,0.007809162139892578,0.005796926561743021
campus_interior-visual-e3-d3,photographic,3,3.0,quantize,0.01369225699454546,0.004385701846331358,0.0034017274156212807
campus_interior-visual-e3-d3,photographic,3,3.0,smooth,0.01404143963009119,0.007552341092377901,0.005604635924100876
campus_interior-visual-e3-d6,photographic,3,6.0,both,0.021663960069417953,0.007555809803307056,0.004515310749411583
campus_interior-visual-e3-d6,photographic,3,6.0,default,0.022076541557908058,0.010323912836611271,0.005135210230946541
campus_interior-visual-e3-d6,photographic,3,6.0,quantize,0.021661045029759407,0.007553202100098133,0.004730298183858395
campus_interior-visual-e3-d6,photographic,3,6.0,smooth,0.02205159328877926,0.010039567947387695,0.0049817743711173534
campus_interior-visual-e4-d1.2,photographic,4,1.2,both,0.007631294894963503,0.002361802849918604,0.0018428065814077854
campus_interior-visual-e4-d1.2,photographic,4,1.2,default,0.007714519277215004,0.0032835945021361113,0.003419584594666958
campus_interior-visual-e4-d1.2,photographic,4,1.2,quantize,0.007630838081240654,0.0023443952668458223,0.0017983110155910254
campus_interior-visual-e4-d1.2,photographic,4,1.2,smooth,0.007714416831731796,0.0032764608040452003,0.0033935587853193283
campus_interior-visual-e4-d3,photographic,4,3.0,both,0.014840329065918922,0.004439756274223328,0.0033421835396438837
campus_interior-visual-e4-d3,photographic,4,3.0,both-matched-size,0.015038564801216125,0.004541150294244289,0.0033762864768505096
campus_interior-visual-e4-d3,photographic,4,3.0,default,0.01513592153787613,0.00771891325712204,0.00602683937177062
campus_interior-visual-e4-d3,photographic,4,3.0,quantize,0.014840536750853062,0.00436496501788497,0.003355736844241619
campus_interior-visual-e4-d3,photographic,4,3.0,smooth,0.01510935090482235,0.007495290599763393,0.005842350423336029
campus_interior-visual-e4-d6,photographic,4,6.0,both,0.023624952882528305,0.007687436416745186,0.0044787172228097916
campus_interior-visual-e4-d6,photographic,4,6.0,both-matched-size,0.024558113887906075,0.00825344119220972,0.004494120366871357
campus_interior-visual-e4-d6,photographic,4,6.0,default,0.023976420983672142,0.010374907404184341,0.005083335097879171
campus_interior-visual-e4-d6,photographic,4,6.0,quantize,0.023643873631954193,0.0077551561407744884,0.004700648598372936
campus_interior-visual-e4-d6,photographic,4,6.0,smooth,0.02399788610637188,0.010407093912363052,0.005015113856643438
campus_interior-visual-e7-d1.2,photographic,7,1.2,both,0.007777730468660593,0.0025443818885833025,0.0019754318054765463
campus_interior-visual-e7-d1.2,photographic,7,1.2,default,0.007870825938880444,0.0034768639598041773,0.0035853954032063484
campus_interior-visual-e7-d1.2,photographic,7,1.2,quantize,0.007775940932333469,0.0025225875433534384,0.0019312591757625341
campus_interior-visual-e7-d1.2,photographic,7,1.2,smooth,0.007864735089242458,0.0034323877189308405,0.003536048112437129
campus_interior-visual-e7-d3,photographic,7,3.0,both,0.015191550366580486,0.005135518033057451,0.003548447974026203
campus_interior-visual-e7-d3,photographic,7,3.0,both-matched-size,0.015435915440320969,0.005070353392511606,0.0034913828130811453
campus_interior-visual-e7-d3,photographic,7,3.0,default,0.015613943338394165,0.008503778837621212,0.006325326859951019
campus_interior-visual-e7-d3,photographic,7,3.0,quantize,0.015181504189968109,0.004911770578473806,0.003494483884423971
campus_interior-visual-e7-d3,photographic,7,3.0,smooth,0.015572356060147285,0.008234879933297634,0.006086789071559906
campus_interior-visual-e7-d6,photographic,7,6.0,both,0.0230566393584013,0.009053662419319153,0.004729041364043951
campus_interior-visual-e7-d6,photographic,7,6.0,both-matched-size,0.023955494165420532,0.00967106968164444,0.004711119458079338
campus_interior-visual-e7-d6,photographic,7,6.0,default,0.023546526208519936,0.011888439767062664,0.005469893105328083
campus_interior-visual-e7-d6,photographic,7,6.0,quantize,0.023088324815034866,0.00915562640875578,0.005008282605558634
campus_interior-visual-e7-d6,photographic,7,6.0,smooth,0.023573866114020348,0.011861256323754787,0.005210097413510084
forest_stream-visual-e3-d1.2,photographic,3,1.2,both,0.03328656405210495,0.006661610212177038,0.005692208651453257
forest_stream-visual-e3-d1.2,photographic,3,1.2,default,0.03329605609178543,0.006861447356641293,0.005952301435172558
forest_stream-visual-e3-d1.2,photographic,3,1.2,quantize,0.03328646346926689,0.006659145932644606,0.005686282180249691
forest_stream-visual-e3-d1.2,photographic,3,1.2,smooth,0.03329610079526901,0.006862839218229055,0.005954425781965256
forest_stream-visual-e3-d3,photographic,3,3.0,both,0.048505749553442,0.010953845456242561,0.010529232211411
forest_stream-visual-e3-d3,photographic,3,3.0,default,0.048535142093896866,0.011658744886517525,0.01148800365626812
forest_stream-visual-e3-d3,photographic,3,3.0,quantize,0.04850441589951515,0.01092815212905407,0.01048597414046526
forest_stream-visual-e3-d3,photographic,3,3.0,smooth,0.0485357828438282,0.011670876294374466,0.011507761664688587
forest_stream-visual-e3-d6,photographic,3,6.0,both,0.06342563033103943,0.016627514734864235,0.01667030155658722
forest_stream-visual-e3-d6,photographic,3,6.0,default,0.06355321407318115,0.01886902190744877,0.019361024722456932
forest_stream-visual-e3-d6,photographic,3,6.0,quantize,0.0634160041809082,0.016453830525279045,0.01630752719938755
forest_stream-visual-e3-d6,photographic,3,6.0,smooth,0.06355749815702438,0.01891256310045719,0.019476935267448425
forest_stream-visual-e4-d1.2,photographic,4,1.2,both,0.033610399812459946,0.006623922847211361,0.0056553790345788
forest_stream-visual-e4-d1.2,photographic,4,1.2,default,0.033614322543144226,0.0067738499492406845,0.0059172953478991985
forest_stream-visual-e4-d1.2,photographic,4,1.2,quantize,0.03361017629504204,0.00662178173661232,0.0056503587402403355
forest_stream-visual-e4-d1.2,photographic,4,1.2,smooth,0.03361428901553154,0.006775392219424248,0.005920500494539738
forest_stream-visual-e4-d3,photographic,4,3.0,both,0.049873530864715576,0.011343567632138729,0.010866858996450901
forest_stream-visual-e4-d3,photographic,4,3.0,both-matched-size,0.050348393619060516,0.011326847597956657,0.010801843367516994
forest_stream-visual-e4-d3,photographic,4,3.0,default,0.04989762231707573,0.012073288671672344,0.011868415400385857
forest_stream-visual-e4-d3,photographic,4,3.0,quantize,0.049871958792209625,0.011310250498354435,0.010809900239109993
forest_stream-visual-e4-d3,photographic,4,3.0,smooth,0.049898333847522736,0.012088838033378124,0.011891325935721397
forest_stream-visual-e4-d6,photographic,4,6.0,both,0.06576624512672424,0.017114369198679924,0.016893595457077026
forest_stream-visual-e4-d6,photographic,4,6.0,both-matched-size,0.06679951399564743,0.017499985173344612,0.017503630369901657
forest_stream-visual-e4-d6,photographic,4,6.0,default,0.0658649429678917,0.018967777490615845,0.019448259845376015
forest_stream-visual-e4-d6,photographic,4,6.0,quantize,0.06575598567724228,0.016953472048044205,0.01656608283519745
forest_stream-visual-e4-d6,photographic,4,6.0,smooth,0.06586801260709763,0.019004205241799355,0.01956433244049549
forest_stream-visual-e7-d1.2,photographic,7,1.2,both,0.033592890948057175,0.0066652786917984486,0.005710557568818331
forest_stream-visual-e7-d1.2,photographic,7,1.2,default,0.033596064895391464,0.006849059835076332,0.005939191672950983
forest_stream-visual-e7-d1.2,photographic,7,1.2,quantize,0.03359241038560867,0.006662841886281967,0.005705857649445534
forest_stream-visual-e7-d1.2,photographic,7,1.2,smooth,0.03359586372971535,0.006850598845630884,0.005942155607044697
forest_stream-visual-e7-d3,photographic,7,3.0,both,0.051842737942934036,0.01647295244038105,0.019570842385292053
forest_stream-visual-e7-d3,photographic,7,3.0,both-matched-size,0.05239991843700409,0.016883179545402527,0.02001907490193844
forest_stream-visual-e7-d3,photographic,7,3.0,default,0.051884960383176804,0.01704704761505127,0.020136650651693344
forest_stream-visual-e7-d3,photographic,7,3.0,quantize,0.051842525601387024,0.016447067260742188,0.01953587867319584
forest_stream-visual-e7-d3,photographic,7,3.0,smooth,0.0518852174282074,0.017054971307516098,0.020154336467385292
forest_stream-visual-e7-d6,photographic,7,6.0,both,0.06737944483757019,0.026989923790097237,0.03091999515891075
forest_stream-visual-e7-d6,photographic,7,6.0,both-matched-size,0.06845663487911224,0.027573853731155396,0.03165386989712715
forest_stream-visual-e7-d6,photographic,7,6.0,default,0.06753211468458176,0.02848106250166893,0.03274150937795639
forest_stream-visual-e7-d6,photographic,7,6.0,quantize,0.0673571527004242,0.026852287352085114,0.030704444274306297
forest_stream-visual-e7-d6,photographic,7,6.0,smooth,0.06753377616405487,0.0284983329474926,0.03276733309030533
gray-gradient-e3-d1.2,synthetic-gradient,3,1.2,both,0.00014290200488176197,0.000157265443704091,1.7802198826188942e-08
gray-gradient-e3-d1.2,synthetic-gradient,3,1.2,default,0.0004856859741266817,0.000813698279671371,1.766228585609042e-08
gray-gradient-e3-d1.2,synthetic-gradient,3,1.2,quantize,0.00026036513736471534,0.0005477219820022583,2.6345473358446725e-08
gray-gradient-e3-d1.2,synthetic-gradient,3,1.2,smooth,0.00024133126134984195,0.0002871956385206431,2.2543433786381684e-08
gray-gradient-e3-d3,synthetic-gradient,3,3.0,both,0.00036077178083360195,0.00029888449353165925,2.343661797965524e-08
gray-gradient-e3-d3,synthetic-gradient,3,3.0,default,0.0010812217369675636,0.0011867349967360497,1.0614360057559225e-08
gray-gradient-e3-d3,synthetic-gradient,3,3.0,quantize,0.0005702794878743589,0.000834555656183511,1.7942722863040217e-08
gray-gradient-e3-d3,synthetic-gradient,3,3.0,smooth,0.0008239343296736479,0.00042576357373036444,1.3986546143485157e-08
gray-gradient-e3-d6,synthetic-gradient,3,6.0,both,0.0008447231375612319,0.00040622169035486877,1.7332748569742762e-08
gray-gradient-e3-d6,synthetic-gradient,3,6.0,default,0.0020156458485871553,0.0016014607390388846,8.860812528155293e-09
gray-gradient-e3-d6,synthetic-gradient,3,6.0,quantize,0.0010734680108726025,0.0011258461745455861,1.4119943436696758e-08
gray-gradient-e3-d6,synthetic-gradient,3,6.0,smooth,0.0017576272366568446,0.0005763167282566428,1.1715827419322977e-08
gray-gradient-e4-d1.2,synthetic-gradient,4,1.2,both,0.0001434472796972841,0.00015752569015603513,1.834975549286355e-08
gray-gradient-e4-d1.2,synthetic-gradient,4,1.2,default,0.0004914966993965209,0.0008161623845808208,1.8285083669411506e-08
gray-gradient-e4-d1.2,synthetic-gradient,4,1.2,quantize,0.000255620019743219,0.0005376994959078729,2.7400954394352084e-08
gray-gradient-e4-d1.2,synthetic-gradient,4,1.2,smooth,0.00022700456611346453,0.00028014459530822933,2.226550677164596e-08
gray-gradient-e4-d3,synthetic-gradient,4,3.0,both,0.0003666664706543088,0.0003001056902576238,2.1194544785885228e-08
gray-gradient-e4-d3,synthetic-gradient,4,3.0,default,0.0010559643851593137,0.0011684820055961609,1.5012805221203962e-08
gray-gradient-e4-d3,synthetic-gradient,4,3.0,quantize,0.0005679169553332031,0.0008315950981341302,1.9802660844447928e-08
gray-gradient-e4-d3,synthetic-gradient,4,3.0,smooth,0.0008357313345186412,0.000427791295805946,1.583661912718526e-08
gray-gradient-e4-d6,synthetic-gradient,4,6.0,both,0.0008262472692877054,0.00040181539952754974,1.5210268600185373e-08
gray-gradient-e4-d6,synthetic-gradient,4,6.0,default,0.001994677819311619,0.0015853556105867028,7.660167611334145e-09
gray-gradient-e4-d6,synthetic-gradient,4,6.0,quantize,0.0010508220875635743,0.0011118194088339806,1.1267389687930063e-08
gray-gradient-e4-d6,synthetic-gradient,4,6.0,smooth,0.0016828718362376094,0.0005657018045894802,1.0601145739030926e-08
gray-gradient-e7-d1.2,synthetic-gradient,7,1.2,both,0.00013773245154879987,0.00017835253675002605,1.3671726861730349e-08
gray-gradient-e7-d1.2,synthetic-gradient,7,1.2,default,0.0005522477440536022,0.0008760177297517657,1.5257384688993625e-08
gray-gradient-e7-d1.2,synthetic-gradient,7,1.2,quantize,0.0003063961339648813,0.0005961389397270977,1.4954736116123968e-08
gray-gradient-e7-d1.2,synthetic-gradient,7,1.2,smooth,0.0002642375184223056,0.0003148290270473808,1.4044981178074067e-08
gray-gradient-e7-d3,synthetic-gradient,7,3.0,both,0.0003867416235152632,0.0003281540994066745,1.4402594672446867e-08
gray-gradient-e7-d3,synthetic-gradient,7,3.0,default,0.0011891168542206287,0.0013111577136442065,1.5351282911524322e-08
gray-gradient-e7-d3,synthetic-gradient,7,3.0,quantize,0.0006546869990415871,0.0009223537635989487,1.598452392670424e-08
gray-gradient-e7-d3,synthetic-gradient,7,3.0,smooth,0.0008606764022260904,0.00046274487976916134,1.5986371337817218e-08
gray-gradient-e7-d6,synthetic-gradient,7,6.0,both,0.0008557478431612253,0.0004372863913886249,1.5743502501663897e-08
gray-gradient-e7-d6,synthetic-gradient,7,6.0,both-matched-size,0.0008973352378234267,0.00044589239405468106,1.5764163308062962e-08
gray-gradient-e7-d6,synthetic-gradient,7,6.0,default,0.0020824656821787357,0.0017477957298979163,1.1396872778846046e-08
gray-gradient-e7-d6,synthetic-gradient,7,6.0,quantize,0.0011223487090319395,0.0012231528526172042,1.595129717202326e-08
gray-gradient-e7-d6,synthetic-gradient,7,6.0,smooth,0.0017361253267154098,0.0006127564120106399,1.5095340089033016e-08
dark-gradient-e3-d1.2,synthetic-gradient,3,1.2,both,0.0001514180621597916,0.00013271853094920516,6.880174652224014e-09
dark-gradient-e3-d1.2,synthetic-gradient,3,1.2,default,0.0005361958174034953,0.0007927488768473268,6.602002500244453e-09
dark-gradient-e3-d1.2,synthetic-gradient,3,1.2,quantize,0.0002835186314769089,0.0005529742920771241,9.369374609491388e-09
dark-gradient-e3-d1.2,synthetic-gradient,3,1.2,smooth,0.00031708276947028935,0.0002841331297531724,7.964219506106929e-09
dark-gradient-e3-d3,synthetic-gradient,3,3.0,both,0.000453963759355247,0.0002973196387756616,8.206272994470964e-09
dark-gradient-e3-d3,synthetic-gradient,3,3.0,default,0.0012220038333907723,0.0011717587476596236,4.144523835236669e-09
dark-gradient-e3-d3,synthetic-gradient,3,3.0,quantize,0.0006464515463449061,0.0008246239158324897,6.075878467015627e-09
dark-gradient-e3-d3,synthetic-gradient,3,3.0,smooth,0.0009970266837626696,0.0004211657214909792,5.217254184231024e-09
dark-gradient-e3-d6,synthetic-gradient,3,6.0,both,0.001015343121252954,0.0004013280267827213,5.030003524808535e-09
dark-gradient-e3-d6,synthetic-gradient,3,6.0,default,0.002276139333844185,0.0015815678052604198,3.0272897522110043e-09
dark-gradient-e3-d6,synthetic-gradient,3,6.0,quantize,0.001215935917571187,0.0011123489821329713,3.904132572785102e-09
dark-gradient-e3-d6,synthetic-gradient,3,6.0,smooth,0.0020510421600192785,0.0005696529406122863,3.867213660413427e-09
dark-gradient-e4-d1.2,synthetic-gradient,4,1.2,both,0.00015921903832349926,0.00013533903984352946,6.8671104358486446e-09
dark-gradient-e4-d1.2,synthetic-gradient,4,1.2,default,0.0005424604169093072,0.0007942323572933674,5.991716456321683e-09
dark-gradient-e4-d1.2,synthetic-gradient,4,1.2,quantize,0.0002874844358302653,0.0005562510341405869,9.441596837689303e-09
dark-gradient-e4-d1.2,synthetic-gradient,4,1.2,smooth,0.00034150612191297114,0.0002899580867961049,7.51526130216007e-09
dark-gradient-e4-d3,synthetic-gradient,4,3.0,both,0.000457903923233971,0.0002979536075145006,7.557687808912306e-09
dark-gradient-e4-d3,synthetic-gradient,4,3.0,default,0.0012080344604328275,0.001162670087069273,4.23935775373252e-09
dark-gradient-e4-d3,synthetic-gradient,4,3.0,quantize,0.0006533898413181305,0.0008276232401840389,5.024968885436465e-09
dark-gradient-e4-d3,synthetic-gradient,4,3.0,smooth,0.0009926317725330591,0.00042004164424724877,4.822772847745682e-09
dark-gradient-e4-d6,synthetic-gradient,4,6.0,both,0.0009690208826214075,0.0003947005607187748,5.2683910567452585e-09
dark-gradient-e4-d6,synthetic-gradient,4,6.0,default,0.002210180973634124,0.0015591606497764587,3.4397718007284084e-09
dark-gradient-e4-d6,synthetic-gradient,4,6.0,quantize,0.0011669030645862222,0.0010904533555731177,4.675492881744958e-09
dark-gradient-e4-d6,synthetic-gradient,4,6.0,smooth,0.001984082628041506,0.0005628053331747651,4.337990411329429e-09
dark-gradient-e7-d1.2,synthetic-gradient,7,1.2,both,0.0001576836220920086,0.0001534575567347929,5.0737809509371345e-09
dark-gradient-e7-d1.2,synthetic-gradient,7,1.2,default,0.0006463297759182751,0.0008937411475926638,5.759820620454548e-09
dark-gradient-e7-d1.2,synthetic-gradient,7,1.2,quantize,0.00035498145734891295,0.0006311174365691841,5.337125408289012e-09
dark-gradient-e7-d1.2,synthetic-gradient,7,1.2,smooth,0.00036867603193968534,0.0003151546698063612,5.1994279992584325e-09
dark-gradient-e7-d3,synthetic-gradient,7,3.0,both,0.0004721948935184628,0.00032186813768930733,5.268116609613571e-09
dark-gradient-e7-d3,synthetic-gradient,7,3.0,default,0.0013022429775446653,0.0012851061765104532,6.200218116703127e-09
dark-gradient-e7-d3,synthetic-gradient,7,3.0,quantize,0.0007316739647649229,0.0009178665350191295,6.394366369733007e-09
dark-gradient-e7-d3,synthetic-gradient,7,3.0,smooth,0.0010524765821173787,0.00046204825048334897,5.631158650487578e-09
dark-gradient-e7-d6,synthetic-gradient,7,6.0,both,0.0010053067235276103,0.00042976942495442927,6.0762039844064475e-09
dark-gradient-e7-d6,synthetic-gradient,7,6.0,default,0.002307999413460493,0.0017263382906094193,4.274280041016709e-09
dark-gradient-e7-d6,synthetic-gradient,7,6.0,quantize,0.0012793508358299732,0.001223648665472865,5.207470454848817e-09
dark-gradient-e7-d6,synthetic-gradient,7,6.0,smooth,0.002052775351330638,0.0006123621133156121,4.369291151107291e-09
sky-gradient-e3-d1.2,synthetic-gradient,3,1.2,both,0.0008233532425947487,0.00029885818366892636,0.00021718679636251181
sky-gradient-e3-d1.2,synthetic-gradient,3,1.2,default,0.001822720980271697,0.002145111095160246,0.0009482034365646541
sky-gradient-e3-d1.2,synthetic-gradient,3,1.2,quantize,0.000954766757786274,0.0010125469416379929,0.0006011988734826446
sky-gradient-e3-d1.2,synthetic-gradient,3,1.2,smooth,0.0015119342133402824,0.0007517784251831472,0.00034101164783351123
sky-gradient-e3-d3,synthetic-gradient,3,3.0,both,0.0018116680439561605,0.0005232373951002955,0.00030817356309853494
sky-gradient-e3-d3,synthetic-gradient,3,3.0,default,0.004079624079167843,0.0031529301777482033,0.0016265746671706438
sky-gradient-e3-d3,synthetic-gradient,3,3.0,quantize,0.0019981309305876493,0.0016707188915461302,0.0008532712236046791
sky-gradient-e3-d3,synthetic-gradient,3,3.0,smooth,0.003658210625872016,0.0012338947271928191,0.0005854983464814723
sky-gradient-e3-d6,synthetic-gradient,3,6.0,both,0.003100222907960415,0.0007944987155497074,0.00037312571657821536
sky-gradient-e3-d6,synthetic-gradient,3,6.0,default,0.006995212286710739,0.004000184591859579,0.0020155387464910746
sky-gradient-e3-d6,synthetic-gradient,3,6.0,quantize,0.0033537920098751783,0.002295515965670347,0.001034387620165944
sky-gradient-e3-d6,synthetic-gradient,3,6.0,smooth,0.0065601724199950695,0.0015881826402619481,0.0007218193495646119
sky-gradient-e4-d1.2,synthetic-gradient,4,1.2,both,0.0008092694915831089,0.0002976230171043426,0.00022309969062916934
sky-gradient-e4-d1.2,synthetic-gradient,4,1.2,default,0.0016533366870135069,0.002093165647238493,0.0008290780242532492
sky-gradient-e4-d1.2,synthetic-gradient,4,1.2,quantize,0.0009549924288876355,0.0010173586197197437,0.0006313552148640156
sky-gradient-e4-d1.2,synthetic-gradient,4,1.2,smooth,0.0013750616926699877,0.0007004429353401065,0.00030321782105602324
sky-gradient-e4-d3,synthetic-gradient,4,3.0,both,0.0018310187151655555,0.0005100019043311477,0.00030840301769785583
sky-gradient-e4-d3,synthetic-gradient,4,3.0,both-matched-size,0.002097419695928693,0.0005975243402644992,0.0003016091650351882
sky-gradient-e4-d3,synthetic-gradient,4,3.0,default,0.004080996848642826,0.003178892657160759,0.001595118548721075
sky-gradient-e4-d3,synthetic-gradient,4,3.0,quantize,0.001947440323419869,0.0016358549473807216,0.0008249697857536376
sky-gradient-e4-d3,synthetic-gradient,4,3.0,smooth,0.003151145065203309,0.0011727303499355912,0.0004296176484785974
sky-gradient-e4-d6,synthetic-gradient,4,6.0,both,0.0034906610380858183,0.000786739808972925,0.0003914751287084073
sky-gradient-e4-d6,synthetic-gradient,4,6.0,default,0.007687757257372141,0.00419166823849082,0.002127376152202487
sky-gradient-e4-d6,synthetic-gradient,4,6.0,quantize,0.00385879585519433,0.0022910237312316895,0.0011520474217832088
sky-gradient-e4-d6,synthetic-gradient,4,6.0,smooth,0.0063801780343055725,0.001526123145595193,0.0007227829191833735
sky-gradient-e7-d1.2,synthetic-gradient,7,1.2,both,0.0007945659453980625,0.000327311921864748,0.00023838863126002252
sky-gradient-e7-d1.2,synthetic-gradient,7,1.2,default,0.0019704285077750683,0.0023905320558696985,0.0009706335258670151
sky-gradient-e7-d1.2,synthetic-gradient,7,1.2,quantize,0.0010233146604150534,0.0011461738031357527,0.0006988687673583627
sky-gradient-e7-d1.2,synthetic-gradient,7,1.2,smooth,0.0014023256953805685,0.0008250494720414281,0.00035338758607394993
sky-gradient-e7-d3,synthetic-gradient,7,3.0,both,0.0018451189389452338,0.0005653979605995119,0.0003322868433315307
sky-gradient-e7-d3,synthetic-gradient,7,3.0,both-matched-size,0.002770693739876151,0.0007355266716331244,0.0004420496989041567
sky-gradient-e7-d3,synthetic-gradient,7,3.0,default,0.003789810463786125,0.003423622576519847,0.0013150862650945783
sky-gradient-e7-d3,synthetic-gradient,7,3.0,quantize,0.002115928567945957,0.0018237679032608867,0.0010787241626530886
sky-gradient-e7-d3,synthetic-gradient,7,3.0,smooth,0.003700057277455926,0.0012816664529964328,0.00056295475224033
sky-gradient-e7-d6,synthetic-gradient,7,6.0,both,0.0031546580139547586,0.0008345660171471536,0.0004070534196216613
sky-gradient-e7-d6,synthetic-gradient,7,6.0,both-matched-size,0.005230478476732969,0.0011796432081609964,0.0004198028182145208
sky-gradient-e7-d6,synthetic-gradient,7,6.0,default,0.007513355929404497,0.004429813474416733,0.0023136066738516092
sky-gradient-e7-d6,synthetic-gradient,7,6.0,quantize,0.0038311078678816557,0.0025348588824272156,0.0011845930712297559
sky-gradient-e7-d6,synthetic-gradient,7,6.0,smooth,0.00707712909206748,0.0016313048545271158,0.0008159943390637636
chroma-gradient-e3-d1.2,synthetic-gradient,3,1.2,both,0.0007659833645448089,0.00023420964134857059,0.0004115314222872257
chroma-gradient-e3-d1.2,synthetic-gradient,3,1.2,default,0.0016847122460603714,0.0010058787884190679,0.001618191134184599
chroma-gradient-e3-d1.2,synthetic-gradient,3,1.2,quantize,0.0008573265513405204,0.0006509912782348692,0.0011406984413042665
chroma-gradient-e3-d1.2,synthetic-gradient,3,1.2,smooth,0.0015668155392631888,0.00038036081241443753,0.0005825430271215737
chroma-gradient-e3-d3,synthetic-gradient,3,3.0,both,0.0017216429114341736,0.00033185622305609286,0.000605601177085191
chroma-gradient-e3-d3,synthetic-gradient,3,3.0,default,0.0035944480914622545,0.0013681752607226372,0.002385667059570551
chroma-gradient-e3-d3,synthetic-gradient,3,3.0,quantize,0.0018140043830499053,0.0009067397331818938,0.001677454449236393
chroma-gradient-e3-d3,synthetic-gradient,3,3.0,smooth,0.003494524396955967,0.00048120971769094467,0.0008597345440648496
chroma-gradient-e3-d6,synthetic-gradient,3,6.0,both,0.003318438772112131,0.00045462854905053973,0.0007943545933812857
chroma-gradient-e3-d6,synthetic-gradient,3,6.0,default,0.005819026380777359,0.0017475496279075742,0.003082293551415205
chroma-gradient-e3-d6,synthetic-gradient,3,6.0,quantize,0.0034140031784772873,0.0012773172929883003,0.0021981499157845974
chroma-gradient-e3-d6,synthetic-gradient,3,6.0,smooth,0.005709574557840824,0.0006305188871920109,0.0011116378009319305
chroma-gradient-e4-d1.2,synthetic-gradient,4,1.2,both,0.000765600532758981,0.00023103550483938307,0.0004114241455681622
chroma-gradient-e4-d1.2,synthetic-gradient,4,1.2,default,0.0017606141045689583,0.0009812366915866733,0.001617901842109859
chroma-gradient-e4-d1.2,synthetic-gradient,4,1.2,quantize,0.0008498146780766547,0.0006436704425141215,0.00113209942355752
chroma-gradient-e4-d1.2,synthetic-gradient,4,1.2,smooth,0.0016749395290389657,0.0003604062076192349,0.000586141599342227
chroma-gradient-e4-d3,synthetic-gradient,4,3.0,both,0.00178148178383708,0.00034363806480541825,0.0005949947517365217
chroma-gradient-e4-d3,synthetic-gradient,4,3.0,both-matched-size,0.00201208284124732,0.0003531792026478797,0.0006412828806787729
chroma-gradient-e4-d3,synthetic-gradient,4,3.0,default,0.0034872107207775116,0.001296740141697228,0.002318456070497632
chroma-gradient-e4-d3,synthetic-gradient,4,3.0,quantize,0.0018572475528344512,0.0009350111940875649,0.0016922299982979894
chroma-gradient-e4-d3,synthetic-gradient,4,3.0,smooth,0.003654546570032835,0.0005476415390148759,0.0008368294220417738
chroma-gradient-e4-d6,synthetic-gradient,4,6.0,both,0.003321536350995302,0.0004687644250225276,0.0007983310497365892
chroma-gradient-e4-d6,synthetic-gradient,4,6.0,default,0.005852697882801294,0.0018417362589389086,0.003233476309105754
chroma-gradient-e4-d6,synthetic-gradient,4,6.0,quantize,0.0033600544556975365,0.001265432219952345,0.0022047071252018213
chroma-gradient-e4-d6,synthetic-gradient,4,6.0,smooth,0.005096044857054949,0.0005724808434024453,0.0011715040309354663
chroma-gradient-e7-d1.2,synthetic-gradient,7,1.2,both,0.0007804720080457628,0.0002581002190709114,0.0004438247997313738
chroma-gradient-e7-d1.2,synthetic-gradient,7,1.2,default,0.0018747992580756545,0.0011217216961085796,0.0018127717776224017
chroma-gradient-e7-d1.2,synthetic-gradient,7,1.2,quantize,0.0008679304155521095,0.0006964628701098263,0.0012431395007297397
chroma-gradient-e7-d1.2,synthetic-gradient,7,1.2,smooth,0.0017040926031768322,0.00039527638000436127,0.000636354845482856
chroma-gradient-e7-d3,synthetic-gradient,7,3.0,both,0.0016842924524098635,0.0003526835353113711,0.0006484659970737994
chroma-gradient-e7-d3,synthetic-gradient,7,3.0,default,0.0036249712575227022,0.0015150265535339713,0.0026135784573853016
chroma-gradient-e7-d3,synthetic-gradient,7,3.0,quantize,0.0019691477064043283,0.0010820480529218912,0.0018337195506319404
chroma-gradient-e7-d3,synthetic-gradient,7,3.0,smooth,0.0035070800222456455,0.0005279974429868162,0.0009331119945272803
chroma-gradient-e7-d6,synthetic-gradient,7,6.0,both,0.0033506122417747974,0.0005040410906076431,0.0008733418071642518
chroma-gradient-e7-d6,synthetic-gradient,7,6.0,default,0.005805975291877985,0.001957343891263008,0.0035146933514624834
chroma-gradient-e7-d6,synthetic-gradient,7,6.0,quantize,0.0038054033648222685,0.001513287890702486,0.0024740591179579496
chroma-gradient-e7-d6,synthetic-gradient,7,6.0,smooth,0.0051570795476436615,0.0008050641627050936,0.0012314468622207642
