case,kernel,trace_calls_per_encode,s103_gpu_ms_per_encode,s103_kernel_percent,profiled_ns,gpc_mhz,dram_mhz,dram_read_bytes,dram_write_bytes,dram_GB_s,dram_percent,lsu_percent_active,l2_percent_elapsed,fma_percent_active,occupancy_percent,eligible_warps,issue_active_percent,registers_per_thread,static_shared_bytes,long_scoreboard_cycles_per_issue,mio_throttle_cycles_per_issue,anomalies
4k,"void unnamed>::PairedMaltaScaleResponseKernel<64, 1, 0>(const float *, const float *, float *, CudaButteraugliMaltaParams)",16.0,14.350326333333333,8.58877717618824,830080.0,1049.71167438,5494.73143151,99597184.0,33183360.0,159.96114109483423,60.65,82.37,37.06,33.57,102.9,1.78,62.58,40.0,11520.0,9.5,2.0,sm__warps_active.avg.pct_of_peak_sustained_active=102.9
4k,"void unnamed>::ConvolutionLowMediumRowsKernel<48>(const float *, const float *, const float *, const float *, const float *, const float *, const float *, float *, float *, float *, float *, float *, float *, unnamed>::LowMediumParams)",6.0,10.405513333333333,6.2277772189934915,2009440.0,1282.1188988,5495.384452050001,264266752.0,199373440.0,230.7310454654033,87.47,38.33,29.94,10.94,46.85,0.39,24.32,54.0,30856.0,17.15,1.52,
4k,"unnamed>::ErosionL2FinalKernel(unnamed>::DifferencePlan, unnamed>::FinalPlan)",4.0,9.850518333333333,5.895608578491825,2752192.0,1259.8517835999999,5495.430551359999,663673472.0,34346624.0,253.62332860498105,96.15,14.7,42.43,12.25,92.4,0.47,29.17,40.0,0.0,32.55,0.03,
4k,"void unnamed>::FusedMirroredOpsinKernel<32, 16>(unnamed>::OpsinConvolutionPlan)",6.0,9.362943333333334,5.6037913100613,1163520.0,1282.3151586,5495.26952695,99518720.0,98278528.0,169.9990099009901,64.45,77.21,26.84,30.67,81.15,2.8,71.96,37.0,16320.0,1.85,2.11,
4k,"void unnamed>::PairedMaltaScaleResponseKernel<64, 0, 0>(const float *, const float *, float *, CudaButteraugliMaltaParams)",8.0,9.195958166666665,5.503849444286633,639808.0,1275.2393426400001,5495.24857457,66401024.0,33226880.0,155.71531459437833,59.03,86.1,25.01,37.95,80.29,2.54,74.28,48.0,11520.0,3.03,2.35,
4k,"void unnamed>::ConvolutionTiledKernel<1, 15>(const float *, const float *, float *, unsigned int, unsigned int, unsigned int, unsigned int)",18.0,7.703812333333334,4.610789051150554,352032.0,1275.5885828599999,5494.773202439999,33162240.0,33145216.0,188.35633124261432,71.41,79.17,23.07,19.59,94.19,1.6,53.97,39.0,4384.0,6.34,4.19,
4k,"void unnamed>::ConvolutionHorizontalPairsKernel<256, 4>(const float *, const float *, const float *, const float *, float *, float *, float *, unsigned int, unsigned int, unsigned int)",6.0,5.919967499999999,3.5431446342562487,823712.0,1281.15733007,5495.150408560001,99489280.0,99502464.0,241.57927042461444,91.59,67.43,42.94,25.5,77.53,1.46,51.33,48.0,13960.0,6.98,3.07,
4k,"void unnamed>::EpfTiledKernel<1>(const float *, const float *, const float *, const float *, float *, float *, float *, unsigned int *, CudaAqEpfParams, unsigned int)",2.0,5.131979333333333,3.0715278484238233,977472.0,1276.1095288,5495.18758594,100041856.0,99301376.0,203.93753682969947,77.32,70.67,30.06,33.69,98.63,3.6,74.53,40.0,15552.0,3.53,2.18,
4k,"unnamed>::GaborishKernel(const float *, const float *, const float *, float *, float *, float *, unsigned int *, CudaAqGaborishParams)",2.0,5.083241833333333,3.0423580917297093,905376.0,1282.1277200499999,5495.069451810001,99500800.0,99556224.0,219.86116707312763,83.36,46.31,49.44,26.02,91.28,2.45,75.95,40.0,0.0,5.54,0.09,
4k,"void unnamed>::EncodeResidentCoefficientsShapeKernel<32, 32, 256, 0>(const CudaAqAnchor *, const float *, const int *, const signed char *, const signed char *, const float *, int *, float *, float *, int *, float *, const unsigned char *, const unsigned int *, const float *, unsigned int *, CudaAqExactBatch, CudaAqResidentParams)",2.0,4.194114666666667,2.510208861223551,1313920.0,1278.20288399,5495.43757103,101169664.0,202844672.0,231.3796395518753,87.72,28.35,26.34,12.72,79.01,0.62,37.18,48.0,256.0,15.33,0.07,
4k,"void unnamed>::ConvolutionTiledKernel<1, 7>(const float *, const float *, float *, unsigned int, unsigned int, unsigned int, unsigned int)",12.0,3.908992666666667,2.339561220943701,309408.0,1267.78019099,5493.84631296,33160832.0,33160576.0,214.34936394663356,81.28,59.41,26.03,18.93,94.46,1.63,53.6,31.0,4224.0,9.21,1.63,
4k,"void unnamed>::EpfTiledKernel<2>(const float *, const float *, const float *, const float *, float *, float *, float *, unsigned int *, CudaAqEpfParams, unsigned int)",2.0,3.258298,1.9501156172745655,841024.0,1276.29453301,5494.86340461,100035200.0,99378944.0,237.10874362681685,89.9,42.4,33.36,21.98,98.5,1.89,57.84,38.0,13872.0,8.97,1.84,
4k,"void unnamed>::ConvolutionFrequencyKernel<1>(const float *, const float *, float *, float *, CudaButteraugliFrequencyParams)",6.0,3.232409,1.934620857981333,652064.0,1278.41438877,5495.6077931,66738176.0,66460544.0,204.27246405260834,77.44,44.91,42.3,9.69,92.22,0.44,30.46,39.0,10048.0,27.83,0.63,
4k,"void unnamed>::ConvolutionFrequencyKernel<0>(const float *, const float *, float *, float *, CudaButteraugliFrequencyParams)",6.0,3.223528833333333,1.9293060121014693,649152.0,1278.66303526,5495.28410398,66793088.0,66471552.0,205.29034802326728,77.83,45.13,41.2,10.0,92.71,0.44,30.56,39.0,10048.0,27.87,0.61,
4k,"void unnamed>::ConvolutionTiledKernel<1, 13>(const float *, const float *, float *, unsigned int, unsigned int, unsigned int, unsigned int)",7.0,3.1009023333333334,1.8559131386621097,337856.0,1273.94609932,5494.47496369,33161856.0,32808960.0,195.26311801477553,74.04,75.48,24.0,19.81,94.05,1.61,54.13,39.0,4344.0,6.89,3.55,
4k,"unnamed>::MaskPrecomputeKernel(const float *, const float *, const float *, const float *, float *, unnamed>::PlaneParams)",7.0,3.0925766666666665,1.8509301651615615,653600.0,1279.68023256,5494.70420237,132646784.0,33440896.0,254.11211750305998,96.35,12.42,27.07,8.02,85.95,0.32,22.77,18.0,0.0,38.98,0.02,
4k,"void unnamed>::ConvolutionFrequencyKernel<4>(const float *, const float *, float *, float *, CudaButteraugliFrequencyParams)",6.0,3.015481,1.8047878345365356,642848.0,1278.5344799000002,5495.279340270001,66509184.0,66460288.0,206.84434267509582,78.42,29.22,41.66,11.23,91.81,0.45,32.33,31.0,8992.0,25.54,0.21,
4k,"void unnamed>::InverseDctFactoredKernel<32, 32, unnamed>::AcStrategyResidualDctSource, unnamed>::AcStrategyDctLossOutput<32, 32>>(T3, T4, unsigned long long)",1.0,2.9848939999999993,1.7864812872576867,2267904.0,1277.51968337,5495.4283779200005,257191552.0,2153472.0,114.35449825036686,43.35,39.99,38.36,21.78,41.15,1.59,65.4,89.0,8448.0,1.93,0.05,
4k,"void unnamed>::ConvolutionFrequencyKernel<3>(const float *, const float *, float *, float *, CudaButteraugliFrequencyParams)",6.0,2.911446666666667,1.7425225113014966,641856.0,1278.35371174,5495.2637351700005,66500224.0,66454400.0,207.1408914148968,78.53,29.29,42.47,8.35,92.05,0.37,27.21,31.0,8992.0,31.98,0.26,
4k,"void unnamed>::InverseDctFactoredKernel<16, 16, unnamed>::AcStrategyResidualDctSource, unnamed>::AcStrategyDctLossOutput<16, 16>>(T3, T4, unsigned long long)",1.0,2.8631946666666668,1.7136433299728604,2056256.0,1274.83769855,5495.3468828800005,340498304.0,4935552.0,167.9916586261633,63.69,64.69,34.58,24.48,65.65,2.08,72.71,43.0,4352.0,3.41,0.15,
4k,"void unnamed>::ConvolutionTiledKernel<0, 13>(const float *, const float *, float *, unsigned int, unsigned int, unsigned int, unsigned int)",7.0,2.8046641666666665,1.6786123898510883,302560.0,1281.6036488599998,5494.65891063,33163520.0,33172992.0,219.25076679005818,83.13,79.21,30.97,18.2,96.52,1.51,56.43,39.0,9784.0,8.54,2.97,
4k,"void unnamed>::SelectAdjustedQuantizationCooperativeKernel<32, 32, 1>(const CudaAqAnchor *, const float *, int *, const float *, float *, const unsigned int *, unsigned int *, CudaAqExactBatch, CudaAqResidentParams)",3.0,2.7597203333333336,1.6517131709080948,644352.0,1280.2831371700001,5495.431068729999,99132288.0,894592.0,155.23639253079062,58.85,19.2,17.3,8.62,97.08,0.33,25.91,40.0,12.0,36.68,0.01,
4k,"unnamed>::Symmetric5ConvolutionKernel(const float *, float *, unsigned int, unsigned int, unsigned int, unsigned int, float, float, float, float, float, float)",4.0,2.7583226666666665,1.650876656999787,664608.0,1276.98031521,5495.112908659999,33217152.0,31870464.0,97.93384370937454,37.13,55.12,31.84,22.21,92.71,3.14,75.09,36.0,0.0,4.05,0.0,
4k,"void unnamed>::EncodeResidentCoefficientsShapeKernel<32, 32, 256, 1>(const CudaAqAnchor *, const float *, const int *, const signed char *, const signed char *, const float *, int *, float *, float *, int *, float *, const unsigned char *, const unsigned int *, const float *, unsigned int *, CudaAqExactBatch, CudaAqResidentParams)",1.0,2.715654666666667,1.6253395412547353,1340160.0,629.19551894,5495.19261382,100027008.0,101009920.0,150.0096466093601,56.87,49.04,21.39,25.41,84.57,1.59,64.55,45.0,128.0,3.27,0.1,
4k,"void unnamed>::ConvolutionTiledKernel<0, 15>(const float *, const float *, float *, unsigned int, unsigned int, unsigned int, unsigned int)",6.0,2.3517466666666667,1.4075378932620861,316960.0,1274.43525997,5493.79101464,33163136.0,33195648.0,209.36012115093388,79.39,83.79,30.12,18.32,95.53,1.64,56.27,39.0,10048.0,7.61,3.85,
4k,"unnamed>::ReduceMaximumKernel(const float *, float *, unnamed>::ReductionParams)",6.0,2.201716,1.3177434219961732,311776.0,1282.3287659500002,5494.81679154,33158400.0,1551488.0,111.32956994765473,42.21,33.68,11.7,9.1,89.12,0.95,50.3,16.0,1024.0,5.55,0.07,
4k,"void unnamed>::InverseDctFactoredKernel<8, 16, unnamed>::AcStrategyResidualDctSource, unnamed>::AcStrategyDctLossOutput<8, 16>>(T3, T4, unsigned long long)",1.0,2.1243541666666665,1.2714417886390263,1450304.0,1282.30403189,5495.25616698,210416256.0,5421056.0,148.8221172940294,56.42,79.96,23.81,22.65,65.17,1.79,67.14,46.0,2304.0,3.85,0.58,
4k,"unnamed>::SuppressXKernel(float *, const float *, unnamed>::PlaneParams)",6.0,2.0446763333333333,1.2237540120348198,405376.0,1278.9484330599998,5495.00052626,66313344.0,33013888.0,245.02494474265868,92.9,13.35,26.18,10.85,81.57,0.4,27.61,16.0,0.0,28.28,0.07,
4k,"void unnamed>::InverseDctFactoredKernel<16, 8, unnamed>::AcStrategyResidualDctSource, unnamed>::AcStrategyDctLossOutput<16, 8>>(T3, T4, unsigned long long)",1.0,1.977613833333333,1.1836166063759523,1344992.0,1282.31890351,5495.3724631800005,210558208.0,5431680.0,160.58823249506318,60.88,75.85,23.87,23.57,65.1,1.89,68.72,40.0,2176.0,3.79,0.38,
4k,"unnamed>::SubsampleKernel(const float *, float *, unnamed>::SubsampleParams)",9.0,1.8390026666666668,1.1006567909001077,166880.0,1281.65348354,5491.85043145,33158400.0,8690560.0,250.77277085330778,95.13,12.27,26.78,7.16,85.97,0.3,21.57,22.0,0.0,42.48,0.02,
4k,"unnamed>::ModulationKernel(const float *, const float *, const float *, float *, unsigned int *, CudaAqGeometry, float, float)",1.0,1.8013483333333333,1.0781203919914149,1927904.0,1280.7401198399998,5495.244576489999,286965760.0,1630592.0,149.69435822530582,56.75,3.01,26.46,2.99,70.88,0.06,5.21,45.0,0.0,156.85,0.01,
4k,"unnamed>::SelectionHistogramKernel(const float *, const float *, unsigned int *, const unsigned int *, unsigned int, unsigned int, bool)",32.0,1.7937770000000002,1.0735888926083246,109056.0,1281.18275626,5492.9577464799995,521216.0,62976.0,5.356807511737089,2.03,1.21,4.61,0.25,71.71,0.02,0.96,16.0,0.0,67.55,86.94,
4k,"unnamed>::OpsinToLinearKernel(const float *, const float *, const float *, float *, float *, float *, unsigned int *, CudaAqColorParams)",2.0,1.7913958333333333,1.072163746625974,801696.0,1279.24425219,5495.33655317,99492736.0,99414400.0,248.10793118588592,94.06,11.8,34.92,9.06,83.34,0.37,22.61,20.0,0.0,37.26,0.14,
4k,"void unnamed>::ForwardDctFactoredKernel<16, 16, unnamed>::AcStrategyDctSource<16, 16>>(T3, float *, unsigned long long)",1.0,1.7764356666666667,1.0632099754688555,1716160.0,1281.61127168,5495.23276773,101924352.0,303574400.0,236.28260302069737,89.58,31.23,36.51,12.79,65.55,0.83,26.45,44.0,4352.0,9.03,9.64,
4k,"void unnamed>::InverseDctFactoredKernel<16, 32, unnamed>::AcStrategyResidualDctSource, unnamed>::AcStrategyDctLossOutput<16, 32>>(T3, T4, unsigned long long)",1.0,1.6321329999999998,0.9768437548588829,1156864.0,1274.54797337,5495.31607288,182839680.0,2313984.0,160.04790882938704,60.68,78.5,43.35,25.48,65.42,2.53,71.79,64.0,4352.0,2.4,0.7,
4k,"void unnamed>::ForwardDctFactoredKernel<16, 8, unnamed>::AcStrategyDctSource<16, 8>>(T3, float *, unsigned long long)",1.0,1.6161596666666667,0.9672835959067965,1394048.0,1274.62134255,5495.17950601,102280576.0,173363968.0,197.72959324212653,74.96,44.4,25.7,12.14,65.29,0.77,27.07,30.0,2176.0,20.46,2.42,
4k,"void unnamed>::InverseDctFactoredKernel<32, 32, const float *, unnamed>::AqDctImageOutput>(T3, T4, unsigned long long)",2.0,1.6125696666666667,0.9651349541723647,794368.0,1278.8212348299999,5495.3271028,99002880.0,98477824.0,248.6010312600709,94.25,20.78,32.92,9.1,40.68,0.27,12.99,64.0,8448.0,15.4,10.39,
4k,"void unnamed>::InverseDctFactoredKernel<32, 16, unnamed>::AcStrategyResidualDctSource, unnamed>::AcStrategyDctLossOutput<32, 16>>(T3, T4, unsigned long long)",1.0,1.4836383333333334,0.8879685910314346,1107200.0,1275.62168834,5495.028901729999,183227520.0,2332416.0,167.59387283236995,63.54,70.76,43.02,25.53,65.25,2.61,72.3,64.0,4224.0,2.45,0.4,
4k,"unnamed>::ReduceButteraugliKernel(const float *, unsigned int, const CudaAqAnchor *, float *, unsigned int, unsigned int *, unsigned int, unsigned int, CudaAqExactBatch)",4.0,1.4189913333333335,0.8492768801105954,232448.0,1278.20128946,5493.392070479999,33005824.0,588800.0,144.52533039647577,54.81,49.78,18.58,15.09,81.63,0.8,45.12,27.0,1024.0,10.49,0.67,
4k,"unnamed>::ComposeKernel(const float *, const float *, float *, unnamed>::ComposeParams)",2.0,1.3536673333333333,0.8101799796481932,300896.0,1281.77842178,5493.84948066,41483008.0,31903104.0,243.89194937785814,92.49,18.0,29.49,11.81,81.19,0.68,37.18,16.0,0.0,18.67,0.02,
4k,"void unnamed>::ForwardDctFactoredKernel<32, 16, unnamed>::AcStrategyDctSource<32, 16>>(T3, float *, unsigned long long)",1.0,1.3080985,0.7829066935508764,1206848.0,1267.89675806,5495.2537519200005,100127744.0,147939584.0,205.5497693164342,77.93,42.35,26.69,14.86,65.05,0.93,27.58,40.0,4224.0,20.06,2.16,
4k,"void unnamed>::ForwardDctFactoredKernel<32, 32, unnamed>::AcStrategyDctSource<32, 32>>(T3, float *, unsigned long long)",1.0,1.3011751666666667,0.7787630269933881,1299680.0,1276.1459231,5495.50658624,100265728.0,222073088.0,248.01398498091837,94.02,29.11,36.6,15.29,40.66,0.61,25.61,54.0,8448.0,7.99,4.11,
4k,"void unnamed>::ForwardDctFactoredKernel<8, 16, unnamed>::AcStrategyDctSource<8, 16>>(T3, float *, unsigned long long)",1.0,1.2104848333333333,0.7244841871300087,1109920.0,1275.9000648699998,5495.40147038,102347648.0,173177472.0,248.23871990774109,94.11,42.46,33.9,18.13,64.82,0.93,43.13,40.0,2304.0,11.75,0.61,
4k,"void unnamed>::CooperativeFinalCflKernel<2>(const CudaAqColorTransformRecord *, const unsigned int *, const float *, const float *, const int *, const unsigned int *, signed char *, signed char *, unsigned int *, unsigned int)",1.0,1.2053806666666667,0.7214293053697034,547968.0,1277.4450332899999,5494.97780892,100045696.0,1413504.0,185.15533753795842,70.2,93.51,19.58,23.11,57.71,1.56,58.06,40.0,0.0,2.57,2.85,
4k,"void unnamed>::ForwardDctFactoredKernel<16, 32, unnamed>::AcStrategyDctSource<16, 32>>(T3, float *, unsigned long long)",1.0,1.0384803333333334,0.6215382129767842,998304.0,1276.5019473,5495.40019874,100229376.0,147786496.0,248.437221527711,94.18,38.54,32.16,19.13,65.57,1.51,41.34,52.0,4352.0,6.27,4.13,
4k,"void unnamed>::InverseDctFactoredKernel<8, 8, unnamed>::AcStrategyResidualDctSource, unnamed>::AcStrategyDctLossOutput<8, 8>>(T3, T4, unsigned long long)",1.0,1.023616,0.6126417987833286,749728.0,1275.793799,5495.4116693000005,136359552.0,5949056.0,189.81364975030945,71.96,65.09,23.66,22.04,64.92,1.48,64.61,40.0,2304.0,5.17,0.14,
4k,"unnamed>::PackAcGroupsKernel(const CudaAqAnchor *, const unsigned long long *, const int *, int *, CudaAqExactBatch, unsigned int, unsigned int)",2.0,0.9541103333333334,0.5710421396804022,792704.0,1281.4955729600001,5495.45185424,98950144.0,97543296.0,247.87744227353463,93.97,11.97,26.64,0.64,91.2,0.08,7.06,28.0,0.0,148.84,0.0,
4k,"unnamed>::PrefetchedInitialCflKernel(const float *, const float *, const float *, signed char *, signed char *, unsigned int *, CudaAqGeometry)",1.0,0.8962310000000001,0.5364009276578144,898656.0,1280.36831298,5495.13940818,199049856.0,1407488.0,223.0634903678382,84.57,9.36,23.66,2.3,17.05,0.07,6.42,48.0,0.0,29.16,0.0,
4k,"void unnamed>::ForwardDctFactoredKernel<8, 8, unnamed>::AcStrategyDctSource<8, 8>>(T3, float *, unsigned long long)",1.0,0.8160423333333333,0.48840741349947436,816672.0,1278.0622657200001,5495.08248109,102744960.0,98653824.0,246.60914540966263,93.5,22.98,36.05,7.22,64.8,0.26,18.58,38.0,2304.0,33.39,1.71,
4k,"void unnamed>::ForwardDctFactoredKernel<32, 32, unnamed>::AqDctImageSource<32>>(T3, float *, unsigned long long)",1.0,0.8079676666666665,0.4835746653681023,795008.0,1281.98877663,5495.41136693,99014912.0,98491648.0,248.4334245693125,94.18,21.13,36.64,11.44,41.02,0.25,15.61,48.0,8448.0,20.91,3.31,
4k,"unnamed>::LinearRgbToOpsinKernel(const float *, const float *, const float *, float *, float *, float *, unsigned int *, CudaLinearRgbToOpsinParams)",1.0,0.8018503333333332,0.47991339581282905,802240.0,1277.7169758,5495.01396091,99469312.0,98214528.0,246.41483845233347,93.42,11.85,26.82,23.7,80.63,1.17,43.08,20.0,0.0,16.77,0.04,
4k,"unnamed>::SelectionBucketKernel(unsigned int *, unsigned int *, float *, unsigned int, bool)",32.0,0.7860136666666667,0.4704350328784879,6112.0,1277.4323734700001,5500.8726003500005,27392.0,16000.0,7.099476439790576,2.69,2.76,1.62,0.5,16.54,0.02,2.26,16.0,0.0,5.81,0.0,
4k,"unnamed>::OpsinMatrixScaleStatsKernel(const float *, const float *, const float *, unsigned int *, unsigned int *, CudaLinearRgbToOpsinParams)",1.0,0.7456404999999999,0.44627139197286914,757152.0,1279.36574602,5495.6257132,99491968.0,1427200.0,133.2878576560585,50.53,25.03,32.02,7.38,84.6,0.39,23.68,22.0,0.0,17.82,6.17,
4k,"void unnamed>::CoefficientOrderPopulationKernel<0>(const int *, unnamed>::PopulationBatches, const unsigned char *, unsigned int *)",1.0,0.5012073333333333,0.29997632144938013,397632.0,1282.20984897,5494.286174149999,99576832.0,1486080.0,254.16191855786255,96.37,13.76,27.11,5.92,96.89,0.24,18.08,30.0,3072.0,55.77,0.01,
4k,"unnamed>::InitialGradientKernel(const float *, float *, float *, unsigned int *, CudaAqGeometry)",1.0,0.34730516666666666,0.20786472860272837,346816.0,1281.13178169,5494.248631359999,45557376.0,35631360.0,234.097434951098,88.77,24.79,68.69,26.51,71.1,1.27,60.36,48.0,0.0,7.59,0.07,
4k,"unnamed>::FinalizeCostKernel(const float *, const AcStrategyCandidateDevice *, const AcStrategyChannelRateDevice *, float *, CudaAcStrategyBatchParams)",7.0,0.16296416666666666,0.09753526733061306,36896.0,1272.7395923699999,5490.60422087,8303104.0,328064.0,233.93235039028622,88.76,7.71,36.96,6.52,89.43,0.2,15.06,22.0,0.0,65.9,0.04,
4k,"unnamed>::PrepareQuantNormsKernel(const AcStrategyCandidateDevice *, const float *, float *, CudaAcStrategyBatchParams)",7.0,0.10159666666666667,0.060806361581937855,18400.0,1274.87318841,5481.73913043,3639040.0,162048.0,206.5808695652174,78.51,9.03,24.89,0.81,88.4,0.14,8.72,35.0,0.0,109.44,0.04,
4k,"void unnamed>::SelectAdjustedQuantizationCooperativeKernel<32, 16, 1>(const CudaAqAnchor *, const float *, int *, const float *, float *, const unsigned int *, unsigned int *, CudaAqExactBatch, CudaAqResidentParams)",3.0,0.0908175,0.05435495006037903,13280.0,1274.3975903599999,5448.99598394,799104.0,101504.0,67.81686746987951,25.93,10.51,9.0,4.16,25.09,0.14,12.69,40.0,12.0,14.57,0.02,
4k,"void unnamed>::EncodeResidentCoefficientsShapeKernel<32, 16, 256, 0>(const CudaAqAnchor *, const float *, const int *, const signed char *, const signed char *, const float *, int *, float *, float *, int *, float *, const unsigned char *, const unsigned int *, const float *, unsigned int *, CudaAqExactBatch, CudaAqResidentParams)",2.0,0.05606016666666666,0.033552427225404705,13088.0,1269.9674001600001,5476.7726161400005,38912.0,1399680.0,109.91687041564792,41.81,25.19,23.03,11.6,63.86,0.74,35.25,47.0,256.0,10.0,0.21,
4k,"unnamed>::ResidentPolicyUpdateKernel(float *, const float *, const float *, const float *, float *, const unsigned int *, unsigned int *, CudaAqResidentPolicyParams)",2.0,0.05017716666666666,0.030031407915192355,9536.0,1254.99860179,5476.51006711,1524864.0,24192.0,162.44295302013424,61.8,16.38,24.21,18.58,75.12,0.92,46.26,19.0,0.0,11.87,0.19,
4k,"unnamed>::RawQuantKernel(const float *, const unsigned int *, int *, unsigned int *, unsigned int)",4.0,0.03946733333333333,0.0236214929099531,4128.0,1237.40310078,5457.36434109,4736.0,312448.0,76.83720930232558,29.33,32.35,28.65,13.14,74.61,1.05,43.18,16.0,0.0,8.67,0.5,
4k,"void unnamed>::EncodeResidentCoefficientsShapeKernel<32, 16, 256, 1>(const CudaAqAnchor *, const float *, const int *, const signed char *, const signed char *, const float *, int *, float *, float *, int *, float *, const unsigned char *, const unsigned int *, const float *, unsigned int *, CudaAqExactBatch, CudaAqResidentParams)",1.0,0.03708366666666667,0.022194850658985427,11008.0,1197.0082364300001,5441.86046512,30592.0,442368.0,42.96511627906977,16.45,26.26,20.91,13.66,62.6,0.93,42.89,42.0,128.0,7.16,0.21,
4k,"void unnamed>::InverseDctFactoredKernel<32, 16, const float *, unnamed>::AqDctImageOutput>(T3, T4, unsigned long long)",2.0,0.0270725,0.01620309285665881,5728.0,1250.52374302,5452.51396648,11776.0,549888.0,98.05586592178771,37.47,63.08,29.16,18.94,20.73,0.54,32.41,40.0,4224.0,1.42,1.28,
4k,"unnamed>::FuzzyErosionKernel(const float *, float *, float *, unsigned int *, CudaAqGeometry, float, float, float, float)",1.0,0.026470166666666666,0.015842591871132506,27008.0,1274.02991706,5478.67298578,2030976.0,1343360.0,124.93838862559242,47.51,24.6,17.4,31.9,83.73,3.69,81.6,40.0,0.0,1.79,0.02,
4k,"unnamed>::SelectionInitializeKernel(unsigned int *, unsigned int *, unsigned int)",8.0,0.02586783333333333,0.0154820908856062,2048.0,1249.34895833,5333.33333333,2560.0,1664.0,2.0625,0.81,11.17,0.91,1.12,15.56,0.07,6.38,16.0,0.0,0.64,0.0,
4k,"void unnamed>::ForwardDctFactoredKernel<32, 16, unnamed>::AqDctImageSource<32>>(T3, float *, unsigned long long)",1.0,0.018811,0.011258523583954523,11904.0,1260.02464158,5462.365591399999,751360.0,516992.0,106.54838709677419,40.64,24.14,13.99,8.67,23.17,0.23,13.74,40.0,4224.0,14.6,0.75,
4k,"unnamed>::FinalizeQuantizerKernel(const float *, unsigned int *, unsigned int *, unsigned int, float)",4.0,0.0172645,0.01033293181729748,2144.0,1248.60074627,5253.73134328,5120.0,256.0,2.5074626865671643,0.99,0.79,1.21,0.57,2.12,0.06,5.96,17.0,0.0,3.62,0.0,
4k,"unnamed>::AdjustQuantFieldKernel(const CudaAqAnchor *, float *, unsigned int *, unsigned int, CudaAqExactBatch, float)",2.0,0.0161015,0.009636867656533078,6176.0,1267.3791019,5443.86873921,524032.0,0.0,84.84974093264249,32.47,11.08,19.96,3.31,16.55,0.16,14.7,36.0,0.0,7.23,0.0,
4k,"unnamed>::ReducePositiveRangeKernel(const float *, unsigned int, float *, unsigned int *)",1.0,0.011291,0.006757747583139149,8832.0,1277.0229468599998,5449.27536232,2944.0,384.0,0.37681159420289856,0.14,18.97,9.77,2.85,74.41,0.21,13.38,16.0,0.0,52.29,0.16,
4k,"unnamed>::ResidentPolicyInitializeKernel(const float *, float *, float *, unsigned int *, CudaAqResidentPolicyParams)",1.0,0.007253666666666666,0.004341373517453164,6528.0,1257.35294118,5411.76470588,521216.0,420352.0,144.23529411764707,55.53,13.81,17.76,2.3,70.68,0.26,14.21,16.0,0.0,35.64,0.07,
4k,unnamed>::InitializePositiveRangeKernel(float *),1.0,0.002709333333333333,0.001621556176180291,1984.0,1239.0793010799998,5333.33333333,4608.0,0.0,2.3225806451612905,0.91,0.92,0.99,0.08,2.07,0.03,3.14,16.0,0.0,0.0,0.0,
1080p,"void unnamed>::ConvolutionLowMediumRowsKernel<48>(const float *, const float *, const float *, const float *, const float *, const float *, const float *, float *, float *, float *, float *, float *, float *, unnamed>::LowMediumParams)",6.0,1.8216365,6.619287088189041,486112.0,1274.9997257100001,5494.4813815200005,60255872.0,49925760.0,226.65894279507603,85.94,40.18,31.17,11.45,46.71,0.42,25.63,54.0,30856.0,15.86,1.61,
1080p,"unnamed>::ErosionL2FinalKernel(unnamed>::DifferencePlan, unnamed>::FinalPlan)",4.0,1.7540458333333333,6.373682640128873,695424.0,1279.09304252,5495.306460520001,165767936.0,9458560.0,251.9707344008835,95.52,14.59,41.18,12.16,91.72,0.55,28.9,40.0,0.0,32.25,0.02,
1080p,"void unnamed>::PairedMaltaScaleResponseKernel<64, 1, 0>(const float *, const float *, float *, CudaButteraugliMaltaParams)",8.0,1.4717076666666669,5.347749430556255,194272.0,1281.5022236900002,5494.09762258,25078912.0,8278400.0,171.70416735298963,65.11,73.22,28.17,29.82,91.61,1.68,59.73,40.0,11520.0,8.83,2.25,
1080p,"void unnamed>::FusedMirroredOpsinKernel<32, 16>(unnamed>::OpsinConvolutionPlan)",6.0,1.1517578333333334,4.1851465728227994,300704.0,1276.1054059800001,5493.951970489999,24860800.0,23663360.0,161.36852186868148,61.19,76.05,25.98,30.13,80.74,2.75,71.03,37.0,16320.0,1.88,2.12,
1080p,"void unnamed>::ConvolutionTiledKernel<1, 15>(const float *, const float *, float *, unsigned int, unsigned int, unsigned int, unsigned int)",18.0,1.1231628333333332,4.08124081869086,95936.0,1274.01601067,5491.661107399999,8290816.0,8276864.0,172.69513008672448,65.51,76.31,21.32,19.04,90.19,1.54,52.74,39.0,4384.0,6.14,3.86,
1080p,"void unnamed>::ConvolutionHorizontalPairsKernel<256, 4>(const float *, const float *, const float *, const float *, float *, float *, float *, unsigned int, unsigned int, unsigned int)",6.0,0.8596816666666668,3.123828357698972,219296.0,1273.96912544,5494.43066297,24870528.0,24871552.0,226.8262075003648,86.01,68.32,40.88,25.33,72.36,1.53,52.28,48.0,13960.0,5.75,2.59,
1080p,"void unnamed>::PairedMaltaScaleResponseKernel<64, 0, 0>(const float *, const float *, float *, CudaButteraugliMaltaParams)",4.0,0.7254270000000002,2.6359866935712546,176672.0,1280.6047364600001,5492.72474793,16711296.0,8327168.0,141.72287629052707,53.75,79.41,22.49,34.98,78.68,2.24,68.12,48.0,11520.0,3.57,2.74,
1080p,"unnamed>::MaskPrecomputeKernel(const float *, const float *, const float *, const float *, float *, unnamed>::PlaneParams)",7.0,0.6804018333333334,2.4723785838522043,167168.0,1281.97581674,5493.61919347,33135232.0,8690304.0,250.20061255742726,94.88,12.22,26.59,7.89,87.59,0.33,22.47,18.0,0.0,40.23,0.03,
1080p,"void unnamed>::EncodeResidentCoefficientsShapeKernel<32, 32, 256, 0>(const CudaAqAnchor *, const float *, const int *, const signed char *, const signed char *, const float *, int *, float *, float *, int *, float *, const unsigned char *, const unsigned int *, const float *, unsigned int *, CudaAqExactBatch, CudaAqResidentParams)",2.0,0.6712443333333332,2.4391029432345,337184.0,1276.61356015,5494.79611528,25001856.0,48983552.0,219.42146721078106,83.19,27.62,25.68,12.4,78.21,0.62,36.14,48.0,256.0,15.97,0.1,
1080p,"unnamed>::Symmetric5ConvolutionKernel(const float *, float *, unsigned int, unsigned int, unsigned int, unsigned int, float, float, float, float, float, float)",4.0,0.6606093333333334,2.400458505563818,168320.0,1275.61391001,5493.53612167,8313472.0,6930816.0,90.56730038022813,34.35,54.92,32.43,22.13,91.93,3.15,74.9,36.0,0.0,3.89,0.0,
1080p,"void unnamed>::ConvolutionFrequencyKernel<0>(const float *, const float *, float *, float *, CudaButteraugliFrequencyParams)",6.0,0.629899,2.2888662571062826,164480.0,1277.15426394,5494.16342412,16607488.0,16581248.0,201.77976653696498,76.51,45.16,39.68,10.02,89.89,0.46,30.64,39.0,10048.0,26.55,0.87,
1080p,"void unnamed>::ConvolutionFrequencyKernel<1>(const float *, const float *, float *, float *, CudaButteraugliFrequencyParams)",6.0,0.6284208333333333,2.283495037584244,164416.0,1276.86680939,5494.22602829,16582016.0,16590848.0,201.76177500973142,76.51,45.32,40.02,9.8,89.82,0.47,30.81,39.0,10048.0,26.51,0.81,
1080p,"void unnamed>::ConvolutionTiledKernel<1, 7>(const float *, const float *, float *, unsigned int, unsigned int, unsigned int, unsigned int)",12.0,0.6218935,2.259776643023288,80736.0,1275.8083960899999,5491.8747522799995,8289536.0,8281472.0,205.24930638129212,77.86,59.95,24.92,19.15,94.07,1.56,54.12,31.0,4224.0,8.48,1.36,
1080p,"void unnamed>::ConvolutionFrequencyKernel<4>(const float *, const float *, float *, float *, CudaButteraugliFrequencyParams)",6.0,0.6199033333333334,2.252544967263601,161344.0,1281.3594968900002,5494.1160915,16573696.0,16597632.0,205.59381197937327,77.96,29.43,38.56,11.31,89.73,0.48,32.65,31.0,8992.0,24.59,0.5,
1080p,"void unnamed>::ConvolutionFrequencyKernel<3>(const float *, const float *, float *, float *, CudaButteraugliFrequencyParams)",6.0,0.6195206666666667,2.251154470023484,162304.0,1281.35884924,5493.16508938,16585600.0,16597376.0,204.4495268138801,77.54,29.13,38.06,8.31,88.99,0.39,27.29,31.0,8992.0,30.64,0.62,
1080p,"void unnamed>::InverseDctFactoredKernel<32, 32, unnamed>::AcStrategyResidualDctSource, unnamed>::AcStrategyDctLossOutput<32, 32>>(T3, T4, unsigned long long)",1.0,0.5561211666666668,2.020779479322737,577056.0,1281.82879998,5495.11081536,63747072.0,1613312.0,113.26523595630233,42.94,38.92,35.06,21.2,40.53,1.56,63.78,89.0,8448.0,1.99,0.07,
1080p,"void unnamed>::SelectAdjustedQuantizationCooperativeKernel<32, 32, 1>(const CudaAqAnchor *, const float *, int *, const float *, float *, const unsigned int *, unsigned int *, CudaAqExactBatch, CudaAqResidentParams)",3.0,0.5395765,1.9606610646746672,172896.0,1278.40821457,5494.231599729999,24480256.0,463360.0,144.26947991856377,54.7,18.06,16.37,8.1,92.27,0.31,24.41,40.0,12.0,37.09,0.0,
1080p,"void unnamed>::InverseDctFactoredKernel<16, 16, unnamed>::AcStrategyResidualDctSource, unnamed>::AcStrategyDctLossOutput<16, 16>>(T3, T4, unsigned long long)",1.0,0.5161573333333335,1.8755627547029394,531872.0,1274.17561619,5495.05645469,85157632.0,2265600.0,164.36893087058542,62.32,62.64,32.97,23.7,65.17,2.0,70.39,43.0,4352.0,3.78,0.16,
1080p,"void unnamed>::EpfTiledKernel<1>(const float *, const float *, const float *, const float *, float *, float *, float *, unsigned int *, CudaAqEpfParams, unsigned int)",2.0,0.5142798333333333,1.8687404762142972,255456.0,1275.64564282,5494.34214372,25019904.0,24684416.0,194.57096329700613,73.78,68.48,28.69,32.69,96.75,3.45,72.26,40.0,15552.0,3.51,2.18,
1080p,"unnamed>::GaborishKernel(const float *, const float *, const float *, float *, float *, float *, unsigned int *, CudaAqGaborishParams)",2.0,0.4734093333333333,1.7202291936736638,230048.0,1274.37607224,5494.320025970001,24873728.0,24914176.0,216.42398108220894,82.06,45.88,49.37,25.85,91.13,2.46,75.5,40.0,0.0,5.52,0.09,
1080p,"void unnamed>::EpfTiledKernel<2>(const float *, const float *, const float *, const float *, float *, float *, float *, unsigned int *, CudaAqEpfParams, unsigned int)",2.0,0.43018699999999993,1.5631720459085985,212800.0,1275.5075187999998,5493.73433584,25021952.0,24734592.0,233.81834586466167,88.67,42.13,32.98,21.92,96.97,1.95,57.46,38.0,13872.0,8.55,1.91,
1080p,"void unnamed>::ForwardDctFactoredKernel<16, 16, unnamed>::AcStrategyDctSource<16, 16>>(T3, float *, unsigned long long)",1.0,0.42438966666666667,1.5421062549677271,424832.0,1276.0683438800002,5494.8277593699995,25465728.0,75134720.0,236.80054233202773,89.78,31.56,37.15,12.92,64.76,0.84,26.81,44.0,4352.0,8.69,9.38,
1080p,"void unnamed>::PairedMaltaScaleResponseKernel<24, 1, 0>(const float *, const float *, float *, CudaButteraugliMaltaParams)",8.0,0.4237978333333334,1.539955708060211,57120.0,1271.67366947,5491.69000934,6261888.0,2120832.0,146.7563025210084,55.67,66.33,24.04,27.8,85.07,1.55,58.25,40.0,5120.0,7.44,2.26,
1080p,"unnamed>::SuppressXKernel(float *, const float *, unnamed>::PlaneParams)",6.0,0.40570616666666665,1.4742159539597157,103488.0,1278.2512626300002,5493.300350439999,16570880.0,8180224.0,239.16883116883116,90.7,13.27,25.82,10.78,82.45,0.4,27.43,16.0,0.0,28.55,0.09,
1080p,"unnamed>::OpsinToLinearKernel(const float *, const float *, const float *, float *, float *, float *, unsigned int *, CudaAqColorParams)",2.0,0.40519466666666676,1.4723573145738624,203520.0,1277.30116614,5494.33962264,24865664.0,24744320.0,243.75974842767295,92.43,11.79,40.8,9.05,84.25,0.37,22.62,20.0,0.0,38.2,0.08,
1080p,"void unnamed>::InverseDctFactoredKernel<32, 32, const float *, unnamed>::AqDctImageOutput>(T3, T4, unsigned long long)",2.0,0.3918928333333333,1.424022395048163,196032.0,1278.21648166,5494.39547285,24391680.0,24022400.0,246.97029056480574,93.64,20.99,38.01,9.19,39.98,0.27,13.17,64.0,8448.0,15.72,9.49,
1080p,"void unnamed>::ConvolutionTiledKernel<1, 13>(const float *, const float *, float *, unsigned int, unsigned int, unsigned int, unsigned int)",7.0,0.391241,1.4216538259252978,91264.0,1280.0593150999998,5492.28611501,8290432.0,7817600.0,176.4992987377279,66.95,72.58,22.27,19.19,92.08,1.55,53.55,39.0,4344.0,6.63,3.08,
1080p,"unnamed>::SubsampleKernel(const float *, float *, unnamed>::SubsampleParams)",9.0,0.38752433333333336,1.4081485609189317,44672.0,1276.25805874,5489.9713467,8287104.0,2371968.0,238.60744985673352,90.55,11.8,25.28,6.88,82.53,0.31,20.92,22.0,0.0,41.0,0.05,
1080p,"void unnamed>::InverseDctFactoredKernel<8, 16, unnamed>::AcStrategyResidualDctSource, unnamed>::AcStrategyDctLossOutput<8, 16>>(T3, T4, unsigned long long)",1.0,0.36145466666666665,1.3134191195841434,370752.0,1281.9872403499999,5494.90764716,52607488.0,2358784.0,148.2561712411531,56.21,78.35,23.37,22.2,64.6,1.74,65.88,46.0,2304.0,3.99,0.61,
1080p,"unnamed>::ModulationKernel(const float *, const float *, const float *, float *, unsigned int *, CudaAqGeometry, float, float)",1.0,0.3555716666666666,1.2920420413691336,367200.0,1279.56427015,5494.14669572,55661184.0,1465088.0,155.57263616557734,58.99,3.8,29.19,3.77,63.1,0.08,7.05,45.0,0.0,104.66,0.02,
1080p,"void unnamed>::ConvolutionTiledKernel<0, 13>(const float *, const float *, float *, unsigned int, unsigned int, unsigned int, unsigned int)",7.0,0.354206,1.2870796135008755,84352.0,1272.35078402,5493.171471930001,8290560.0,8316288.0,196.87556904400606,74.67,71.89,27.7,16.55,91.39,1.47,52.11,39.0,9784.0,8.55,3.49,
1080p,"unnamed>::SelectionHistogramKernel(const float *, const float *, unsigned int *, const unsigned int *, unsigned int, unsigned int, bool)",32.0,0.35224516666666666,1.2799545263798038,28864.0,1278.6054139,5487.06577975,132480.0,25344.0,5.467849223946785,2.08,1.3,4.45,0.27,34.9,0.03,1.31,16.0,0.0,16.25,0.0,
1080p,"void unnamed>::ForwardDctFactoredKernel<16, 8, unnamed>::AcStrategyDctSource<16, 8>>(T3, float *, unsigned long long)",1.0,0.3442596666666667,1.2509375863685923,351616.0,1267.13422218,5494.478825390001,25539712.0,42519040.0,193.55988350928286,73.39,44.19,25.72,12.09,64.25,0.77,27.19,30.0,2176.0,20.06,2.36,
1080p,"void unnamed>::ConvolutionTiledKernel<0, 15>(const float *, const float *, float *, unsigned int, unsigned int, unsigned int, unsigned int)",6.0,0.34232883333333336,1.2439215103551953,90528.0,1273.1051902899999,5491.6931778,8290816.0,8306816.0,183.3425238600212,69.55,76.3,26.36,16.73,92.49,1.54,51.34,39.0,10048.0,7.89,4.45,
1080p,"void unnamed>::InverseDctFactoredKernel<16, 8, unnamed>::AcStrategyResidualDctSource, unnamed>::AcStrategyDctLossOutput<16, 8>>(T3, T4, unsigned long long)",1.0,0.335998,1.2209171385495083,344704.0,1276.47102055,5494.73944795,52653824.0,2359552.0,159.5959896026736,60.51,74.41,23.42,23.12,64.7,1.84,67.53,40.0,2176.0,3.93,0.41,
1080p,"unnamed>::PrefetchedInitialCflKernel(const float *, const float *, const float *, signed char *, signed char *, unsigned int *, CudaAqGeometry)",1.0,0.326323,1.1857610563244163,333504.0,1281.6208101500001,5495.04253822,49694592.0,1400832.0,153.2078295912493,58.09,6.4,16.04,1.57,4.41,0.08,8.17,48.0,0.0,9.11,0.0,
1080p,"void unnamed>::ForwardDctFactoredKernel<32, 32, unnamed>::AcStrategyDctSource<32, 32>>(T3, float *, unsigned long long)",1.0,0.32015783333333336,1.1633586680799999,320832.0,1280.64324423,5495.04621318,24860672.0,53859328.0,245.36205864751645,93.02,29.59,36.8,15.54,40.37,0.61,25.93,54.0,8448.0,7.99,3.83,
1080p,"void unnamed>::ForwardDctFactoredKernel<32, 16, unnamed>::AcStrategyDctSource<32, 16>>(T3, float *, unsigned long long)",1.0,0.2951066666666667,1.0723301538507677,297216.0,1269.10507285,5494.688486939999,24852480.0,35486848.0,203.01507321274764,76.97,43.11,26.96,15.12,65.37,0.94,28.0,40.0,4224.0,19.52,2.19,
1080p,"void unnamed>::InverseDctFactoredKernel<16, 32, unnamed>::AcStrategyResidualDctSource, unnamed>::AcStrategyDctLossOutput<16, 32>>(T3, T4, unsigned long long)",1.0,0.287885,1.0460887577644071,297888.0,1275.4995165999999,5493.75156658,45316480.0,1618688.0,157.55978085723493,59.75,75.75,39.41,24.59,64.34,2.41,69.2,64.0,4352.0,2.67,0.74,
1080p,"unnamed>::SelectionBucketKernel(unsigned int *, unsigned int *, float *, unsigned int, bool)",32.0,0.283773,1.031146968605794,6080.0,1267.65350877,5417.54385965,27392.0,5888.0,5.473684210526316,2.1,2.82,1.65,0.51,16.65,0.02,2.29,16.0,0.0,5.84,0.0,
1080p,"void unnamed>::InverseDctFactoredKernel<32, 16, unnamed>::AcStrategyResidualDctSource, unnamed>::AcStrategyDctLossOutput<32, 16>>(T3, T4, unsigned long long)",1.0,0.2774416666666667,1.0081407799483129,286048.0,1274.41897863,5494.425178060001,45504000.0,1701120.0,165.02517060073833,62.57,68.28,38.8,24.63,64.12,2.49,69.98,64.0,4224.0,2.75,0.41,
1080p,"void unnamed>::ForwardDctFactoredKernel<8, 16, unnamed>::AcStrategyDctSource<8, 16>>(T3, float *, unsigned long long)",1.0,0.2760656666666667,1.003140803809633,277408.0,1281.08057446,5495.135924939999,25568512.0,42482816.0,245.311339254816,93.0,42.8,34.04,18.27,64.22,0.96,43.47,40.0,2304.0,11.3,0.58,
1080p,"void unnamed>::EncodeResidentCoefficientsShapeKernel<32, 32, 256, 1>(const CudaAqAnchor *, const float *, const int *, const signed char *, const signed char *, const float *, int *, float *, float *, int *, float *, const unsigned char *, const unsigned int *, const float *, unsigned int *, CudaAqExactBatch, CudaAqResidentParams)",1.0,0.2507371666666666,0.9111045424516747,238464.0,1276.6399400599998,5494.363929149999,24704128.0,23823872.0,203.5024154589372,77.16,32.47,24.18,16.83,76.84,0.85,47.95,45.0,128.0,10.68,0.1,
1080p,"void unnamed>::ForwardDctFactoredKernel<16, 32, unnamed>::AcStrategyDctSource<16, 32>>(T3, float *, unsigned long long)",1.0,0.24545683333333332,0.891917376266397,246880.0,1274.71511126,5494.40483906,24858624.0,35505664.0,244.50861957226184,92.71,38.75,32.4,19.23,64.1,1.54,41.86,52.0,4352.0,5.94,3.87,
1080p,"void unnamed>::PairedMaltaScaleResponseKernel<24, 0, 0>(const float *, const float *, float *, CudaButteraugliMaltaParams)",4.0,0.21554666666666666,0.7832326962974523,50944.0,1278.74398032,5494.13735343,3998976.0,2363776.0,124.89698492462311,47.36,72.2,21.88,32.61,73.85,1.95,66.12,48.0,5120.0,3.11,2.51,
1080p,"unnamed>::PackAcGroupsKernel(const CudaAqAnchor *, const unsigned long long *, const int *, int *, CudaAqExactBatch, unsigned int, unsigned int)",4.0,0.20998966666666666,0.7630402054525078,4064.0,1270.4232283499998,5459.3175853,41088.0,0.0,10.11023622047244,3.86,2.09,2.76,0.24,6.55,0.02,2.11,28.0,0.0,31.66,0.0,
1080p,"unnamed>::ReduceMaximumKernel(const float *, float *, unnamed>::ReductionParams)",6.0,0.20168,0.7328453398611446,80608.0,1278.92186053,5492.12650523,8287232.0,1463552.0,120.96546248511314,45.89,33.03,11.43,8.92,88.55,0.94,49.72,16.0,1024.0,5.79,0.1,
1080p,"unnamed>::LinearRgbToOpsinKernel(const float *, const float *, const float *, float *, float *, float *, unsigned int *, CudaLinearRgbToOpsinParams)",1.0,0.20083733333333334,0.7297833389700151,200352.0,1276.22883725,5493.4781451300005,24853632.0,23618944.0,241.93707075547036,91.75,12.02,37.48,24.03,83.2,1.3,44.03,20.0,0.0,16.81,0.03,
1080p,"void unnamed>::ForwardDctFactoredKernel<8, 8, unnamed>::AcStrategyDctSource<8, 8>>(T3, float *, unsigned long long)",1.0,0.19961600000000002,0.725345375653125,200864.0,1281.41263077,5493.06993787,25536000.0,23736192.0,245.3012585630078,93.03,23.64,45.37,7.43,64.23,0.26,18.97,38.0,2304.0,32.76,0.91,
1080p,"void unnamed>::ForwardDctFactoredKernel<32, 32, unnamed>::AqDctImageSource<32>>(T3, float *, unsigned long long)",1.0,0.1938236666666667,0.704297753230199,196384.0,1276.11380425,5493.23773831,24389248.0,23427712.0,243.4870457878442,92.34,21.54,38.97,11.66,40.15,0.25,15.95,48.0,8448.0,20.94,2.42,
1080p,"void unnamed>::InverseDctFactoredKernel<8, 8, unnamed>::AcStrategyResidualDctSource, unnamed>::AcStrategyDctLossOutput<8, 8>>(T3, T4, unsigned long long)",1.0,0.19230366666666668,0.6987745237746806,195296.0,1281.4496968699998,5494.128570649999,34102400.0,2466432.0,187.2482385711945,71.0,62.69,22.81,21.22,64.24,1.4,62.33,40.0,2304.0,5.57,0.15,
1080p,"unnamed>::OpsinMatrixScaleStatsKernel(const float *, const float *, const float *, unsigned int *, unsigned int *, CudaLinearRgbToOpsinParams)",1.0,0.18395149999999996,0.668425225780778,193600.0,1277.34331956,5494.65564738,24865408.0,1387264.0,135.60264462809917,51.41,24.66,31.59,7.27,84.74,0.39,23.45,22.0,0.0,18.48,6.06,
1080p,"unnamed>::ReduceButteraugliKernel(const float *, unsigned int, const CudaAqAnchor *, float *, unsigned int, unsigned int *, unsigned int, unsigned int, CudaAqExactBatch)",8.0,0.16491666666666666,0.5992582835784431,4160.0,1259.85576923,5415.3846153800005,10368.0,0.0,2.4923076923076923,0.96,21.01,1.84,2.57,21.91,0.14,11.29,27.0,1024.0,4.65,0.29,
1080p,"unnamed>::ComposeKernel(const float *, const float *, float *, unnamed>::ComposeParams)",2.0,0.15416933333333335,0.5602056598712454,74176.0,1275.32714984,5489.79004889,10375936.0,7035136.0,234.72648835202762,89.08,18.53,30.23,12.16,81.93,0.72,38.49,16.0,0.0,17.98,0.03,
1080p,"void unnamed>::CooperativeFinalCflKernel<2>(const CudaAqColorTransformRecord *, const unsigned int *, const float *, const float *, const int *, const unsigned int *, signed char *, signed char *, unsigned int *, unsigned int)",1.0,0.15306,0.5561746713563407,159136.0,1276.05528186,5493.12956632,24948992.0,1436544.0,165.80494671224614,62.88,85.05,17.18,21.01,33.85,0.82,53.32,40.0,0.0,2.63,0.27,
1080p,"void unnamed>::CoefficientOrderPopulationKernel<0>(const int *, unnamed>::PopulationBatches, const unsigned char *, unsigned int *)",1.0,0.10824300000000002,0.39332297760110013,107424.0,1281.20655844,5492.2053420699995,24928512.0,1432448.0,245.39171879654452,93.08,12.94,25.29,5.72,94.89,0.27,17.51,30.0,3072.0,56.2,0.03,
1080p,"unnamed>::InitialGradientKernel(const float *, float *, float *, unsigned int *, CudaAqGeometry)",1.0,0.09502116666666667,0.3452787543625337,97376.0,1271.01818381,5491.07240662,11297408.0,8919936.0,207.62142622412094,78.77,23.27,59.79,24.89,71.75,1.19,57.03,48.0,0.0,8.25,0.08,
1080p,"unnamed>::FinalizeCostKernel(const float *, const AcStrategyCandidateDevice *, const AcStrategyChannelRateDevice *, float *, CudaAcStrategyBatchParams)",7.0,0.050604166666666665,0.18388054204295584,10976.0,1274.9635568499998,5473.2750243,1970304.0,44672.0,183.5801749271137,69.88,7.35,25.18,6.22,64.7,0.19,14.53,22.0,0.0,42.72,0.02,
1080p,"void unnamed>::SelectAdjustedQuantizationCooperativeKernel<32, 16, 1>(const CudaAqAnchor *, const float *, int *, const float *, float *, const unsigned int *, unsigned int *, CudaAqExactBatch, CudaAqResidentParams)",3.0,0.03953216666666667,0.14364817590381168,13248.0,1274.12942834,5475.04025765,430848.0,41344.0,35.64251207729468,13.56,5.49,6.07,2.17,12.59,0.07,6.69,40.0,12.0,14.35,0.0,
1080p,"unnamed>::PrepareQuantNormsKernel(const AcStrategyCandidateDevice *, const float *, float *, CudaAcStrategyBatchParams)",7.0,0.03705683333333333,0.13465354828611886,6432.0,1258.8619403,5492.537313430001,917632.0,0.0,142.66666666666666,54.11,7.57,18.44,0.68,64.41,0.15,8.27,35.0,0.0,75.71,0.03,
1080p,"void unnamed>::EncodeResidentCoefficientsShapeKernel<32, 16, 256, 0>(const CudaAqAnchor *, const float *, const int *, const signed char *, const signed char *, const float *, int *, float *, float *, int *, float *, const unsigned char *, const unsigned int *, const float *, unsigned int *, CudaAqExactBatch, CudaAqResidentParams)",2.0,0.02085366666666667,0.07577604341374632,10720.0,1264.39676617,5460.69651741,35584.0,635520.0,62.602985074626865,23.88,15.87,16.67,7.31,34.21,0.28,21.43,47.0,256.0,8.05,0.05,
1080p,"void unnamed>::SelectAdjustedQuantizationCooperativeKernel<16, 8, 1>(const CudaAqAnchor *, const float *, int *, const float *, float *, const unsigned int *, unsigned int *, CudaAqExactBatch, CudaAqResidentParams)",3.0,0.020656499999999998,0.07505959818941754,6496.0,1261.95607553,5464.696223319999,180480.0,50432.0,35.54679802955665,13.55,11.95,5.26,3.71,18.65,0.14,12.23,41.0,12.0,9.97,0.01,
1080p,"void unnamed>::EncodeResidentCoefficientsShapeKernel<16, 8, 128, 0>(const CudaAqAnchor *, const float *, const int *, const signed char *, const signed char *, const float *, int *, float *, float *, int *, float *, const unsigned char *, const unsigned int *, const float *, unsigned int *, CudaAqExactBatch, CudaAqResidentParams)",2.0,0.015078,0.05478898271730631,8288.0,1265.52445302,5456.885456890001,25600.0,238464.0,31.861003861003862,12.16,12.33,8.88,5.61,26.41,0.21,17.45,44.0,256.0,6.25,0.02,
1080p,"void unnamed>::SelectAdjustedQuantizationCooperativeKernel<8, 8, 1>(const CudaAqAnchor *, const float *, int *, const float *, float *, const unsigned int *, unsigned int *, CudaAqExactBatch, CudaAqResidentParams)",3.0,0.013552333333333333,0.04924516227478274,4832.0,1257.31236203,5439.29359823,27392.0,0.0,5.66887417218543,2.17,8.16,3.56,2.09,10.05,0.09,8.25,39.0,12.0,5.1,0.0,
1080p,"void unnamed>::EncodeResidentCoefficientsShapeKernel<8, 8, 64, 0>(const CudaAqAnchor *, const float *, const int *, const signed char *, const signed char *, const float *, int *, float *, float *, int *, float *, const unsigned char *, const unsigned int *, const float *, unsigned int *, CudaAqExactBatch, CudaAqResidentParams)",2.0,0.013461500000000001,0.04891510086543434,7232.0,1269.26622419,5451.32743363,22272.0,0.0,3.079646017699115,1.18,3.87,4.04,1.64,6.57,0.06,6.25,46.0,256.0,6.25,0.0,
1080p,"unnamed>::AdjustQuantFieldKernel(const CudaAqAnchor *, float *, unsigned int *, unsigned int, CudaAqExactBatch, float)",4.0,0.011669833333333332,0.04240471526819506,2848.0,1250.2340824,5393.25842697,9984.0,0.0,3.50561797752809,1.35,1.71,1.48,0.93,7.85,0.05,5.24,36.0,0.0,4.62,0.0,
1080p,"unnamed>::SelectionInitializeKernel(unsigned int *, unsigned int *, unsigned int)",8.0,0.0112535,0.040891883340576106,2048.0,1243.32682292,5333.33333333,2560.0,2304.0,2.375,0.93,12.21,0.92,1.22,16.32,0.06,5.58,16.0,0.0,0.64,0.0,
1080p,"void unnamed>::EncodeResidentCoefficientsShapeKernel<32, 16, 256, 1>(const CudaAqAnchor *, const float *, const int *, const signed char *, const signed char *, const float *, int *, float *, float *, int *, float *, const unsigned char *, const unsigned int *, const float *, unsigned int *, CudaAqExactBatch, CudaAqResidentParams)",1.0,0.010533500000000001,0.03827561675638322,9568.0,1272.47073579,5476.03121516,29952.0,193280.0,23.331103678929765,8.88,15.4,14.08,8.02,32.18,0.31,23.77,42.0,128.0,6.91,0.04,
1080p,"void unnamed>::ForwardDctFactoredKernel<32, 16, unnamed>::AqDctImageSource<32>>(T3, float *, unsigned long long)",1.0,0.010064499999999999,0.036571409773068664,10784.0,1266.38229476,5459.94065282,382336.0,217600.0,55.632047477744806,21.23,13.93,8.03,5.0,12.25,0.1,8.08,40.0,4224.0,14.11,0.21,
1080p,"unnamed>::ResidentPolicyUpdateKernel(float *, const float *, const float *, const float *, float *, const unsigned int *, unsigned int *, CudaAqResidentPolicyParams)",2.0,0.009264166666666665,0.033663235667213506,4800.0,1252.5,5440.0,345728.0,1920.0,72.42666666666666,27.74,10.76,12.83,12.38,56.12,0.56,31.86,19.0,0.0,10.34,0.2,
1080p,"unnamed>::FuzzyErosionKernel(const float *, float *, float *, unsigned int *, CudaAqGeometry, float, float, float, float)",1.0,0.008976833333333333,0.03261915150259578,9920.0,1257.39247312,5453.76344086,379648.0,284672.0,66.96774193548387,25.58,19.84,11.58,25.63,60.93,2.07,67.35,40.0,0.0,1.87,0.04,
1080p,"unnamed>::RawQuantKernel(const float *, const unsigned int *, int *, unsigned int *, unsigned int)",4.0,0.008879833333333335,0.03226668225444758,2976.0,1242.9435483900002,5390.68100358,4736.0,39168.0,14.75268817204301,5.7,16.47,10.85,6.69,63.44,0.58,25.2,16.0,0.0,15.46,0.75,
1080p,"void unnamed>::InverseDctFactoredKernel<32, 16, const float *, unnamed>::AqDctImageOutput>(T3, T4, unsigned long long)",2.0,0.008005333333333333,0.029089008465729944,4608.0,1241.24710648,5407.40740741,11776.0,218368.0,49.94444444444444,19.24,43.64,19.04,13.1,11.13,0.31,24.4,40.0,4224.0,1.25,0.36,
1080p,"void unnamed>::EncodeResidentCoefficientsShapeKernel<16, 8, 128, 1>(const CudaAqAnchor *, const float *, const int *, const signed char *, const signed char *, const float *, int *, float *, float *, int *, float *, const unsigned char *, const unsigned int *, const float *, unsigned int *, CudaAqExactBatch, CudaAqResidentParams)",1.0,0.007898666666666667,0.028701413416219883,7456.0,1267.12267525,5447.78254649,22656.0,77440.0,13.42489270386266,5.13,10.92,7.45,5.48,24.3,0.21,17.46,40.0,128.0,5.73,0.02,
1080p,"void unnamed>::EncodeResidentCoefficientsShapeKernel<8, 8, 64, 1>(const CudaAqAnchor *, const float *, const int *, const signed char *, const signed char *, const float *, int *, float *, float *, int *, float *, const unsigned char *, const unsigned int *, const float *, unsigned int *, CudaAqExactBatch, CudaAqResidentParams)",1.0,0.007653666666666666,0.02781115603687647,7136.0,1270.13266069,5452.91479821,21248.0,0.0,2.977578475336323,1.14,3.26,3.42,1.61,6.53,0.06,6.18,40.0,128.0,6.51,0.0,
1080p,"unnamed>::FinalizeQuantizerKernel(const float *, unsigned int *, unsigned int *, unsigned int, float)",4.0,0.007008166666666667,0.025465600370075753,2144.0,1253.57587065,5333.33333333,5120.0,0.0,2.388059701492537,0.93,0.8,1.21,0.57,2.08,0.06,6.09,17.0,0.0,3.42,0.0,
1080p,"void unnamed>::ForwardDctFactoredKernel<16, 8, unnamed>::AqDctImageSource<16>>(T3, float *, unsigned long long)",1.0,0.00664,0.02412779183200119,7072.0,1263.4332579200002,5453.99698341,156544.0,191616.0,49.23076923076923,18.81,9.41,5.27,2.67,9.47,0.06,5.7,30.0,2176.0,15.09,0.12,
1080p,"void unnamed>::InverseDctFactoredKernel<16, 8, const float *, unnamed>::AqDctImageOutput>(T3, T4, unsigned long long)",2.0,0.005791999999999999,0.021046411188396216,3552.0,1243.3370870899998,5381.38138138,7680.0,111488.0,33.549549549549546,12.99,28.05,10.6,6.65,9.58,0.17,14.95,39.0,2176.0,1.92,0.21,
1080p,"void unnamed>::InverseDctFactoredKernel<8, 8, const float *, unnamed>::AqDctImageOutput>(T3, T4, unsigned long long)",2.0,0.004448666666666667,0.01616513603362891,2848.0,1255.73501873,5393.25842697,6144.0,0.0,2.157303370786517,0.83,8.08,4.28,2.16,4.23,0.11,10.58,28.0,2304.0,2.62,0.0,
1080p,"unnamed>::ResidentPolicyInitializeKernel(const float *, float *, float *, unsigned int *, CudaAqResidentPolicyParams)",1.0,0.0034666666666666665,0.012596839109076927,3360.0,1246.6269841300002,5434.92063492,132480.0,44288.0,52.60952380952381,20.17,9.1,9.4,1.52,61.96,0.25,10.94,16.0,0.0,25.21,0.03,
1080p,"unnamed>::ReducePositiveRangeKernel(const float *, unsigned int, float *, unsigned int *)",1.0,0.0030775,0.011182722795630068,3840.0,1256.25,5377.77777778,2816.0,0.0,0.7333333333333333,0.28,28.06,6.3,4.21,59.67,0.38,22.36,16.0,0.0,9.57,0.11,
1080p,"void unnamed>::ForwardDctFactoredKernel<8, 8, unnamed>::AqDctImageSource<8>>(T3, float *, unsigned long long)",1.0,0.0023946666666666665,0.00870150886150083,3232.0,1262.37623762,5438.94389439,43648.0,0.0,13.504950495049505,5.17,6.32,3.81,2.08,3.99,0.1,9.56,28.0,2304.0,3.9,0.0,
1080p,unnamed>::InitializePositiveRangeKernel(float *),1.0,0.0013493333333333335,0.00490307737630225,2048.0,1257.16145833,5333.33333333,2560.0,0.0,1.25,0.49,0.92,0.85,0.08,2.08,0.03,3.15,16.0,0.0,0.0,0.0,
flower_500,"unnamed>::PrefetchedInitialCflKernel(const float *, const float *, const float *, signed char *, signed char *, unsigned int *, CudaAqGeometry)",1.0,0.37950833333333334,7.4479288523516995,344832.0,1282.29591995,5495.174461770001,2031488.0,872064.0,8.420193021529325,3.19,4.01,1.93,1.03,2.09,0.13,12.81,48.0,0.0,4.82,0.0,
flower_500,"void unnamed>::PairedMaltaScaleResponseKernel<24, 1, 0>(const float *, const float *, float *, CudaButteraugliMaltaParams)",16.0,0.30918633333333334,6.067845184215094,32064.0,1268.0680306099998,5487.6912841,3010816.0,1098368.0,128.1556886227545,48.65,61.55,18.92,25.74,79.99,1.48,54.66,40.0,5120.0,6.83,2.65,
flower_500,"unnamed>::SelectionBucketKernel(unsigned int *, unsigned int *, float *, unsigned int, bool)",32.0,0.253538,4.975735232957235,6336.0,1272.56944444,5494.9494949499995,27392.0,12032.0,6.222222222222222,2.36,2.69,1.58,0.48,16.65,0.02,2.23,16.0,0.0,5.92,0.0,
flower_500,"void unnamed>::ConvolutionLowMediumRowsKernel<48>(const float *, const float *, const float *, const float *, const float *, const float *, const float *, float *, float *, float *, float *, float *, float *, unnamed>::LowMediumParams)",6.0,0.2371695,4.654500064419736,62400.0,1273.7126068399998,5491.965811970001,5917568.0,6030336.0,191.4728205128205,72.63,40.85,27.1,11.64,43.77,0.45,27.07,54.0,30856.0,13.84,1.39,
flower_500,"unnamed>::ErosionL2FinalKernel(unnamed>::DifferencePlan, unnamed>::FinalPlan)",4.0,0.2320485,4.553999389459871,92928.0,1271.5973657,5487.60330579,19864960.0,2146688.0,236.86776859504133,89.93,13.66,39.03,11.33,90.41,0.54,27.37,40.0,0.0,32.21,0.03,
flower_500,"void unnamed>::ConvolutionTiledKernel<1, 15>(const float *, const float *, float *, unsigned int, unsigned int, unsigned int, unsigned int)",18.0,0.22028816666666665,4.323200436569227,17280.0,1267.11033951,5481.481481479999,796288.0,992640.0,103.52592592592593,39.35,62.5,13.69,15.55,69.35,1.33,45.45,39.0,4384.0,4.86,3.83,
flower_500,"void unnamed>::ConvolutionHorizontalPairsKernel<256, 4>(const float *, const float *, const float *, const float *, float *, float *, float *, unsigned int, unsigned int, unsigned int)",6.0,0.15824916666666664,3.1056723416981074,38912.0,1266.61869518,5491.22807018,2680448.0,3052928.0,147.3421052631579,55.9,63.2,26.83,23.22,55.15,1.5,52.06,48.0,13960.0,4.55,1.54,
flower_500,"void unnamed>::PairedMaltaScaleResponseKernel<24, 0, 0>(const float *, const float *, float *, CudaButteraugliMaltaParams)",8.0,0.15719316666666666,3.0849481251861737,28320.0,1264.83050847,5477.96610169,1047296.0,1021696.0,73.05762711864406,27.78,67.58,17.64,30.5,67.02,1.91,62.99,48.0,5120.0,2.51,2.67,
flower_500,"void unnamed>::FusedMirroredOpsinKernel<32, 16>(unnamed>::OpsinConvolutionPlan)",3.0,0.13941099999999998,2.7359694584709233,46624.0,1271.46962938,5490.73438572,3012864.0,1916032.0,105.71585449553878,40.11,66.7,19.88,26.31,75.32,2.36,63.38,37.0,16320.0,2.28,2.08,
flower_500,"void unnamed>::CooperativeFinalCflKernel<2>(const CudaAqColorTransformRecord *, const unsigned int *, const float *, const float *, const int *, const unsigned int *, signed char *, signed char *, unsigned int *, unsigned int)",1.0,0.13742233333333334,2.696941467400785,136992.0,1281.52982169,5494.04344779,2120704.0,616320.0,19.979444055127306,7.58,13.9,2.86,3.41,4.25,0.17,17.06,40.0,0.0,2.21,0.0,
flower_500,"void unnamed>::ConvolutionTiledKernel<1, 7>(const float *, const float *, float *, unsigned int, unsigned int, unsigned int, unsigned int)",12.0,0.10418316666666666,2.0446160065331,10848.0,1264.65707965,5474.92625369,6912.0,997632.0,92.60176991150442,35.24,67.15,21.69,21.17,69.26,1.93,62.61,31.0,4224.0,2.02,1.03,
flower_500,"unnamed>::Symmetric5ConvolutionKernel(const float *, float *, unsigned int, unsigned int, unsigned int, unsigned int, float, float, float, float, float, float)",4.0,0.09415716666666667,1.8478537008999036,23424.0,1262.20969945,5486.338797810001,927488.0,281600.0,51.61748633879781,19.6,52.04,29.39,21.01,87.27,2.96,71.77,36.0,0.0,3.79,0.01,
flower_500,"unnamed>::ReduceButteraugliKernel(const float *, unsigned int, const CudaAqAnchor *, float *, unsigned int, unsigned int *, unsigned int, unsigned int, CudaAqExactBatch)",14.0,0.090488,1.7758455527764447,20864.0,1275.96178425,5488.75255624,22144.0,29696.0,2.4846625766871164,0.94,77.73,3.03,9.45,76.58,0.67,35.76,27.0,1024.0,4.47,2.4,
flower_500,"void unnamed>::InverseDctFactoredKernel<32, 32, unnamed>::AcStrategyResidualDctSource, unnamed>::AcStrategyDctLossOutput<32, 32>>(T3, T4, unsigned long long)",1.0,0.08431666666666666,1.6547318707998178,84064.0,1279.73924629,5493.71907118,7587200.0,1478400.0,107.84164446136278,40.9,33.15,19.83,18.29,36.57,1.28,54.65,89.0,8448.0,2.52,0.05,
flower_500,"unnamed>::MaskPrecomputeKernel(const float *, const float *, const float *, const float *, float *, unnamed>::PlaneParams)",7.0,0.08290850000000001,1.6270963112497332,17024.0,1273.9857456099999,5483.70927318,2500608.0,999680.0,205.60902255639098,78.11,16.59,31.9,10.72,76.18,0.62,31.58,18.0,0.0,22.36,0.1,
flower_500,"unnamed>::SelectionHistogramKernel(const float *, const float *, unsigned int *, const unsigned int *, unsigned int, unsigned int, bool)",32.0,0.0812975,1.5954801059460149,5408.0,1268.42948718,5396.44970414,18816.0,4224.0,4.260355029585799,1.64,4.18,2.85,0.87,11.51,0.06,5.05,16.0,0.0,11.81,0.0,
flower_500,"void unnamed>::EpfTiledKernel<1>(const float *, const float *, const float *, const float *, float *, float *, float *, unsigned int *, CudaAqEpfParams, unsigned int)",2.0,0.08054083333333334,1.5806303674731328,41568.0,1269.2455735199999,5485.2450603,2593792.0,3011584.0,134.84834488067744,51.22,56.87,20.38,27.36,79.02,2.62,61.39,40.0,15552.0,3.77,1.8,
flower_500,"void unnamed>::InverseDctFactoredKernel<16, 16, unnamed>::AcStrategyResidualDctSource, unnamed>::AcStrategyDctLossOutput<16, 16>>(T3, T4, unsigned long long)",1.0,0.07776216666666666,1.5260984644291031,78048.0,1271.26469181,5490.77490775,10436736.0,1480704.0,152.69372693726936,57.94,54.37,23.77,20.67,62.1,1.78,61.53,43.0,4352.0,4.74,0.22,
flower_500,"void unnamed>::SelectAdjustedQuantizationCooperativeKernel<32, 16, 1>(const CudaAqAnchor *, const float *, int *, const float *, float *, const unsigned int *, unsigned int *, CudaAqExactBatch, CudaAqResidentParams)",6.0,0.07227950000000001,1.4185000069833023,13024.0,1274.59561835,5464.37346437,250112.0,35968.0,21.965601965601966,8.37,2.81,4.63,1.14,6.25,0.05,4.83,40.0,12.0,13.68,0.0,
flower_500,"void unnamed>::ConvolutionFrequencyKernel<0>(const float *, const float *, float *, float *, CudaButteraugliFrequencyParams)",6.0,0.07196966666666667,1.4124194642914323,15840.0,1259.68013468,5484.17508418,38144.0,2015616.0,129.65656565656565,49.25,69.7,32.32,15.56,56.52,1.2,49.32,39.0,10048.0,3.61,2.91,
flower_500,"void unnamed>::ConvolutionFrequencyKernel<1>(const float *, const float *, float *, float *, CudaButteraugliFrequencyParams)",6.0,0.07085599999999999,1.390563527622754,15776.0,1261.51538201,5484.78701826,16512.0,2026624.0,129.50912778904666,49.19,71.03,32.42,15.44,57.97,1.22,50.69,39.0,10048.0,3.48,2.88,
flower_500,"void unnamed>::SelectAdjustedQuantizationCooperativeKernel<32, 32, 1>(const CudaAqAnchor *, const float *, int *, const float *, float *, const unsigned int *, unsigned int *, CudaAqExactBatch, CudaAqResidentParams)",3.0,0.06998516666666667,1.3734732449089193,23264.0,1278.728221,5480.05502063,1514112.0,148352.0,71.46079779917468,27.17,8.51,9.47,3.96,24.23,0.13,11.94,40.0,12.0,16.45,0.0,
flower_500,"void unnamed>::ConvolutionTiledKernel<1, 13>(const float *, const float *, float *, unsigned int, unsigned int, unsigned int, unsigned int)",7.0,0.0675215,1.3251232814494154,14144.0,1271.163273,5466.06334842,68352.0,876032.0,66.76923076923077,25.45,68.94,16.67,18.03,68.82,1.64,54.4,39.0,4344.0,2.11,3.09,
flower_500,"void unnamed>::ConvolutionTiledKernel<0, 13>(const float *, const float *, float *, unsigned int, unsigned int, unsigned int, unsigned int)",7.0,0.06606566666666668,1.2965522537928897,12800.0,1262.265625,5480.0,7936.0,923648.0,72.78,27.67,71.95,20.75,16.65,57.03,1.21,53.43,39.0,9784.0,2.24,2.6,
flower_500,"unnamed>::GaborishKernel(const float *, const float *, const float *, float *, float *, float *, unsigned int *, CudaAqGaborishParams)",2.0,0.06348433333333332,1.2458930578748275,31808.0,1263.4766934900001,5488.93360161,2791296.0,2639872.0,170.74849094567404,64.81,42.3,43.45,24.17,86.91,2.37,70.81,40.0,0.0,5.5,0.11,
flower_500,"void unnamed>::ConvolutionTiledKernel<0, 15>(const float *, const float *, float *, unsigned int, unsigned int, unsigned int, unsigned int)",6.0,0.06325533333333333,1.2413988859229024,13728.0,1264.27738928,5482.51748252,8192.0,1026944.0,75.40326340326341,28.65,74.54,19.6,16.46,56.62,1.2,51.77,39.0,10048.0,2.18,2.87,
flower_500,"void unnamed>::ConvolutionFrequencyKernel<4>(const float *, const float *, float *, float *, CudaButteraugliFrequencyParams)",6.0,0.06301999999999999,1.2367804210057858,13312.0,1264.87379808,5500.0,10240.0,2020096.0,152.51923076923077,57.77,54.63,37.25,21.01,60.13,1.62,64.0,31.0,8992.0,3.13,0.39,
flower_500,"unnamed>::SubsampleKernel(const float *, float *, unnamed>::SubsampleParams)",9.0,0.06286599999999999,1.2337581394311288,7712.0,1264.99827109,5510.373443979999,1004672.0,271104.0,165.42738589211618,62.54,10.36,18.21,6.04,70.7,0.47,19.88,22.0,0.0,32.27,0.32,
flower_500,"void unnamed>::EpfTiledKernel<2>(const float *, const float *, const float *, const float *, float *, float *, float *, unsigned int *, CudaAqEpfParams, unsigned int)",2.0,0.05970316666666667,1.1716868867879815,30208.0,1265.1284428,5474.57627119,2332800.0,3038720.0,177.8177966101695,67.67,39.58,26.92,21.03,76.46,2.02,55.75,38.0,13872.0,5.73,0.98,
flower_500,"void unnamed>::ConvolutionFrequencyKernel<3>(const float *, const float *, float *, float *, CudaButteraugliFrequencyParams)",6.0,0.058918500000000006,1.1562876425742525,13504.0,1265.97057662,5459.7156398100005,22144.0,1917056.0,143.60189573459715,54.8,53.59,36.63,15.29,57.85,1.21,53.56,31.0,8992.0,5.31,0.61,
flower_500,"void unnamed>::InverseDctFactoredKernel<8, 16, unnamed>::AcStrategyResidualDctSource, unnamed>::AcStrategyDctLossOutput<8, 16>>(T3, T4, unsigned long long)",1.0,0.05594333333333334,1.0978993867417806,55872.0,1270.4276441400002,5489.11798396,6455168.0,1453312.0,141.5463917525773,53.72,67.04,19.0,19.11,61.57,1.44,56.43,46.0,2304.0,4.97,0.83,
flower_500,"unnamed>::SuppressXKernel(float *, const float *, unnamed>::PlaneParams)",6.0,0.053767499999999996,1.0551982114634813,14336.0,1266.3922991099998,5476.19047619,1935104.0,864768.0,195.30357142857142,74.3,12.86,22.97,10.45,77.15,0.49,27.54,16.0,0.0,26.48,0.15,
flower_500,"unnamed>::OpsinToLinearKernel(const float *, const float *, const float *, float *, float *, float *, unsigned int *, CudaAqColorParams)",2.0,0.051564,1.0119540721793452,25600.0,1270.71614583,5493.33333333,2710656.0,2946176.0,220.97,83.8,12.35,35.08,9.48,78.55,0.47,24.36,20.0,0.0,31.43,0.17,
flower_500,"void unnamed>::InverseDctFactoredKernel<16, 8, unnamed>::AcStrategyResidualDctSource, unnamed>::AcStrategyDctLossOutput<16, 8>>(T3, T4, unsigned long long)",1.0,0.05151633333333333,1.0110186040729037,51392.0,1270.9695413,5486.09381486,6465664.0,1477888.0,154.5678704856787,58.7,63.57,19.12,19.87,61.23,1.5,57.63,40.0,2176.0,5.18,0.55,
flower_500,"void unnamed>::ForwardDctFactoredKernel<16, 16, unnamed>::AcStrategyDctSource<16, 16>>(T3, float *, unsigned long long)",1.0,0.0500225,0.9817018186252288,50656.0,1269.22115182,5488.31332912,3107456.0,8046848.0,220.19709412507896,83.59,33.89,37.66,13.88,59.97,0.94,28.93,44.0,4352.0,7.11,7.69,
flower_500,"void unnamed>::InverseDctFactoredKernel<16, 32, unnamed>::AcStrategyResidualDctSource, unnamed>::AcStrategyDctLossOutput<16, 32>>(T3, T4, unsigned long long)",1.0,0.0486625,0.955011539784101,48320.0,1269.81926049,5488.74172185,5375872.0,1399936.0,140.22781456953643,53.23,57.57,22.11,18.84,55.04,1.57,53.3,64.0,4352.0,4.39,0.86,
flower_500,"void unnamed>::InverseDctFactoredKernel<32, 16, unnamed>::AcStrategyResidualDctSource, unnamed>::AcStrategyDctLossOutput<32, 16>>(T3, T4, unsigned long long)",1.0,0.047094833333333336,0.9242457600316933,46432.0,1268.87347806,5491.38525155,5371904.0,1425536.0,146.39558924879393,55.54,51.71,21.71,18.81,54.81,1.65,54.04,64.0,4224.0,4.62,0.46,
flower_500,"void unnamed>::FusedMirroredOpsinKernel<32, 8>(unnamed>::OpsinConvolutionPlan)",3.0,0.045142666666666664,0.8859340889451579,15744.0,1262.9149729,5463.41463415,15616.0,561152.0,36.63414634146341,13.97,66.18,15.57,24.32,77.0,2.43,63.4,37.0,9792.0,1.27,2.19,
flower_500,"void unnamed>::ForwardDctFactoredKernel<16, 8, unnamed>::AcStrategyDctSource<16, 8>>(T3, float *, unsigned long long)",1.0,0.04431033333333334,0.8695993766249875,45248.0,1265.75023574,5487.97736917,3099136.0,4161792.0,160.46958981612448,60.92,43.8,24.19,11.98,59.07,0.79,27.07,30.0,2176.0,17.66,2.39,
flower_500,"void unnamed>::EncodeResidentCoefficientsShapeKernel<32, 32, 256, 0>(const CudaAqAnchor *, const float *, const int *, const signed char *, const signed char *, const float *, int *, float *, float *, int *, float *, const unsigned char *, const unsigned int *, const float *, unsigned int *, CudaAqExactBatch, CudaAqResidentParams)",2.0,0.04337216666666668,0.8511876634391164,22240.0,1274.5803357300001,5479.13669065,598272.0,2418816.0,135.66043165467627,51.58,25.91,26.25,11.9,61.35,0.64,34.92,48.0,256.0,11.2,0.15,
flower_500,"unnamed>::PackAcGroupsKernel(const CudaAqAnchor *, const unsigned long long *, const int *, int *, CudaAqExactBatch, unsigned int, unsigned int)",7.0,0.04164916666666666,0.8173734351720111,7680.0,1265.36458333,5466.66666667,253696.0,603904.0,111.66666666666667,42.56,22.3,28.57,2.51,45.87,0.23,16.09,28.0,0.0,25.97,0.0,
flower_500,"void unnamed>::ForwardDctFactoredKernel<32, 16, unnamed>::AcStrategyDctSource<32, 16>>(T3, float *, unsigned long long)",1.0,0.03964366666666667,0.7780150864838629,40320.0,1265.7572751300002,5489.94708995,2973184.0,2919424.0,146.14603174603175,55.46,39.28,23.36,13.78,49.83,0.9,25.98,40.0,4224.0,14.38,2.23,
flower_500,"void unnamed>::EncodeResidentCoefficientsShapeKernel<8, 8, 64, 0>(const CudaAqAnchor *, const float *, const int *, const signed char *, const signed char *, const float *, int *, float *, float *, int *, float *, const unsigned char *, const unsigned int *, const float *, unsigned int *, CudaAqExactBatch, CudaAqResidentParams)",2.0,0.03857716666666667,0.7570848053191109,18464.0,1263.05242634,5481.22472559,33792.0,1239680.0,68.97053726169844,26.21,36.56,21.66,15.93,55.79,1.0,48.01,46.0,256.0,3.24,0.33,
flower_500,"void unnamed>::ForwardDctFactoredKernel<32, 32, unnamed>::AcStrategyDctSource<32, 32>>(T3, float *, unsigned long long)",1.0,0.036518166666666664,0.7166765081618446,36960.0,1274.30555556,5485.71428571,2975616.0,5032960.0,216.68225108225107,82.29,32.5,37.51,17.07,35.99,0.71,29.47,54.0,8448.0,5.82,2.75,
flower_500,"void unnamed>::SelectAdjustedQuantizationCooperativeKernel<8, 8, 1>(const CudaAqAnchor *, const float *, int *, const float *, float *, const unsigned int *, unsigned int *, CudaAqExactBatch, CudaAqResidentParams)",3.0,0.036144333333333334,0.7093399523480396,11776.0,1262.93591486,5478.26086957,131840.0,59776.0,16.27173913043478,6.19,69.6,11.48,17.85,83.79,1.87,60.92,39.0,12.0,3.66,2.07,
flower_500,"void unnamed>::SelectAdjustedQuantizationCooperativeKernel<16, 8, 1>(const CudaAqAnchor *, const float *, int *, const float *, float *, const unsigned int *, unsigned int *, CudaAqExactBatch, CudaAqResidentParams)",6.0,0.03424616666666667,0.6720880423331373,6304.0,1263.74788494,5441.624365479999,144256.0,40448.0,29.299492385786802,11.22,9.72,4.73,3.06,15.23,0.11,9.51,41.0,12.0,8.62,0.0,
flower_500,"void unnamed>::InverseDctFactoredKernel<8, 8, unnamed>::AcStrategyResidualDctSource, unnamed>::AcStrategyDctLossOutput<8, 8>>(T3, T4, unsigned long long)",1.0,0.033974333333333336,0.6667532574324166,34144.0,1268.48055295,5488.28491097,4072960.0,1363968.0,159.2352389878163,60.45,48.08,16.09,16.36,58.59,1.05,48.8,40.0,2304.0,7.57,0.24,
flower_500,"void unnamed>::ForwardDctFactoredKernel<8, 16, unnamed>::AcStrategyDctSource<8, 16>>(T3, float *, unsigned long long)",1.0,0.033285833333333334,0.6532413037690957,34112.0,1267.31550969,5478.42401501,3100288.0,4162688.0,212.91557223264542,80.97,45.43,34.36,19.39,59.15,1.28,46.84,40.0,2304.0,8.09,0.42,
flower_500,"unnamed>::ReduceMaximumKernel(const float *, float *, unnamed>::ReductionParams)",6.0,0.03258733333333333,0.6395330980554724,11104.0,1267.0208933699998,5440.9221902,4608.0,38528.0,3.884726224783862,1.49,33.23,10.39,8.97,82.81,1.14,51.02,16.0,1024.0,2.22,0.55,
flower_500,"void unnamed>::ForwardDctFactoredKernel<16, 32, unnamed>::AcStrategyDctSource<16, 32>>(T3, float *, unsigned long long)",1.0,0.028133999999999996,0.5521355183207993,28384.0,1262.7066892100001,5489.66553927,2972800.0,2931072.0,208.0,78.94,43.46,33.95,21.57,52.07,1.96,46.67,52.0,4352.0,2.99,1.62,
flower_500,"unnamed>::ModulationKernel(const float *, const float *, const float *, float *, unsigned int *, CudaAqGeometry, float, float)",1.0,0.027536833333333333,0.5404160000502406,27840.0,1276.96360153,5480.459770109999,2391808.0,990848.0,121.50344827586207,46.19,13.22,13.82,13.11,15.91,0.26,23.74,45.0,0.0,4.44,0.01,
flower_500,"unnamed>::OpsinMatrixScaleStatsKernel(const float *, const float *, const float *, unsigned int *, unsigned int *, CudaLinearRgbToOpsinParams)",1.0,0.026336666666666664,0.5168624831464462,27584.0,1269.5765661300002,5475.63805104,2354304.0,1097344.0,125.1322505800464,47.61,23.73,26.98,6.99,84.36,0.43,22.36,22.0,0.0,19.58,5.15,
flower_500,"unnamed>::PrepareQuantNormsKernel(const AcStrategyCandidateDevice *, const float *, float *, CudaAcStrategyBatchParams)",7.0,0.0259525,0.5093231335473287,3648.0,1254.0204678399998,5380.11695906,118528.0,13440.0,36.175438596491226,14.01,3.79,5.35,0.34,16.48,0.05,4.13,35.0,0.0,22.9,0.0,
flower_500,"unnamed>::LinearRgbToOpsinKernel(const float *, const float *, const float *, float *, float *, float *, unsigned int *, CudaLinearRgbToOpsinParams)",1.0,0.025558,0.5015809901628987,23648.0,1265.78709968,5499.32341001,2999040.0,1801856.0,203.0148849797023,76.91,14.03,28.21,28.06,77.77,2.08,51.78,20.0,0.0,9.54,0.04,
flower_500,"void unnamed>::SelectAdjustedQuantizationCooperativeKernel<16, 16, 1>(const CudaAqAnchor *, const float *, int *, const float *, float *, const unsigned int *, unsigned int *, CudaAqExactBatch, CudaAqResidentParams)",3.0,0.024427166666666666,0.4793881541412012,8672.0,1266.8357933599998,5490.77490775,221568.0,60928.0,32.57564575645756,12.36,6.4,5.16,2.32,11.79,0.08,7.52,38.0,12.0,10.91,0.0,
flower_500,"unnamed>::FinalizeCostKernel(const float *, const AcStrategyCandidateDevice *, const AcStrategyChannelRateDevice *, float *, CudaAcStrategyBatchParams)",7.0,0.022091,0.43354040432305324,3584.0,1254.1852678599998,5428.57142857,87296.0,1792.0,24.857142857142858,9.54,7.95,9.55,6.72,15.51,0.19,16.45,22.0,0.0,2.72,0.01,
flower_500,"unnamed>::AdjustQuantFieldKernel(const CudaAqAnchor *, float *, unsigned int *, unsigned int, CudaAqExactBatch, float)",7.0,0.020959999999999996,0.41134429743385065,2816.0,1257.8125,5333.33333333,20480.0,0.0,7.2727272727272725,2.84,5.16,2.79,3.55,17.25,0.13,11.54,36.0,0.0,5.81,0.01,
flower_500,"void unnamed>::ForwardDctFactoredKernel<8, 8, unnamed>::AcStrategyDctSource<8, 8>>(T3, float *, unsigned long long)",1.0,0.0202455,0.3973220884397435,21184.0,1263.4850201400002,5486.40483384,1861376.0,2286976.0,195.82477341389728,74.36,29.27,35.23,9.2,49.84,0.55,25.16,38.0,2304.0,16.3,1.37,
flower_500,"void unnamed>::InverseDctFactoredKernel<32, 32, const float *, unnamed>::AqDctImageOutput>(T3, T4, unsigned long long)",2.0,0.02015483333333333,0.3955427365170016,10144.0,1267.35015773,5451.1041009499995,467200.0,1551488.0,199.00315457413248,76.06,36.45,31.15,15.97,18.62,0.38,24.05,64.0,8448.0,3.14,0.42,
flower_500,"unnamed>::InitialGradientKernel(const float *, float *, float *, unsigned int *, CudaAqGeometry)",1.0,0.019253833333333335,0.37786042678475457,20320.0,1261.00721785,5484.5144357,1031168.0,1092992.0,104.53543307086615,39.71,18.52,33.28,19.79,31.4,0.67,44.71,48.0,0.0,3.5,0.02,
flower_500,"void unnamed>::EncodeResidentCoefficientsShapeKernel<16, 32, 256, 0>(const CudaAqAnchor *, const float *, const int *, const signed char *, const signed char *, const float *, int *, float *, float *, int *, float *, const unsigned char *, const unsigned int *, const float *, unsigned int *, CudaAqExactBatch, CudaAqResidentParams)",2.0,0.0190615,0.3740858456839382,10048.0,1266.1889596600001,5503.18471338,36352.0,233216.0,26.828025477707005,10.16,8.79,11.99,4.24,17.02,0.14,12.37,47.0,256.0,6.25,0.01,
flower_500,"void unnamed>::EncodeResidentCoefficientsShapeKernel<8, 8, 64, 1>(const CudaAqAnchor *, const float *, const int *, const signed char *, const signed char *, const float *, int *, float *, float *, int *, float *, const unsigned char *, const unsigned int *, const float *, unsigned int *, CudaAqExactBatch, CudaAqResidentParams)",1.0,0.0185285,0.36362561140281974,18080.0,1265.09955752,5493.80530973,29568.0,881920.0,50.4141592920354,19.12,30.16,15.48,15.13,50.57,1.04,49.23,40.0,128.0,3.9,0.27,
flower_500,"unnamed>::ComposeKernel(const float *, const float *, float *, unnamed>::ComposeParams)",2.0,0.017499166666666666,0.34342473369169174,8736.0,1248.3974359000001,5450.54945055,1017856.0,160000.0,134.82783882783883,51.53,23.09,32.09,15.15,77.23,1.22,49.72,16.0,0.0,8.27,0.11,
flower_500,"void unnamed>::EncodeResidentCoefficientsShapeKernel<32, 16, 256, 0>(const CudaAqAnchor *, const float *, const int *, const signed char *, const signed char *, const float *, int *, float *, float *, int *, float *, const unsigned char *, const unsigned int *, const float *, unsigned int *, CudaAqExactBatch, CudaAqResidentParams)",2.0,0.01670416666666667,0.3278226956926502,8896.0,1269.44694245,5467.625899279999,29056.0,112512.0,15.913669064748202,6.06,10.1,8.33,4.77,16.22,0.16,14.39,47.0,256.0,3.39,0.01,
flower_500,"void unnamed>::InverseDctFactoredKernel<8, 8, const float *, unnamed>::AqDctImageOutput>(T3, T4, unsigned long long)",2.0,0.015610833333333332,0.3063658048595867,7872.0,1255.0389566400002,5441.73441734,27392.0,1308288.0,169.6747967479675,64.96,38.25,33.86,10.25,43.16,0.64,27.22,28.0,2304.0,6.39,2.24,
flower_500,"void unnamed>::EncodeResidentCoefficientsShapeKernel<8, 16, 128, 0>(const CudaAqAnchor *, const float *, const int *, const signed char *, const signed char *, const float *, int *, float *, float *, int *, float *, const unsigned char *, const unsigned int *, const float *, unsigned int *, CudaAqExactBatch, CudaAqResidentParams)",2.0,0.014826666666666669,0.2909763732483728,8064.0,1266.61706349,5460.31746032,28160.0,175360.0,25.238095238095237,9.63,8.88,7.85,4.12,19.61,0.15,13.03,47.0,256.0,5.95,0.01,
flower_500,"void unnamed>::EncodeResidentCoefficientsShapeKernel<16, 16, 256, 0>(const CudaAqAnchor *, const float *, const int *, const signed char *, const signed char *, const float *, int *, float *, float *, int *, float *, const unsigned char *, const unsigned int *, const float *, unsigned int *, CudaAqExactBatch, CudaAqResidentParams)",2.0,0.014816499999999998,0.2907768503305653,7840.0,1259.43877551,5485.71428571,34048.0,207744.0,30.84081632653061,11.71,13.2,12.37,6.15,31.6,0.25,18.51,47.0,256.0,6.24,0.06,
flower_500,"void unnamed>::EncodeResidentCoefficientsShapeKernel<32, 32, 256, 1>(const CudaAqAnchor *, const float *, const int *, const signed char *, const signed char *, const float *, int *, float *, float *, int *, float *, const unsigned char *, const unsigned int *, const float *, unsigned int *, CudaAqExactBatch, CudaAqResidentParams)",1.0,0.014416333333333335,0.2829234974509639,15360.0,1262.19618056,5488.88888889,75904.0,757760.0,54.275,20.6,32.6,27.62,17.19,62.17,0.9,48.04,45.0,128.0,6.81,0.12,
flower_500,"void unnamed>::EncodeResidentCoefficientsShapeKernel<16, 8, 128, 0>(const CudaAqAnchor *, const float *, const int *, const signed char *, const signed char *, const float *, int *, float *, float *, int *, float *, const unsigned char *, const unsigned int *, const float *, unsigned int *, CudaAqExactBatch, CudaAqResidentParams)",2.0,0.012496333333333333,0.24524310379290123,6880.0,1262.16085271,5432.55813953,23680.0,98688.0,17.78604651162791,6.82,6.95,6.55,3.24,12.19,0.1,9.84,44.0,256.0,3.04,0.01,
flower_500,"void unnamed>::ForwardDctFactoredKernel<32, 32, unnamed>::AqDctImageSource<32>>(T3, float *, unsigned long long)",1.0,0.012032666666666665,0.23614355039387946,12800.0,1261.38020833,5480.0,1442176.0,1114624.0,199.75,75.94,23.24,24.83,12.58,22.15,0.27,17.65,48.0,8448.0,8.19,0.44,
flower_500,"void unnamed>::CoefficientOrderPopulationKernel<0>(const int *, unnamed>::PopulationBatches, const unsigned char *, unsigned int *)",1.0,0.011925666666666668,0.2340436534556437,12640.0,1263.84493671,5468.35443038,1863808.0,311808.0,172.12151898734177,65.57,16.47,27.14,7.51,59.84,0.53,24.77,30.0,3072.0,17.71,0.06,
flower_500,"unnamed>::SelectionInitializeKernel(unsigned int *, unsigned int *, unsigned int)",8.0,0.010378333333333331,0.20367691953885084,2080.0,1261.53846154,5415.3846153800005,2560.0,2304.0,2.3384615384615386,0.9,11.73,0.89,1.17,15.62,0.08,6.69,16.0,0.0,0.64,0.0,
flower_500,"void unnamed>::ForwardDctFactoredKernel<32, 16, unnamed>::AqDctImageSource<32>>(T3, float *, unsigned long long)",1.0,0.0095685,0.18778377433186072,10080.0,1272.3875661400002,5485.71428571,123776.0,62592.0,18.488888888888887,7.02,4.96,3.03,1.78,4.18,0.06,5.67,40.0,4224.0,14.16,0.0,
flower_500,"void unnamed>::EncodeResidentCoefficientsShapeKernel<16, 32, 256, 1>(const CudaAqAnchor *, const float *, const int *, const signed char *, const signed char *, const float *, int *, float *, float *, int *, float *, const unsigned char *, const unsigned int *, const float *, unsigned int *, CudaAqExactBatch, CudaAqResidentParams)",1.0,0.008603,0.16883563887516304,9312.0,1265.21334479,5479.95418099,30080.0,150144.0,19.353951890034363,7.36,8.23,10.44,4.34,17.04,0.14,13.15,42.0,128.0,6.48,0.01,
flower_500,"void unnamed>::EncodeResidentCoefficientsShapeKernel<32, 16, 256, 1>(const CudaAqAnchor *, const float *, const int *, const signed char *, const signed char *, const float *, int *, float *, float *, int *, float *, const unsigned char *, const unsigned int *, const float *, unsigned int *, CudaAqExactBatch, CudaAqResidentParams)",1.0,0.007829333333333334,0.15365227191676664,8352.0,1268.71807152,5476.37292465,25472.0,55168.0,9.655172413793103,3.67,9.37,7.22,5.0,15.77,0.17,15.19,42.0,128.0,3.65,0.02,
flower_500,"unnamed>::RawQuantKernel(const float *, const unsigned int *, int *, unsigned int *, unsigned int)",4.0,0.0072854999999999994,0.14297943124782056,2560.0,1254.94791667,5400.0,4736.0,8960.0,5.35,2.06,4.17,2.55,1.69,16.11,0.07,6.45,16.0,0.0,14.32,0.14,
flower_500,"void unnamed>::EncodeResidentCoefficientsShapeKernel<8, 16, 128, 1>(const CudaAqAnchor *, const float *, const int *, const signed char *, const signed char *, const float *, int *, float *, float *, int *, float *, const unsigned char *, const unsigned int *, const float *, unsigned int *, CudaAqExactBatch, CudaAqResidentParams)",1.0,0.0068855,0.1351293492357242,7264.0,1262.3898678399999,5427.31277533,24960.0,89088.0,15.700440528634362,6.03,7.9,6.86,4.06,17.71,0.15,13.32,42.0,128.0,5.57,0.02,
flower_500,"unnamed>::FinalizeQuantizerKernel(const float *, unsigned int *, unsigned int *, unsigned int, float)",4.0,0.006645333333333334,0.13041602916096132,2144.0,1254.35323383,5333.33333333,5120.0,256.0,2.5074626865671643,0.98,0.77,1.21,0.56,2.02,0.06,6.04,17.0,0.0,3.6,0.0,
flower_500,"void unnamed>::ForwardDctFactoredKernel<8, 8, unnamed>::AqDctImageSource<8>>(T3, float *, unsigned long long)",1.0,0.0066295,0.1301052967479825,7392.0,1250.45093795,5471.861471859999,972160.0,156160.0,152.64069264069263,58.12,31.59,29.74,10.38,45.73,0.43,23.18,28.0,2304.0,15.45,0.21,
flower_500,"void unnamed>::InverseDctFactoredKernel<16, 32, const float *, unnamed>::AqDctImageOutput>(T3, T4, unsigned long long)",2.0,0.006389666666666668,0.12539851840822971,3840.0,1247.74305556,5422.22222222,11264.0,190464.0,52.53333333333333,20.18,21.95,12.52,9.17,6.61,0.19,18.52,64.0,4352.0,1.27,0.09,
flower_500,"void unnamed>::EncodeResidentCoefficientsShapeKernel<16, 16, 256, 1>(const CudaAqAnchor *, const float *, const int *, const signed char *, const signed char *, const float *, int *, float *, float *, int *, float *, const unsigned char *, const unsigned int *, const float *, unsigned int *, CudaAqExactBatch, CudaAqResidentParams)",1.0,0.0063574999999999994,0.12476724097975694,6848.0,1255.20833333,5433.021806850001,26112.0,99328.0,18.317757009345794,7.02,13.51,10.94,7.11,30.74,0.28,21.02,42.0,128.0,5.39,0.06,
flower_500,"void unnamed>::InverseDctFactoredKernel<32, 16, const float *, unnamed>::AqDctImageOutput>(T3, T4, unsigned long long)",2.0,0.006170666666666667,0.12110059850660693,3872.0,1253.9600550999999,5421.487603310001,11776.0,76544.0,22.8099173553719,8.77,20.4,7.86,6.12,4.16,0.21,20.83,40.0,4224.0,0.91,0.0,
flower_500,"void unnamed>::ForwardDctFactoredKernel<16, 8, unnamed>::AqDctImageSource<16>>(T3, float *, unsigned long long)",1.0,0.005968,0.1171232236204781,7232.0,1269.72713864,5451.32743363,76160.0,83328.0,22.053097345132745,8.43,4.8,2.74,1.36,4.58,0.05,5.02,30.0,2176.0,15.02,0.01,
flower_500,"void unnamed>::EncodeResidentCoefficientsShapeKernel<16, 8, 128, 1>(const CudaAqAnchor *, const float *, const int *, const signed char *, const signed char *, const float *, int *, float *, float *, int *, float *, const unsigned char *, const unsigned int *, const float *, unsigned int *, CudaAqExactBatch, CudaAqResidentParams)",1.0,0.005839833333333333,0.11460792650910222,6528.0,1268.4844771199998,5490.19607843,20864.0,38144.0,9.03921568627451,3.43,6.15,5.54,3.15,11.4,0.11,10.09,40.0,128.0,3.31,0.01,
flower_500,"void unnamed>::InverseDctFactoredKernel<16, 16, const float *, unnamed>::AqDctImageOutput>(T3, T4, unsigned long long)",2.0,0.0057603333333333335,0.11304772270919806,3680.0,1252.4456521700001,5426.08695652,8448.0,124160.0,36.03478260869565,13.84,16.76,12.07,5.85,6.2,0.14,13.86,40.0,4352.0,1.78,0.07,
flower_500,"unnamed>::ResidentPolicyUpdateKernel(float *, const float *, const float *, const float *, float *, const unsigned int *, unsigned int *, CudaAqResidentPolicyParams)",2.0,0.005573333333333333,0.109377809368543,3360.0,1256.74603175,5333.33333333,39680.0,10496.0,14.933333333333334,5.83,4.5,3.3,6.78,15.78,0.16,14.84,19.0,0.0,3.27,0.0,
flower_500,"void unnamed>::InverseDctFactoredKernel<8, 16, const float *, unnamed>::AqDctImageOutput>(T3, T4, unsigned long long)",2.0,0.005141333333333334,0.10089972079547889,3392.0,1245.28301887,5433.96226415,7424.0,179328.0,55.056603773584904,21.11,17.66,8.7,5.84,7.44,0.13,12.7,40.0,2304.0,1.87,0.07,
flower_500,"void unnamed>::InverseDctFactoredKernel<16, 8, const float *, unnamed>::AqDctImageOutput>(T3, T4, unsigned long long)",2.0,0.005035,0.09881290732726326,3136.0,1263.3928571400002,5551.0204081599995,7680.0,63232.0,22.612244897959183,8.49,14.85,6.27,3.52,4.58,0.14,13.89,39.0,2176.0,1.63,0.04,
flower_500,"unnamed>::FuzzyErosionKernel(const float *, float *, float *, unsigned int *, CudaAqGeometry, float, float, float, float)",1.0,0.004976166666666666,0.0976582910979841,5664.0,1263.30037665,5423.72881356,15104.0,35456.0,8.926553672316384,3.43,9.05,3.77,11.74,16.0,0.38,31.76,40.0,0.0,0.68,0.0,
flower_500,"void unnamed>::ForwardDctFactoredKernel<8, 16, unnamed>::AqDctImageSource<8>>(T3, float *, unsigned long long)",1.0,0.0045386666666666665,0.08907226389725367,4768.0,1256.7114094,5440.71588367,121216.0,147584.0,56.375838926174495,21.59,9.38,6.31,4.05,7.45,0.11,11.46,40.0,2304.0,4.67,0.0,
flower_500,"void unnamed>::ForwardDctFactoredKernel<16, 32, unnamed>::AqDctImageSource<16>>(T3, float *, unsigned long long)",1.0,0.004474833333333334,0.0878195216428233,5312.0,1252.88654618,5397.590361449999,207360.0,48768.0,48.21686746987952,18.61,13.79,9.36,7.02,6.21,0.2,19.56,56.0,4352.0,2.1,0.01,
flower_500,"void unnamed>::ForwardDctFactoredKernel<16, 16, unnamed>::AqDctImageSource<16>>(T3, float *, unsigned long long)",1.0,0.003744166666666667,0.07348003850072723,4576.0,1248.90734266,5482.51748252,187520.0,112128.0,65.48251748251748,24.88,11.61,9.77,4.89,6.16,0.12,11.76,40.0,4352.0,4.26,0.01,
flower_500,"unnamed>::ResidentPolicyInitializeKernel(const float *, float *, float *, unsigned int *, CudaAqResidentPolicyParams)",1.0,0.0023893333333333336,0.04689115655225576,2720.0,1257.84313725,5458.8235294099995,18816.0,16000.0,12.8,4.89,2.93,2.11,0.49,15.82,0.04,3.71,16.0,0.0,16.32,0.0,
flower_500,"unnamed>::ReducePositiveRangeKernel(const float *, unsigned int, float *, unsigned int *)",1.0,0.001712,0.03359835101177253,2304.0,1255.0636574100001,5481.481481479999,2816.0,0.0,1.2222222222222223,0.46,7.76,2.09,1.17,15.41,0.07,6.44,16.0,0.0,6.82,0.0,
flower_500,unnamed>::InitializePositiveRangeKernel(float *),1.0,0.0014079999999999997,0.02763228868257928,1888.0,1256.00282486,5423.72881356,2560.0,0.0,1.3559322033898304,0.52,0.87,0.92,0.07,2.03,0.03,3.05,16.0,0.0,0.0,0.0,
