image,effort,mode,group,milliseconds
kodak/01,1,base,frontend.initial_quantization,0.521021
kodak/01,1,base,frontend.quant_adjustment,0.008333
kodak/01,1,base,aq.policy_bounds,0.014354
kodak/01,1,base,aq.final_frame,1.1360000000000001
kodak/01,1,cpu,frontend.initial_quantization,0.519583
kodak/01,1,cpu,frontend.quant_adjustment,0.008375
kodak/01,1,cpu,aq.policy_bounds,0.014333
kodak/01,1,cpu,aq.final_frame,1.1412915
kodak/01,1,release,frontend.initial_quantization,0.3054165
kodak/01,1,release,frontend.quant_adjustment,0.0054164999999999994
kodak/01,1,release,aq.policy_bounds,0.0091455
kodak/01,1,release,aq.final_frame,0.6726665000000001
kodak/01,1,joined1,frontend.initial_quantization,0.3485625
kodak/01,1,joined1,frontend.quant_adjustment,0.006
kodak/01,1,joined1,aq.policy_bounds,0.0104165
kodak/01,1,joined1,aq.final_frame,0.7661035
kodak/01,7,base,frontend.prepare_aq.reference,0.6898960000000001
kodak/01,7,base,frontend.initial_quantization,0.46845800000000004
kodak/01,7,base,frontend.ac_strategy,1.180771
kodak/01,7,base,frontend.ac_strategy.select,0.3601255
kodak/01,7,base,frontend.ac_strategy.metadata,0.2508125
kodak/01,7,base,aq.strategy_dispatch,0.0033955
kodak/01,7,base,frontend.quant_adjustment,0.0335
kodak/01,7,base,aq.policy_bounds,0.007209
kodak/01,7,base,aq.reconstruction,2.9058745000000004
kodak/01,7,base,aq.policy_initialize,0.0030415
kodak/01,7,base,aq.gaborish,0.073292
kodak/01,7,base,aq.epf.pass_1,0.141292
kodak/01,7,base,aq.epf_linear.pass_2,0.0742925
kodak/01,7,base,butteraugli.psycho.sub,0.360811
kodak/01,7,base,butteraugli.malta.sub,0.1687705
kodak/01,7,base,butteraugli.mask_final.sub,0.057332999999999995
kodak/01,7,base,butteraugli.psycho.main,0.84073
kodak/01,7,base,butteraugli.malta.main,0.5016255000000001
kodak/01,7,base,butteraugli.mask.main,0.0671245
kodak/01,7,base,butteraugli.resident_reduction,0.185687
kodak/01,7,base,aq.policy_update,0.010208499999999999
kodak/01,7,base,aq.final_frame,1.1529165000000001
kodak/01,7,cpu,frontend.prepare_aq.reference,0.6837500000000001
kodak/01,7,cpu,frontend.initial_quantization,0.468375
kodak/01,7,cpu,frontend.ac_strategy,1.1825204999999999
kodak/01,7,cpu,frontend.ac_strategy.select,0.360458
kodak/01,7,cpu,frontend.ac_strategy.metadata,0.252208
kodak/01,7,cpu,aq.strategy_dispatch,0.0035
kodak/01,7,cpu,frontend.quant_adjustment,0.033417
kodak/01,7,cpu,aq.policy_bounds,0.007291499999999999
kodak/01,7,cpu,aq.reconstruction,2.8918939999999997
kodak/01,7,cpu,aq.policy_initialize,0.003
kodak/01,7,cpu,aq.gaborish,0.0733335
kodak/01,7,cpu,aq.epf.pass_1,0.13995849999999999
kodak/01,7,cpu,aq.epf_linear.pass_2,0.0734375
kodak/01,7,cpu,butteraugli.psycho.sub,0.3589190000000001
kodak/01,7,cpu,butteraugli.malta.sub,0.170437
kodak/01,7,cpu,butteraugli.mask_final.sub,0.057896
kodak/01,7,cpu,butteraugli.psycho.main,0.8438125000000001
kodak/01,7,cpu,butteraugli.malta.main,0.5037085000000001
kodak/01,7,cpu,butteraugli.mask.main,0.06885350000000001
kodak/01,7,cpu,butteraugli.resident_reduction,0.1859795
kodak/01,7,cpu,aq.policy_update,0.010249999999999999
kodak/01,7,cpu,aq.final_frame,1.156293
kodak/01,7,release,frontend.prepare_aq.reference,0.6989175000000001
kodak/01,7,release,frontend.initial_quantization,0.46825
kodak/01,7,release,frontend.ac_strategy,1.1850005000000001
kodak/01,7,release,frontend.ac_strategy.select,0.360438
kodak/01,7,release,frontend.ac_strategy.metadata,0.250021
kodak/01,7,release,aq.strategy_dispatch,0.003375
kodak/01,7,release,frontend.quant_adjustment,0.033292
kodak/01,7,release,aq.policy_bounds,0.0073124999999999996
kodak/01,7,release,aq.reconstruction,2.9114390000000006
kodak/01,7,release,aq.policy_initialize,0.0030204999999999997
kodak/01,7,release,aq.gaborish,0.0734795
kodak/01,7,release,aq.epf.pass_1,0.1409165
kodak/01,7,release,aq.epf_linear.pass_2,0.0731465
kodak/01,7,release,butteraugli.psycho.sub,0.36385500000000004
kodak/01,7,release,butteraugli.malta.sub,0.1691255
kodak/01,7,release,butteraugli.mask_final.sub,0.055333499999999994
kodak/01,7,release,butteraugli.psycho.main,0.8424394999999999
kodak/01,7,release,butteraugli.malta.main,0.5064584999999999
kodak/01,7,release,butteraugli.mask.main,0.06847900000000001
kodak/01,7,release,butteraugli.resident_reduction,0.1883125
kodak/01,7,release,aq.policy_update,0.010208499999999999
kodak/01,7,release,aq.final_frame,1.161895
kodak/01,7,joined1,frontend.prepare_aq.reference,0.6928535
kodak/01,7,joined1,frontend.initial_quantization,0.46791649999999996
kodak/01,7,joined1,frontend.ac_strategy,1.185124
kodak/01,7,joined1,frontend.ac_strategy.select,0.360479
kodak/01,7,joined1,frontend.ac_strategy.metadata,0.253417
kodak/01,7,joined1,aq.strategy_dispatch,0.003291
kodak/01,7,joined1,frontend.quant_adjustment,0.0331255
kodak/01,7,joined1,aq.policy_bounds,0.007292
kodak/01,7,joined1,aq.reconstruction,2.8943754999999998
kodak/01,7,joined1,aq.policy_initialize,0.0029585
kodak/01,7,joined1,aq.gaborish,0.0736465
kodak/01,7,joined1,aq.epf.pass_1,0.1411455
kodak/01,7,joined1,aq.epf_linear.pass_2,0.0745
kodak/01,7,joined1,butteraugli.psycho.sub,0.36291749999999995
kodak/01,7,joined1,butteraugli.malta.sub,0.169125
kodak/01,7,joined1,butteraugli.mask_final.sub,0.055729
kodak/01,7,joined1,butteraugli.psycho.main,0.8466040000000001
kodak/01,7,joined1,butteraugli.malta.main,0.5059165
kodak/01,7,joined1,butteraugli.mask.main,0.067437
kodak/01,7,joined1,butteraugli.resident_reduction,0.186708
kodak/01,7,joined1,aq.policy_update,0.010332999999999998
kodak/01,7,joined1,aq.final_frame,1.161333
kodak/01,8,base,frontend.prepare_aq.reference,0.6840835000000001
kodak/01,8,base,frontend.initial_quantization,0.4685
kodak/01,8,base,frontend.ac_strategy,1.1824165
kodak/01,8,base,frontend.ac_strategy.select,0.36025
kodak/01,8,base,frontend.ac_strategy.metadata,0.2507505
kodak/01,8,base,aq.strategy_dispatch,0.003417
kodak/01,8,base,frontend.quant_adjustment,0.033333
kodak/01,8,base,aq.policy_bounds,0.0072705
kodak/01,8,base,aq.reconstruction,5.1957474999999995
kodak/01,8,base,aq.policy_initialize,0.0029585
kodak/01,8,base,aq.gaborish,0.1140005
kodak/01,8,base,aq.epf.pass_1,0.2105
kodak/01,8,base,aq.epf_linear.pass_2,0.1061255
kodak/01,8,base,butteraugli.psycho.sub,0.534397
kodak/01,8,base,butteraugli.malta.sub,0.2489575
kodak/01,8,base,butteraugli.mask_final.sub,0.08541699999999999
kodak/01,8,base,butteraugli.psycho.main,1.243062
kodak/01,8,base,butteraugli.malta.main,0.7562705000000001
kodak/01,8,base,butteraugli.mask.main,0.1001255
kodak/01,8,base,butteraugli.resident_reduction,0.27954199999999996
kodak/01,8,base,aq.policy_update,0.0153965
kodak/01,8,base,aq.final_frame,1.1492085
kodak/01,8,cpu,frontend.prepare_aq.reference,0.6917070000000001
kodak/01,8,cpu,frontend.initial_quantization,0.468646
kodak/01,8,cpu,frontend.ac_strategy,1.1823325
kodak/01,8,cpu,frontend.ac_strategy.select,0.360125
kodak/01,8,cpu,frontend.ac_strategy.metadata,0.2488335
kodak/01,8,cpu,aq.strategy_dispatch,0.0034375
kodak/01,8,cpu,frontend.quant_adjustment,0.033146
kodak/01,8,cpu,aq.policy_bounds,0.0072295
kodak/01,8,cpu,aq.reconstruction,5.212193
kodak/01,8,cpu,aq.policy_initialize,0.003
kodak/01,8,cpu,aq.gaborish,0.11408349999999999
kodak/01,8,cpu,aq.epf.pass_1,0.2107075
kodak/01,8,cpu,aq.epf_linear.pass_2,0.107042
kodak/01,8,cpu,butteraugli.psycho.sub,0.532521
kodak/01,8,cpu,butteraugli.malta.sub,0.251979
kodak/01,8,cpu,butteraugli.mask_final.sub,0.08164550000000001
kodak/01,8,cpu,butteraugli.psycho.main,1.2515625000000001
kodak/01,8,cpu,butteraugli.malta.main,0.7599175
kodak/01,8,cpu,butteraugli.mask.main,0.101813
kodak/01,8,cpu,butteraugli.resident_reduction,0.280583
kodak/01,8,cpu,aq.policy_update,0.015396
kodak/01,8,cpu,aq.final_frame,1.1552305
kodak/01,8,release,frontend.prepare_aq.reference,0.6952514999999999
kodak/01,8,release,frontend.initial_quantization,0.4670415
kodak/01,8,release,frontend.ac_strategy,1.1804385000000002
kodak/01,8,release,frontend.ac_strategy.select,0.360229
kodak/01,8,release,frontend.ac_strategy.metadata,0.2512915
kodak/01,8,release,aq.strategy_dispatch,0.0034790000000000003
kodak/01,8,release,frontend.quant_adjustment,0.032896
kodak/01,8,release,aq.policy_bounds,0.007312
kodak/01,8,release,aq.reconstruction,5.220477499999999
kodak/01,8,release,aq.policy_initialize,0.003042
kodak/01,8,release,aq.gaborish,0.114375
kodak/01,8,release,aq.epf.pass_1,0.21022849999999998
kodak/01,8,release,aq.epf_linear.pass_2,0.10537550000000001
kodak/01,8,release,butteraugli.psycho.sub,0.53548
kodak/01,8,release,butteraugli.malta.sub,0.256209
kodak/01,8,release,butteraugli.mask_final.sub,0.08247850000000001
kodak/01,8,release,butteraugli.psycho.main,1.2555825
kodak/01,8,release,butteraugli.malta.main,0.7573745000000001
kodak/01,8,release,butteraugli.mask.main,0.1015
kodak/01,8,release,butteraugli.resident_reduction,0.2813335
kodak/01,8,release,aq.policy_update,0.015355
kodak/01,8,release,aq.final_frame,1.1613755
kodak/01,8,joined1,frontend.prepare_aq.reference,0.68154
kodak/01,8,joined1,frontend.initial_quantization,0.46375
kodak/01,8,joined1,frontend.ac_strategy,1.176312
kodak/01,8,joined1,frontend.ac_strategy.select,0.36054149999999996
kodak/01,8,joined1,frontend.ac_strategy.metadata,0.2483125
kodak/01,8,joined1,aq.strategy_dispatch,0.0032085
kodak/01,8,joined1,frontend.quant_adjustment,0.0322915
kodak/01,8,joined1,aq.policy_bounds,0.007208
kodak/01,8,joined1,aq.reconstruction,5.167838
kodak/01,8,joined1,aq.policy_initialize,0.002833
kodak/01,8,joined1,aq.gaborish,0.11345800000000002
kodak/01,8,joined1,aq.epf.pass_1,0.2095635
kodak/01,8,joined1,aq.epf_linear.pass_2,0.1049795
kodak/01,8,joined1,butteraugli.psycho.sub,0.531002
kodak/01,8,joined1,butteraugli.malta.sub,0.24256300000000003
kodak/01,8,joined1,butteraugli.mask_final.sub,0.080313
kodak/01,8,joined1,butteraugli.psycho.main,1.241958
kodak/01,8,joined1,butteraugli.malta.main,0.746167
kodak/01,8,joined1,butteraugli.mask.main,0.097771
kodak/01,8,joined1,butteraugli.resident_reduction,0.27579299999999995
kodak/01,8,joined1,aq.policy_update,0.01548
kodak/01,8,joined1,aq.final_frame,1.1449600000000002
clic2024_test/097cb426910ba8ce2525dd8bb7fb1777,1,base,frontend.initial_quantization,0.5366664999999999
clic2024_test/097cb426910ba8ce2525dd8bb7fb1777,1,base,frontend.quant_adjustment,0.0112915
clic2024_test/097cb426910ba8ce2525dd8bb7fb1777,1,base,aq.policy_bounds,0.012229
clic2024_test/097cb426910ba8ce2525dd8bb7fb1777,1,base,aq.final_frame,2.434896
clic2024_test/097cb426910ba8ce2525dd8bb7fb1777,1,cpu,frontend.initial_quantization,0.6213124999999999
clic2024_test/097cb426910ba8ce2525dd8bb7fb1777,1,cpu,frontend.quant_adjustment,0.010333499999999999
clic2024_test/097cb426910ba8ce2525dd8bb7fb1777,1,cpu,aq.policy_bounds,0.0102495
clic2024_test/097cb426910ba8ce2525dd8bb7fb1777,1,cpu,aq.final_frame,2.4484375
clic2024_test/097cb426910ba8ce2525dd8bb7fb1777,1,release,frontend.initial_quantization,0.515375
clic2024_test/097cb426910ba8ce2525dd8bb7fb1777,1,release,frontend.quant_adjustment,0.010229
clic2024_test/097cb426910ba8ce2525dd8bb7fb1777,1,release,aq.policy_bounds,0.009917
clic2024_test/097cb426910ba8ce2525dd8bb7fb1777,1,release,aq.final_frame,2.341916
clic2024_test/097cb426910ba8ce2525dd8bb7fb1777,1,joined1,frontend.initial_quantization,0.44977100000000003
clic2024_test/097cb426910ba8ce2525dd8bb7fb1777,1,joined1,frontend.quant_adjustment,0.0104995
clic2024_test/097cb426910ba8ce2525dd8bb7fb1777,1,joined1,aq.policy_bounds,0.010271
clic2024_test/097cb426910ba8ce2525dd8bb7fb1777,1,joined1,aq.final_frame,2.4466045000000003
clic2024_test/097cb426910ba8ce2525dd8bb7fb1777,7,base,frontend.prepare_aq.reference,4.504896499999999
clic2024_test/097cb426910ba8ce2525dd8bb7fb1777,7,base,frontend.initial_quantization,1.7980835
clic2024_test/097cb426910ba8ce2525dd8bb7fb1777,7,base,frontend.ac_strategy,9.1707085
clic2024_test/097cb426910ba8ce2525dd8bb7fb1777,7,base,frontend.ac_strategy.select,0.3212705
clic2024_test/097cb426910ba8ce2525dd8bb7fb1777,7,base,frontend.ac_strategy.metadata,0.294958
clic2024_test/097cb426910ba8ce2525dd8bb7fb1777,7,base,aq.strategy_dispatch,0.0054375
clic2024_test/097cb426910ba8ce2525dd8bb7fb1777,7,base,frontend.quant_adjustment,0.036375
clic2024_test/097cb426910ba8ce2525dd8bb7fb1777,7,base,aq.policy_bounds,0.008583
clic2024_test/097cb426910ba8ce2525dd8bb7fb1777,7,base,aq.reconstruction,8.015727
clic2024_test/097cb426910ba8ce2525dd8bb7fb1777,7,base,aq.policy_initialize,0.008521
clic2024_test/097cb426910ba8ce2525dd8bb7fb1777,7,base,aq.gaborish,0.8131459999999999
clic2024_test/097cb426910ba8ce2525dd8bb7fb1777,7,base,aq.epf.pass_1,0.984979
clic2024_test/097cb426910ba8ce2525dd8bb7fb1777,7,base,aq.epf_linear.pass_2,0.8026880000000001
clic2024_test/097cb426910ba8ce2525dd8bb7fb1777,7,base,butteraugli.psycho.sub,2.0437924999999995
clic2024_test/097cb426910ba8ce2525dd8bb7fb1777,7,base,butteraugli.malta.sub,0.993792
clic2024_test/097cb426910ba8ce2525dd8bb7fb1777,7,base,butteraugli.mask_final.sub,0.343104
clic2024_test/097cb426910ba8ce2525dd8bb7fb1777,7,base,butteraugli.psycho.main,6.0758975
clic2024_test/097cb426910ba8ce2525dd8bb7fb1777,7,base,butteraugli.malta.main,3.7868329999999997
clic2024_test/097cb426910ba8ce2525dd8bb7fb1777,7,base,butteraugli.mask.main,0.3530835
clic2024_test/097cb426910ba8ce2525dd8bb7fb1777,7,base,butteraugli.resident_reduction,0.958395
clic2024_test/097cb426910ba8ce2525dd8bb7fb1777,7,base,aq.policy_update,0.0159585
clic2024_test/097cb426910ba8ce2525dd8bb7fb1777,7,base,aq.final_frame,3.336792
clic2024_test/097cb426910ba8ce2525dd8bb7fb1777,7,cpu,frontend.prepare_aq.reference,4.504231000000001
clic2024_test/097cb426910ba8ce2525dd8bb7fb1777,7,cpu,frontend.initial_quantization,1.793354
clic2024_test/097cb426910ba8ce2525dd8bb7fb1777,7,cpu,frontend.ac_strategy,9.168458
clic2024_test/097cb426910ba8ce2525dd8bb7fb1777,7,cpu,frontend.ac_strategy.select,0.321396
clic2024_test/097cb426910ba8ce2525dd8bb7fb1777,7,cpu,frontend.ac_strategy.metadata,0.294312
clic2024_test/097cb426910ba8ce2525dd8bb7fb1777,7,cpu,aq.strategy_dispatch,0.0035835
clic2024_test/097cb426910ba8ce2525dd8bb7fb1777,7,cpu,frontend.quant_adjustment,0.0363335
clic2024_test/097cb426910ba8ce2525dd8bb7fb1777,7,cpu,aq.policy_bounds,0.008604500000000001
clic2024_test/097cb426910ba8ce2525dd8bb7fb1777,7,cpu,aq.reconstruction,8.021917
clic2024_test/097cb426910ba8ce2525dd8bb7fb1777,7,cpu,aq.policy_initialize,0.0073545
clic2024_test/097cb426910ba8ce2525dd8bb7fb1777,7,cpu,aq.gaborish,0.812479
clic2024_test/097cb426910ba8ce2525dd8bb7fb1777,7,cpu,aq.epf.pass_1,0.9854575
clic2024_test/097cb426910ba8ce2525dd8bb7fb1777,7,cpu,aq.epf_linear.pass_2,0.8024585
clic2024_test/097cb426910ba8ce2525dd8bb7fb1777,7,cpu,butteraugli.psycho.sub,2.0545625
clic2024_test/097cb426910ba8ce2525dd8bb7fb1777,7,cpu,butteraugli.malta.sub,0.9948330000000001
clic2024_test/097cb426910ba8ce2525dd8bb7fb1777,7,cpu,butteraugli.mask_final.sub,0.3439175
clic2024_test/097cb426910ba8ce2525dd8bb7fb1777,7,cpu,butteraugli.psycho.main,6.074666499999999
clic2024_test/097cb426910ba8ce2525dd8bb7fb1777,7,cpu,butteraugli.malta.main,3.7744375
clic2024_test/097cb426910ba8ce2525dd8bb7fb1777,7,cpu,butteraugli.mask.main,0.35414599999999996
clic2024_test/097cb426910ba8ce2525dd8bb7fb1777,7,cpu,butteraugli.resident_reduction,0.947854
clic2024_test/097cb426910ba8ce2525dd8bb7fb1777,7,cpu,aq.policy_update,0.016
clic2024_test/097cb426910ba8ce2525dd8bb7fb1777,7,cpu,aq.final_frame,3.3324369999999996
clic2024_test/097cb426910ba8ce2525dd8bb7fb1777,7,release,frontend.prepare_aq.reference,4.5170829999999995
clic2024_test/097cb426910ba8ce2525dd8bb7fb1777,7,release,frontend.initial_quantization,1.7991869999999999
clic2024_test/097cb426910ba8ce2525dd8bb7fb1777,7,release,frontend.ac_strategy,9.171249499999998
clic2024_test/097cb426910ba8ce2525dd8bb7fb1777,7,release,frontend.ac_strategy.select,0.32147950000000003
clic2024_test/097cb426910ba8ce2525dd8bb7fb1777,7,release,frontend.ac_strategy.metadata,0.295292
clic2024_test/097cb426910ba8ce2525dd8bb7fb1777,7,release,aq.strategy_dispatch,0.0034165000000000003
clic2024_test/097cb426910ba8ce2525dd8bb7fb1777,7,release,frontend.quant_adjustment,0.036146
clic2024_test/097cb426910ba8ce2525dd8bb7fb1777,7,release,aq.policy_bounds,0.008521
clic2024_test/097cb426910ba8ce2525dd8bb7fb1777,7,release,aq.reconstruction,8.0080185
clic2024_test/097cb426910ba8ce2525dd8bb7fb1777,7,release,aq.policy_initialize,0.0072495
clic2024_test/097cb426910ba8ce2525dd8bb7fb1777,7,release,aq.gaborish,0.812083
clic2024_test/097cb426910ba8ce2525dd8bb7fb1777,7,release,aq.epf.pass_1,0.9864165
clic2024_test/097cb426910ba8ce2525dd8bb7fb1777,7,release,aq.epf_linear.pass_2,0.8050424999999999
clic2024_test/097cb426910ba8ce2525dd8bb7fb1777,7,release,butteraugli.psycho.sub,2.0512505
clic2024_test/097cb426910ba8ce2525dd8bb7fb1777,7,release,butteraugli.malta.sub,0.9915415
clic2024_test/097cb426910ba8ce2525dd8bb7fb1777,7,release,butteraugli.mask_final.sub,0.3438335
clic2024_test/097cb426910ba8ce2525dd8bb7fb1777,7,release,butteraugli.psycho.main,6.084521999999999
clic2024_test/097cb426910ba8ce2525dd8bb7fb1777,7,release,butteraugli.malta.main,3.780812
clic2024_test/097cb426910ba8ce2525dd8bb7fb1777,7,release,butteraugli.mask.main,0.3546455
clic2024_test/097cb426910ba8ce2525dd8bb7fb1777,7,release,butteraugli.resident_reduction,0.9522505
clic2024_test/097cb426910ba8ce2525dd8bb7fb1777,7,release,aq.policy_update,0.0159375
clic2024_test/097cb426910ba8ce2525dd8bb7fb1777,7,release,aq.final_frame,3.33298
clic2024_test/097cb426910ba8ce2525dd8bb7fb1777,7,joined1,frontend.prepare_aq.reference,4.5152725
clic2024_test/097cb426910ba8ce2525dd8bb7fb1777,7,joined1,frontend.initial_quantization,1.7980835000000002
clic2024_test/097cb426910ba8ce2525dd8bb7fb1777,7,joined1,frontend.ac_strategy,9.174875499999999
clic2024_test/097cb426910ba8ce2525dd8bb7fb1777,7,joined1,frontend.ac_strategy.select,0.3217085
clic2024_test/097cb426910ba8ce2525dd8bb7fb1777,7,joined1,frontend.ac_strategy.metadata,0.2957915
clic2024_test/097cb426910ba8ce2525dd8bb7fb1777,7,joined1,aq.strategy_dispatch,0.0035205
clic2024_test/097cb426910ba8ce2525dd8bb7fb1777,7,joined1,frontend.quant_adjustment,0.0363335
clic2024_test/097cb426910ba8ce2525dd8bb7fb1777,7,joined1,aq.policy_bounds,0.008604
clic2024_test/097cb426910ba8ce2525dd8bb7fb1777,7,joined1,aq.reconstruction,8.023084999999998
clic2024_test/097cb426910ba8ce2525dd8bb7fb1777,7,joined1,aq.policy_initialize,0.008375
clic2024_test/097cb426910ba8ce2525dd8bb7fb1777,7,joined1,aq.gaborish,0.8188955
clic2024_test/097cb426910ba8ce2525dd8bb7fb1777,7,joined1,aq.epf.pass_1,0.985958
clic2024_test/097cb426910ba8ce2525dd8bb7fb1777,7,joined1,aq.epf_linear.pass_2,0.804646
clic2024_test/097cb426910ba8ce2525dd8bb7fb1777,7,joined1,butteraugli.psycho.sub,2.046959
clic2024_test/097cb426910ba8ce2525dd8bb7fb1777,7,joined1,butteraugli.malta.sub,0.9923545
clic2024_test/097cb426910ba8ce2525dd8bb7fb1777,7,joined1,butteraugli.mask_final.sub,0.3439795
clic2024_test/097cb426910ba8ce2525dd8bb7fb1777,7,joined1,butteraugli.psycho.main,6.095666
clic2024_test/097cb426910ba8ce2525dd8bb7fb1777,7,joined1,butteraugli.malta.main,3.7842915
clic2024_test/097cb426910ba8ce2525dd8bb7fb1777,7,joined1,butteraugli.mask.main,0.3539795
clic2024_test/097cb426910ba8ce2525dd8bb7fb1777,7,joined1,butteraugli.resident_reduction,0.9585215
clic2024_test/097cb426910ba8ce2525dd8bb7fb1777,7,joined1,aq.policy_update,0.016104
clic2024_test/097cb426910ba8ce2525dd8bb7fb1777,7,joined1,aq.final_frame,3.3380634999999996
clic2024_test/097cb426910ba8ce2525dd8bb7fb1777,8,base,frontend.prepare_aq.reference,4.5112499999999995
clic2024_test/097cb426910ba8ce2525dd8bb7fb1777,8,base,frontend.initial_quantization,1.7934795000000001
clic2024_test/097cb426910ba8ce2525dd8bb7fb1777,8,base,frontend.ac_strategy,9.177020500000001
clic2024_test/097cb426910ba8ce2525dd8bb7fb1777,8,base,frontend.ac_strategy.select,0.32095850000000004
clic2024_test/097cb426910ba8ce2525dd8bb7fb1777,8,base,frontend.ac_strategy.metadata,0.289563
clic2024_test/097cb426910ba8ce2525dd8bb7fb1777,8,base,aq.strategy_dispatch,0.0033545
clic2024_test/097cb426910ba8ce2525dd8bb7fb1777,8,base,frontend.quant_adjustment,0.036375
clic2024_test/097cb426910ba8ce2525dd8bb7fb1777,8,base,aq.policy_bounds,0.0085205
clic2024_test/097cb426910ba8ce2525dd8bb7fb1777,8,base,aq.reconstruction,14.963683999999999
clic2024_test/097cb426910ba8ce2525dd8bb7fb1777,8,base,aq.policy_initialize,0.0073335
clic2024_test/097cb426910ba8ce2525dd8bb7fb1777,8,base,aq.gaborish,1.2228545
clic2024_test/097cb426910ba8ce2525dd8bb7fb1777,8,base,aq.epf.pass_1,1.4779995000000001
clic2024_test/097cb426910ba8ce2525dd8bb7fb1777,8,base,aq.epf_linear.pass_2,1.2141875
clic2024_test/097cb426910ba8ce2525dd8bb7fb1777,8,base,butteraugli.psycho.sub,3.0647060000000006
clic2024_test/097cb426910ba8ce2525dd8bb7fb1777,8,base,butteraugli.malta.sub,1.4860829999999998
clic2024_test/097cb426910ba8ce2525dd8bb7fb1777,8,base,butteraugli.mask_final.sub,0.5137295
clic2024_test/097cb426910ba8ce2525dd8bb7fb1777,8,base,butteraugli.psycho.main,9.1162295
clic2024_test/097cb426910ba8ce2525dd8bb7fb1777,8,base,butteraugli.malta.main,5.6685625
clic2024_test/097cb426910ba8ce2525dd8bb7fb1777,8,base,butteraugli.mask.main,0.5296665
clic2024_test/097cb426910ba8ce2525dd8bb7fb1777,8,base,butteraugli.resident_reduction,1.4241255000000002
clic2024_test/097cb426910ba8ce2525dd8bb7fb1777,8,base,aq.policy_update,0.024083
clic2024_test/097cb426910ba8ce2525dd8bb7fb1777,8,base,aq.final_frame,3.293187
clic2024_test/097cb426910ba8ce2525dd8bb7fb1777,8,cpu,frontend.prepare_aq.reference,4.51
clic2024_test/097cb426910ba8ce2525dd8bb7fb1777,8,cpu,frontend.initial_quantization,1.797771
clic2024_test/097cb426910ba8ce2525dd8bb7fb1777,8,cpu,frontend.ac_strategy,9.1757295
clic2024_test/097cb426910ba8ce2525dd8bb7fb1777,8,cpu,frontend.ac_strategy.select,0.32154150000000004
clic2024_test/097cb426910ba8ce2525dd8bb7fb1777,8,cpu,frontend.ac_strategy.metadata,0.2943335
clic2024_test/097cb426910ba8ce2525dd8bb7fb1777,8,cpu,aq.strategy_dispatch,0.0037085
clic2024_test/097cb426910ba8ce2525dd8bb7fb1777,8,cpu,frontend.quant_adjustment,0.036479
clic2024_test/097cb426910ba8ce2525dd8bb7fb1777,8,cpu,aq.policy_bounds,0.0086455
clic2024_test/097cb426910ba8ce2525dd8bb7fb1777,8,cpu,aq.reconstruction,14.945459000000003
clic2024_test/097cb426910ba8ce2525dd8bb7fb1777,8,cpu,aq.policy_initialize,0.0105835
clic2024_test/097cb426910ba8ce2525dd8bb7fb1777,8,cpu,aq.gaborish,1.2183745
clic2024_test/097cb426910ba8ce2525dd8bb7fb1777,8,cpu,aq.epf.pass_1,1.480395
clic2024_test/097cb426910ba8ce2525dd8bb7fb1777,8,cpu,aq.epf_linear.pass_2,1.212897
clic2024_test/097cb426910ba8ce2525dd8bb7fb1777,8,cpu,butteraugli.psycho.sub,3.0692900000000005
clic2024_test/097cb426910ba8ce2525dd8bb7fb1777,8,cpu,butteraugli.malta.sub,1.4922295
clic2024_test/097cb426910ba8ce2525dd8bb7fb1777,8,cpu,butteraugli.mask_final.sub,0.5165839999999999
clic2024_test/097cb426910ba8ce2525dd8bb7fb1777,8,cpu,butteraugli.psycho.main,9.1194375
clic2024_test/097cb426910ba8ce2525dd8bb7fb1777,8,cpu,butteraugli.malta.main,5.6743545
clic2024_test/097cb426910ba8ce2525dd8bb7fb1777,8,cpu,butteraugli.mask.main,0.531771
clic2024_test/097cb426910ba8ce2525dd8bb7fb1777,8,cpu,butteraugli.resident_reduction,1.434771
clic2024_test/097cb426910ba8ce2525dd8bb7fb1777,8,cpu,aq.policy_update,0.024104
clic2024_test/097cb426910ba8ce2525dd8bb7fb1777,8,cpu,aq.final_frame,3.2888335
clic2024_test/097cb426910ba8ce2525dd8bb7fb1777,8,release,frontend.prepare_aq.reference,4.5038765000000005
clic2024_test/097cb426910ba8ce2525dd8bb7fb1777,8,release,frontend.initial_quantization,1.7928755
clic2024_test/097cb426910ba8ce2525dd8bb7fb1777,8,release,frontend.ac_strategy,9.172834
clic2024_test/097cb426910ba8ce2525dd8bb7fb1777,8,release,frontend.ac_strategy.select,0.32125000000000004
clic2024_test/097cb426910ba8ce2525dd8bb7fb1777,8,release,frontend.ac_strategy.metadata,0.29487450000000004
clic2024_test/097cb426910ba8ce2525dd8bb7fb1777,8,release,aq.strategy_dispatch,0.0045835
clic2024_test/097cb426910ba8ce2525dd8bb7fb1777,8,release,frontend.quant_adjustment,0.036125
clic2024_test/097cb426910ba8ce2525dd8bb7fb1777,8,release,aq.policy_bounds,0.008771000000000001
clic2024_test/097cb426910ba8ce2525dd8bb7fb1777,8,release,aq.reconstruction,14.948228999999998
clic2024_test/097cb426910ba8ce2525dd8bb7fb1777,8,release,aq.policy_initialize,0.008729
clic2024_test/097cb426910ba8ce2525dd8bb7fb1777,8,release,aq.gaborish,1.2153335
clic2024_test/097cb426910ba8ce2525dd8bb7fb1777,8,release,aq.epf.pass_1,1.4782285000000002
clic2024_test/097cb426910ba8ce2525dd8bb7fb1777,8,release,aq.epf_linear.pass_2,1.208625
clic2024_test/097cb426910ba8ce2525dd8bb7fb1777,8,release,butteraugli.psycho.sub,3.080647
clic2024_test/097cb426910ba8ce2525dd8bb7fb1777,8,release,butteraugli.malta.sub,1.491667
clic2024_test/097cb426910ba8ce2525dd8bb7fb1777,8,release,butteraugli.mask_final.sub,0.5146470000000001
clic2024_test/097cb426910ba8ce2525dd8bb7fb1777,8,release,butteraugli.psycho.main,9.095167000000002
clic2024_test/097cb426910ba8ce2525dd8bb7fb1777,8,release,butteraugli.malta.main,5.66377
clic2024_test/097cb426910ba8ce2525dd8bb7fb1777,8,release,butteraugli.mask.main,0.531396
clic2024_test/097cb426910ba8ce2525dd8bb7fb1777,8,release,butteraugli.resident_reduction,1.417354
clic2024_test/097cb426910ba8ce2525dd8bb7fb1777,8,release,aq.policy_update,0.024021
clic2024_test/097cb426910ba8ce2525dd8bb7fb1777,8,release,aq.final_frame,3.3010639999999998
clic2024_test/097cb426910ba8ce2525dd8bb7fb1777,8,joined1,frontend.prepare_aq.reference,4.509687499999998
clic2024_test/097cb426910ba8ce2525dd8bb7fb1777,8,joined1,frontend.initial_quantization,1.7981875
clic2024_test/097cb426910ba8ce2525dd8bb7fb1777,8,joined1,frontend.ac_strategy,9.173938499999998
clic2024_test/097cb426910ba8ce2525dd8bb7fb1777,8,joined1,frontend.ac_strategy.select,0.3218125
clic2024_test/097cb426910ba8ce2525dd8bb7fb1777,8,joined1,frontend.ac_strategy.metadata,0.2932085
clic2024_test/097cb426910ba8ce2525dd8bb7fb1777,8,joined1,aq.strategy_dispatch,0.0035415
clic2024_test/097cb426910ba8ce2525dd8bb7fb1777,8,joined1,frontend.quant_adjustment,0.0359795
clic2024_test/097cb426910ba8ce2525dd8bb7fb1777,8,joined1,aq.policy_bounds,0.0085625
clic2024_test/097cb426910ba8ce2525dd8bb7fb1777,8,joined1,aq.reconstruction,14.951919500000002
clic2024_test/097cb426910ba8ce2525dd8bb7fb1777,8,joined1,aq.policy_initialize,0.0094585
clic2024_test/097cb426910ba8ce2525dd8bb7fb1777,8,joined1,aq.gaborish,1.224187
clic2024_test/097cb426910ba8ce2525dd8bb7fb1777,8,joined1,aq.epf.pass_1,1.480854
clic2024_test/097cb426910ba8ce2525dd8bb7fb1777,8,joined1,aq.epf_linear.pass_2,1.215813
clic2024_test/097cb426910ba8ce2525dd8bb7fb1777,8,joined1,butteraugli.psycho.sub,3.0654575000000004
clic2024_test/097cb426910ba8ce2525dd8bb7fb1777,8,joined1,butteraugli.malta.sub,1.492834
clic2024_test/097cb426910ba8ce2525dd8bb7fb1777,8,joined1,butteraugli.mask_final.sub,0.5164375000000001
clic2024_test/097cb426910ba8ce2525dd8bb7fb1777,8,joined1,butteraugli.psycho.main,9.1225005
clic2024_test/097cb426910ba8ce2525dd8bb7fb1777,8,joined1,butteraugli.malta.main,5.6722085
clic2024_test/097cb426910ba8ce2525dd8bb7fb1777,8,joined1,butteraugli.mask.main,0.5298955
clic2024_test/097cb426910ba8ce2525dd8bb7fb1777,8,joined1,butteraugli.resident_reduction,1.4360615
clic2024_test/097cb426910ba8ce2525dd8bb7fb1777,8,joined1,aq.policy_update,0.024
clic2024_test/097cb426910ba8ce2525dd8bb7fb1777,8,joined1,aq.final_frame,3.2979784999999997
clic2024_test/5e5ce43575fa67fdc0dd37146d7f479e,1,base,frontend.initial_quantization,0.7133959999999999
clic2024_test/5e5ce43575fa67fdc0dd37146d7f479e,1,base,frontend.quant_adjustment,0.015208
clic2024_test/5e5ce43575fa67fdc0dd37146d7f479e,1,base,aq.policy_bounds,0.014478999999999999
clic2024_test/5e5ce43575fa67fdc0dd37146d7f479e,1,base,aq.final_frame,3.828063
clic2024_test/5e5ce43575fa67fdc0dd37146d7f479e,1,cpu,frontend.initial_quantization,0.6661455000000001
clic2024_test/5e5ce43575fa67fdc0dd37146d7f479e,1,cpu,frontend.quant_adjustment,0.0142505
clic2024_test/5e5ce43575fa67fdc0dd37146d7f479e,1,cpu,aq.policy_bounds,0.014437499999999999
clic2024_test/5e5ce43575fa67fdc0dd37146d7f479e,1,cpu,aq.final_frame,3.5401035
clic2024_test/5e5ce43575fa67fdc0dd37146d7f479e,1,release,frontend.initial_quantization,0.7337505
clic2024_test/5e5ce43575fa67fdc0dd37146d7f479e,1,release,frontend.quant_adjustment,0.0161665
clic2024_test/5e5ce43575fa67fdc0dd37146d7f479e,1,release,aq.policy_bounds,0.014542
clic2024_test/5e5ce43575fa67fdc0dd37146d7f479e,1,release,aq.final_frame,4.3129170000000006
clic2024_test/5e5ce43575fa67fdc0dd37146d7f479e,1,joined1,frontend.initial_quantization,0.607729
clic2024_test/5e5ce43575fa67fdc0dd37146d7f479e,1,joined1,frontend.quant_adjustment,0.015917
clic2024_test/5e5ce43575fa67fdc0dd37146d7f479e,1,joined1,aq.policy_bounds,0.0150415
clic2024_test/5e5ce43575fa67fdc0dd37146d7f479e,1,joined1,aq.final_frame,4.23625
clic2024_test/5e5ce43575fa67fdc0dd37146d7f479e,7,base,frontend.prepare_aq.reference,4.370419
clic2024_test/5e5ce43575fa67fdc0dd37146d7f479e,7,base,frontend.initial_quantization,1.771125
clic2024_test/5e5ce43575fa67fdc0dd37146d7f479e,7,base,frontend.ac_strategy,10.0067915
clic2024_test/5e5ce43575fa67fdc0dd37146d7f479e,7,base,frontend.ac_strategy.select,0.35039549999999997
clic2024_test/5e5ce43575fa67fdc0dd37146d7f479e,7,base,frontend.ac_strategy.metadata,0.3583335
clic2024_test/5e5ce43575fa67fdc0dd37146d7f479e,7,base,aq.strategy_dispatch,0.0035624999999999997
clic2024_test/5e5ce43575fa67fdc0dd37146d7f479e,7,base,frontend.quant_adjustment,0.036729
clic2024_test/5e5ce43575fa67fdc0dd37146d7f479e,7,base,aq.policy_bounds,0.008604
clic2024_test/5e5ce43575fa67fdc0dd37146d7f479e,7,base,aq.reconstruction,8.771584
clic2024_test/5e5ce43575fa67fdc0dd37146d7f479e,7,base,aq.policy_initialize,0.008542000000000001
clic2024_test/5e5ce43575fa67fdc0dd37146d7f479e,7,base,aq.gaborish,0.8448335
clic2024_test/5e5ce43575fa67fdc0dd37146d7f479e,7,base,aq.epf.pass_1,1.056
clic2024_test/5e5ce43575fa67fdc0dd37146d7f479e,7,base,aq.epf_linear.pass_2,0.750521
clic2024_test/5e5ce43575fa67fdc0dd37146d7f479e,7,base,butteraugli.psycho.sub,2.028415
clic2024_test/5e5ce43575fa67fdc0dd37146d7f479e,7,base,butteraugli.malta.sub,1.0331245
clic2024_test/5e5ce43575fa67fdc0dd37146d7f479e,7,base,butteraugli.mask_final.sub,0.329687
clic2024_test/5e5ce43575fa67fdc0dd37146d7f479e,7,base,butteraugli.psycho.main,5.8445015
clic2024_test/5e5ce43575fa67fdc0dd37146d7f479e,7,base,butteraugli.malta.main,3.961104
clic2024_test/5e5ce43575fa67fdc0dd37146d7f479e,7,base,butteraugli.mask.main,0.3685835
clic2024_test/5e5ce43575fa67fdc0dd37146d7f479e,7,base,butteraugli.resident_reduction,1.0093545000000002
clic2024_test/5e5ce43575fa67fdc0dd37146d7f479e,7,base,aq.policy_update,0.016875
clic2024_test/5e5ce43575fa67fdc0dd37146d7f479e,7,base,aq.final_frame,3.609959
clic2024_test/5e5ce43575fa67fdc0dd37146d7f479e,7,cpu,frontend.prepare_aq.reference,4.370603999999999
clic2024_test/5e5ce43575fa67fdc0dd37146d7f479e,7,cpu,frontend.initial_quantization,1.763333
clic2024_test/5e5ce43575fa67fdc0dd37146d7f479e,7,cpu,frontend.ac_strategy,10.011938500000001
clic2024_test/5e5ce43575fa67fdc0dd37146d7f479e,7,cpu,frontend.ac_strategy.select,0.349771
clic2024_test/5e5ce43575fa67fdc0dd37146d7f479e,7,cpu,frontend.ac_strategy.metadata,0.35875
clic2024_test/5e5ce43575fa67fdc0dd37146d7f479e,7,cpu,aq.strategy_dispatch,0.0054375
clic2024_test/5e5ce43575fa67fdc0dd37146d7f479e,7,cpu,frontend.quant_adjustment,0.0368125
clic2024_test/5e5ce43575fa67fdc0dd37146d7f479e,7,cpu,aq.policy_bounds,0.0085835
clic2024_test/5e5ce43575fa67fdc0dd37146d7f479e,7,cpu,aq.reconstruction,8.776746500000002
clic2024_test/5e5ce43575fa67fdc0dd37146d7f479e,7,cpu,aq.policy_initialize,0.0085625
clic2024_test/5e5ce43575fa67fdc0dd37146d7f479e,7,cpu,aq.gaborish,0.8454995
clic2024_test/5e5ce43575fa67fdc0dd37146d7f479e,7,cpu,aq.epf.pass_1,1.0554999999999999
clic2024_test/5e5ce43575fa67fdc0dd37146d7f479e,7,cpu,aq.epf_linear.pass_2,0.7462705
clic2024_test/5e5ce43575fa67fdc0dd37146d7f479e,7,cpu,butteraugli.psycho.sub,2.02773
clic2024_test/5e5ce43575fa67fdc0dd37146d7f479e,7,cpu,butteraugli.malta.sub,1.0349585
clic2024_test/5e5ce43575fa67fdc0dd37146d7f479e,7,cpu,butteraugli.mask_final.sub,0.328646
clic2024_test/5e5ce43575fa67fdc0dd37146d7f479e,7,cpu,butteraugli.psycho.main,5.8484605
clic2024_test/5e5ce43575fa67fdc0dd37146d7f479e,7,cpu,butteraugli.malta.main,3.951146
clic2024_test/5e5ce43575fa67fdc0dd37146d7f479e,7,cpu,butteraugli.mask.main,0.368479
clic2024_test/5e5ce43575fa67fdc0dd37146d7f479e,7,cpu,butteraugli.resident_reduction,1.0036049999999999
clic2024_test/5e5ce43575fa67fdc0dd37146d7f479e,7,cpu,aq.policy_update,0.017042
clic2024_test/5e5ce43575fa67fdc0dd37146d7f479e,7,cpu,aq.final_frame,3.611562
clic2024_test/5e5ce43575fa67fdc0dd37146d7f479e,7,release,frontend.prepare_aq.reference,4.3737925
clic2024_test/5e5ce43575fa67fdc0dd37146d7f479e,7,release,frontend.initial_quantization,1.7663125
clic2024_test/5e5ce43575fa67fdc0dd37146d7f479e,7,release,frontend.ac_strategy,10.011124
clic2024_test/5e5ce43575fa67fdc0dd37146d7f479e,7,release,frontend.ac_strategy.select,0.350271
clic2024_test/5e5ce43575fa67fdc0dd37146d7f479e,7,release,frontend.ac_strategy.metadata,0.358417
clic2024_test/5e5ce43575fa67fdc0dd37146d7f479e,7,release,aq.strategy_dispatch,0.003521
clic2024_test/5e5ce43575fa67fdc0dd37146d7f479e,7,release,frontend.quant_adjustment,0.0365625
clic2024_test/5e5ce43575fa67fdc0dd37146d7f479e,7,release,aq.policy_bounds,0.00875
clic2024_test/5e5ce43575fa67fdc0dd37146d7f479e,7,release,aq.reconstruction,8.792896500000001
clic2024_test/5e5ce43575fa67fdc0dd37146d7f479e,7,release,aq.policy_initialize,0.0095
clic2024_test/5e5ce43575fa67fdc0dd37146d7f479e,7,release,aq.gaborish,0.837688
clic2024_test/5e5ce43575fa67fdc0dd37146d7f479e,7,release,aq.epf.pass_1,1.056209
clic2024_test/5e5ce43575fa67fdc0dd37146d7f479e,7,release,aq.epf_linear.pass_2,0.7479375
clic2024_test/5e5ce43575fa67fdc0dd37146d7f479e,7,release,butteraugli.psycho.sub,2.0306249999999997
clic2024_test/5e5ce43575fa67fdc0dd37146d7f479e,7,release,butteraugli.malta.sub,1.0337505
clic2024_test/5e5ce43575fa67fdc0dd37146d7f479e,7,release,butteraugli.mask_final.sub,0.3296875
clic2024_test/5e5ce43575fa67fdc0dd37146d7f479e,7,release,butteraugli.psycho.main,5.8512505
clic2024_test/5e5ce43575fa67fdc0dd37146d7f479e,7,release,butteraugli.malta.main,3.960979
clic2024_test/5e5ce43575fa67fdc0dd37146d7f479e,7,release,butteraugli.mask.main,0.36933299999999997
clic2024_test/5e5ce43575fa67fdc0dd37146d7f479e,7,release,butteraugli.resident_reduction,1.0076455
clic2024_test/5e5ce43575fa67fdc0dd37146d7f479e,7,release,aq.policy_update,0.016833
clic2024_test/5e5ce43575fa67fdc0dd37146d7f479e,7,release,aq.final_frame,3.6016465
clic2024_test/5e5ce43575fa67fdc0dd37146d7f479e,7,joined1,frontend.prepare_aq.reference,4.3737705
clic2024_test/5e5ce43575fa67fdc0dd37146d7f479e,7,joined1,frontend.initial_quantization,1.7623545
clic2024_test/5e5ce43575fa67fdc0dd37146d7f479e,7,joined1,frontend.ac_strategy,10.012020499999998
clic2024_test/5e5ce43575fa67fdc0dd37146d7f479e,7,joined1,frontend.ac_strategy.select,0.351125
clic2024_test/5e5ce43575fa67fdc0dd37146d7f479e,7,joined1,frontend.ac_strategy.metadata,0.35627149999999996
clic2024_test/5e5ce43575fa67fdc0dd37146d7f479e,7,joined1,aq.strategy_dispatch,0.0037705
clic2024_test/5e5ce43575fa67fdc0dd37146d7f479e,7,joined1,frontend.quant_adjustment,0.036229
clic2024_test/5e5ce43575fa67fdc0dd37146d7f479e,7,joined1,aq.policy_bounds,0.0086665
clic2024_test/5e5ce43575fa67fdc0dd37146d7f479e,7,joined1,aq.reconstruction,8.785293
clic2024_test/5e5ce43575fa67fdc0dd37146d7f479e,7,joined1,aq.policy_initialize,0.008500500000000001
clic2024_test/5e5ce43575fa67fdc0dd37146d7f479e,7,joined1,aq.gaborish,0.844854
clic2024_test/5e5ce43575fa67fdc0dd37146d7f479e,7,joined1,aq.epf.pass_1,1.055063
clic2024_test/5e5ce43575fa67fdc0dd37146d7f479e,7,joined1,aq.epf_linear.pass_2,0.7451875
clic2024_test/5e5ce43575fa67fdc0dd37146d7f479e,7,joined1,butteraugli.psycho.sub,2.026751
clic2024_test/5e5ce43575fa67fdc0dd37146d7f479e,7,joined1,butteraugli.malta.sub,1.0318545
clic2024_test/5e5ce43575fa67fdc0dd37146d7f479e,7,joined1,butteraugli.mask_final.sub,0.3309175
clic2024_test/5e5ce43575fa67fdc0dd37146d7f479e,7,joined1,butteraugli.psycho.main,5.851020999999999
clic2024_test/5e5ce43575fa67fdc0dd37146d7f479e,7,joined1,butteraugli.malta.main,3.9661035
clic2024_test/5e5ce43575fa67fdc0dd37146d7f479e,7,joined1,butteraugli.mask.main,0.368667
clic2024_test/5e5ce43575fa67fdc0dd37146d7f479e,7,joined1,butteraugli.resident_reduction,1.0114585
clic2024_test/5e5ce43575fa67fdc0dd37146d7f479e,7,joined1,aq.policy_update,0.016854
clic2024_test/5e5ce43575fa67fdc0dd37146d7f479e,7,joined1,aq.final_frame,3.6119785
clic2024_test/5e5ce43575fa67fdc0dd37146d7f479e,8,base,frontend.prepare_aq.reference,14.155583499999999
clic2024_test/5e5ce43575fa67fdc0dd37146d7f479e,8,base,frontend.initial_quantization,2.1847705
clic2024_test/5e5ce43575fa67fdc0dd37146d7f479e,8,base,frontend.ac_strategy,10.014084
clic2024_test/5e5ce43575fa67fdc0dd37146d7f479e,8,base,frontend.ac_strategy.select,0.3505625
clic2024_test/5e5ce43575fa67fdc0dd37146d7f479e,8,base,frontend.ac_strategy.metadata,0.35729200000000005
clic2024_test/5e5ce43575fa67fdc0dd37146d7f479e,8,base,aq.strategy_dispatch,0.0033955
clic2024_test/5e5ce43575fa67fdc0dd37146d7f479e,8,base,frontend.quant_adjustment,0.036792
clic2024_test/5e5ce43575fa67fdc0dd37146d7f479e,8,base,aq.policy_bounds,0.008687
clic2024_test/5e5ce43575fa67fdc0dd37146d7f479e,8,base,aq.reconstruction,16.6277465
clic2024_test/5e5ce43575fa67fdc0dd37146d7f479e,8,base,aq.policy_initialize,0.009437500000000001
clic2024_test/5e5ce43575fa67fdc0dd37146d7f479e,8,base,aq.gaborish,1.2609585
clic2024_test/5e5ce43575fa67fdc0dd37146d7f479e,8,base,aq.epf.pass_1,1.5865624999999999
clic2024_test/5e5ce43575fa67fdc0dd37146d7f479e,8,base,aq.epf_linear.pass_2,1.118229
clic2024_test/5e5ce43575fa67fdc0dd37146d7f479e,8,base,butteraugli.psycho.sub,3.046605
clic2024_test/5e5ce43575fa67fdc0dd37146d7f479e,8,base,butteraugli.malta.sub,1.5520625
clic2024_test/5e5ce43575fa67fdc0dd37146d7f479e,8,base,butteraugli.mask_final.sub,0.492583
clic2024_test/5e5ce43575fa67fdc0dd37146d7f479e,8,base,butteraugli.psycho.main,8.776917000000001
clic2024_test/5e5ce43575fa67fdc0dd37146d7f479e,8,base,butteraugli.malta.main,5.936584
clic2024_test/5e5ce43575fa67fdc0dd37146d7f479e,8,base,butteraugli.mask.main,0.5524169999999999
clic2024_test/5e5ce43575fa67fdc0dd37146d7f479e,8,base,butteraugli.resident_reduction,1.4988329999999999
clic2024_test/5e5ce43575fa67fdc0dd37146d7f479e,8,base,aq.policy_update,0.025604000000000002
clic2024_test/5e5ce43575fa67fdc0dd37146d7f479e,8,base,aq.final_frame,3.5442505000000004
clic2024_test/5e5ce43575fa67fdc0dd37146d7f479e,8,cpu,frontend.prepare_aq.reference,13.459916999999997
clic2024_test/5e5ce43575fa67fdc0dd37146d7f479e,8,cpu,frontend.initial_quantization,2.2074375
clic2024_test/5e5ce43575fa67fdc0dd37146d7f479e,8,cpu,frontend.ac_strategy,10.0145205
clic2024_test/5e5ce43575fa67fdc0dd37146d7f479e,8,cpu,frontend.ac_strategy.select,0.35010450000000004
clic2024_test/5e5ce43575fa67fdc0dd37146d7f479e,8,cpu,frontend.ac_strategy.metadata,0.358271
clic2024_test/5e5ce43575fa67fdc0dd37146d7f479e,8,cpu,aq.strategy_dispatch,0.005708
clic2024_test/5e5ce43575fa67fdc0dd37146d7f479e,8,cpu,frontend.quant_adjustment,0.036771
clic2024_test/5e5ce43575fa67fdc0dd37146d7f479e,8,cpu,aq.policy_bounds,0.008646000000000001
clic2024_test/5e5ce43575fa67fdc0dd37146d7f479e,8,cpu,aq.reconstruction,16.583731500000003
clic2024_test/5e5ce43575fa67fdc0dd37146d7f479e,8,cpu,aq.policy_initialize,0.0097285
clic2024_test/5e5ce43575fa67fdc0dd37146d7f479e,8,cpu,aq.gaborish,1.261166
clic2024_test/5e5ce43575fa67fdc0dd37146d7f479e,8,cpu,aq.epf.pass_1,1.583771
clic2024_test/5e5ce43575fa67fdc0dd37146d7f479e,8,cpu,aq.epf_linear.pass_2,1.1253119999999999
clic2024_test/5e5ce43575fa67fdc0dd37146d7f479e,8,cpu,butteraugli.psycho.sub,3.0481469999999993
clic2024_test/5e5ce43575fa67fdc0dd37146d7f479e,8,cpu,butteraugli.malta.sub,1.5554785
clic2024_test/5e5ce43575fa67fdc0dd37146d7f479e,8,cpu,butteraugli.mask_final.sub,0.49447949999999996
clic2024_test/5e5ce43575fa67fdc0dd37146d7f479e,8,cpu,butteraugli.psycho.main,8.776833499999999
clic2024_test/5e5ce43575fa67fdc0dd37146d7f479e,8,cpu,butteraugli.malta.main,5.941792
clic2024_test/5e5ce43575fa67fdc0dd37146d7f479e,8,cpu,butteraugli.mask.main,0.5527710000000001
clic2024_test/5e5ce43575fa67fdc0dd37146d7f479e,8,cpu,butteraugli.resident_reduction,1.500458
clic2024_test/5e5ce43575fa67fdc0dd37146d7f479e,8,cpu,aq.policy_update,0.0255205
clic2024_test/5e5ce43575fa67fdc0dd37146d7f479e,8,cpu,aq.final_frame,3.5415
clic2024_test/5e5ce43575fa67fdc0dd37146d7f479e,8,release,frontend.prepare_aq.reference,14.116584
clic2024_test/5e5ce43575fa67fdc0dd37146d7f479e,8,release,frontend.initial_quantization,2.1936875000000002
clic2024_test/5e5ce43575fa67fdc0dd37146d7f479e,8,release,frontend.ac_strategy,10.021854
clic2024_test/5e5ce43575fa67fdc0dd37146d7f479e,8,release,frontend.ac_strategy.select,0.350375
clic2024_test/5e5ce43575fa67fdc0dd37146d7f479e,8,release,frontend.ac_strategy.metadata,0.358646
clic2024_test/5e5ce43575fa67fdc0dd37146d7f479e,8,release,aq.strategy_dispatch,0.0055625
clic2024_test/5e5ce43575fa67fdc0dd37146d7f479e,8,release,frontend.quant_adjustment,0.0370625
clic2024_test/5e5ce43575fa67fdc0dd37146d7f479e,8,release,aq.policy_bounds,0.00875
clic2024_test/5e5ce43575fa67fdc0dd37146d7f479e,8,release,aq.reconstruction,16.615126499999995
clic2024_test/5e5ce43575fa67fdc0dd37146d7f479e,8,release,aq.policy_initialize,0.0098545
clic2024_test/5e5ce43575fa67fdc0dd37146d7f479e,8,release,aq.gaborish,1.256708
clic2024_test/5e5ce43575fa67fdc0dd37146d7f479e,8,release,aq.epf.pass_1,1.5870415000000002
clic2024_test/5e5ce43575fa67fdc0dd37146d7f479e,8,release,aq.epf_linear.pass_2,1.1239375
clic2024_test/5e5ce43575fa67fdc0dd37146d7f479e,8,release,butteraugli.psycho.sub,3.0513339999999998
clic2024_test/5e5ce43575fa67fdc0dd37146d7f479e,8,release,butteraugli.malta.sub,1.5545
clic2024_test/5e5ce43575fa67fdc0dd37146d7f479e,8,release,butteraugli.mask_final.sub,0.492188
clic2024_test/5e5ce43575fa67fdc0dd37146d7f479e,8,release,butteraugli.psycho.main,8.780478500000001
clic2024_test/5e5ce43575fa67fdc0dd37146d7f479e,8,release,butteraugli.malta.main,5.928355
clic2024_test/5e5ce43575fa67fdc0dd37146d7f479e,8,release,butteraugli.mask.main,0.5518959999999999
clic2024_test/5e5ce43575fa67fdc0dd37146d7f479e,8,release,butteraugli.resident_reduction,1.4865629999999999
clic2024_test/5e5ce43575fa67fdc0dd37146d7f479e,8,release,aq.policy_update,0.025458500000000002
clic2024_test/5e5ce43575fa67fdc0dd37146d7f479e,8,release,aq.final_frame,3.5554385
clic2024_test/5e5ce43575fa67fdc0dd37146d7f479e,8,joined1,frontend.prepare_aq.reference,14.512686500000001
clic2024_test/5e5ce43575fa67fdc0dd37146d7f479e,8,joined1,frontend.initial_quantization,2.2462915
clic2024_test/5e5ce43575fa67fdc0dd37146d7f479e,8,joined1,frontend.ac_strategy,10.105375
clic2024_test/5e5ce43575fa67fdc0dd37146d7f479e,8,joined1,frontend.ac_strategy.select,0.351479
clic2024_test/5e5ce43575fa67fdc0dd37146d7f479e,8,joined1,frontend.ac_strategy.metadata,0.35731250000000003
clic2024_test/5e5ce43575fa67fdc0dd37146d7f479e,8,joined1,aq.strategy_dispatch,0.0036045
clic2024_test/5e5ce43575fa67fdc0dd37146d7f479e,8,joined1,frontend.quant_adjustment,0.0368335
clic2024_test/5e5ce43575fa67fdc0dd37146d7f479e,8,joined1,aq.policy_bounds,0.0087505
clic2024_test/5e5ce43575fa67fdc0dd37146d7f479e,8,joined1,aq.reconstruction,16.599832500000005
clic2024_test/5e5ce43575fa67fdc0dd37146d7f479e,8,joined1,aq.policy_initialize,0.0097295
clic2024_test/5e5ce43575fa67fdc0dd37146d7f479e,8,joined1,aq.gaborish,1.2631449999999997
clic2024_test/5e5ce43575fa67fdc0dd37146d7f479e,8,joined1,aq.epf.pass_1,1.586125
clic2024_test/5e5ce43575fa67fdc0dd37146d7f479e,8,joined1,aq.epf_linear.pass_2,1.116917
clic2024_test/5e5ce43575fa67fdc0dd37146d7f479e,8,joined1,butteraugli.psycho.sub,3.0391270000000006
clic2024_test/5e5ce43575fa67fdc0dd37146d7f479e,8,joined1,butteraugli.malta.sub,1.5538135
clic2024_test/5e5ce43575fa67fdc0dd37146d7f479e,8,joined1,butteraugli.mask_final.sub,0.492896
clic2024_test/5e5ce43575fa67fdc0dd37146d7f479e,8,joined1,butteraugli.psycho.main,8.7817085
clic2024_test/5e5ce43575fa67fdc0dd37146d7f479e,8,joined1,butteraugli.malta.main,5.9463535
clic2024_test/5e5ce43575fa67fdc0dd37146d7f479e,8,joined1,butteraugli.mask.main,0.550771
clic2024_test/5e5ce43575fa67fdc0dd37146d7f479e,8,joined1,butteraugli.resident_reduction,1.5054165
clic2024_test/5e5ce43575fa67fdc0dd37146d7f479e,8,joined1,aq.policy_update,0.025229
clic2024_test/5e5ce43575fa67fdc0dd37146d7f479e,8,joined1,aq.final_frame,3.543603
unsplash/campus_interior/12mp,1,base,frontend.initial_quantization,1.4806875000000002
unsplash/campus_interior/12mp,1,base,frontend.quant_adjustment,0.0303335
unsplash/campus_interior/12mp,1,base,aq.policy_bounds,0.012729
unsplash/campus_interior/12mp,1,base,aq.final_frame,8.2065205
unsplash/campus_interior/12mp,1,cpu,frontend.initial_quantization,1.4977084999999999
unsplash/campus_interior/12mp,1,cpu,frontend.quant_adjustment,0.030062
unsplash/campus_interior/12mp,1,cpu,aq.policy_bounds,0.013104000000000001
unsplash/campus_interior/12mp,1,cpu,aq.final_frame,8.167229500000001
unsplash/campus_interior/12mp,1,release,frontend.initial_quantization,1.497812
unsplash/campus_interior/12mp,1,release,frontend.quant_adjustment,0.029521
unsplash/campus_interior/12mp,1,release,aq.policy_bounds,0.0132295
unsplash/campus_interior/12mp,1,release,aq.final_frame,8.235520000000001
unsplash/campus_interior/12mp,1,joined1,frontend.initial_quantization,1.5225415
unsplash/campus_interior/12mp,1,joined1,frontend.quant_adjustment,0.030125
unsplash/campus_interior/12mp,1,joined1,aq.policy_bounds,0.0131665
unsplash/campus_interior/12mp,1,joined1,aq.final_frame,8.1769375
unsplash/campus_interior/12mp,7,base,frontend.prepare_aq.reference,25.812373
unsplash/campus_interior/12mp,7,base,frontend.initial_quantization,6.2983545
unsplash/campus_interior/12mp,7,base,frontend.ac_strategy,35.4415845
unsplash/campus_interior/12mp,7,base,frontend.ac_strategy.select,0.37458349999999996
unsplash/campus_interior/12mp,7,base,frontend.ac_strategy.metadata,0.649104
unsplash/campus_interior/12mp,7,base,aq.strategy_dispatch,0.0034790000000000003
unsplash/campus_interior/12mp,7,base,frontend.quant_adjustment,0.040833
unsplash/campus_interior/12mp,7,base,aq.policy_bounds,0.0112705
unsplash/campus_interior/12mp,7,base,aq.reconstruction,16.894001499999998
unsplash/campus_interior/12mp,7,base,aq.policy_initialize,0.021770499999999998
unsplash/campus_interior/12mp,7,base,aq.gaborish,3.3672910000000003
unsplash/campus_interior/12mp,7,base,aq.epf.pass_1,3.683458
unsplash/campus_interior/12mp,7,base,aq.epf_linear.pass_2,3.1914379999999998
unsplash/campus_interior/12mp,7,base,butteraugli.psycho.sub,8.006293999999999
unsplash/campus_interior/12mp,7,base,butteraugli.malta.sub,3.65625
unsplash/campus_interior/12mp,7,base,butteraugli.mask_final.sub,1.4104999999999999
unsplash/campus_interior/12mp,7,base,butteraugli.psycho.main,23.7945
unsplash/campus_interior/12mp,7,base,butteraugli.malta.main,14.3653545
unsplash/campus_interior/12mp,7,base,butteraugli.mask.main,1.2747715
unsplash/campus_interior/12mp,7,base,butteraugli.resident_reduction,4.6981675
unsplash/campus_interior/12mp,7,base,aq.policy_update,0.044563
unsplash/campus_interior/12mp,7,base,aq.final_frame,5.797291
unsplash/campus_interior/12mp,7,cpu,frontend.prepare_aq.reference,17.515042
unsplash/campus_interior/12mp,7,cpu,frontend.initial_quantization,6.3116045
unsplash/campus_interior/12mp,7,cpu,frontend.ac_strategy,35.4457075
unsplash/campus_interior/12mp,7,cpu,frontend.ac_strategy.select,0.374104
unsplash/campus_interior/12mp,7,cpu,frontend.ac_strategy.metadata,0.648833
unsplash/campus_interior/12mp,7,cpu,aq.strategy_dispatch,0.0034165000000000003
unsplash/campus_interior/12mp,7,cpu,frontend.quant_adjustment,0.0406665
unsplash/campus_interior/12mp,7,cpu,aq.policy_bounds,0.011125
unsplash/campus_interior/12mp,7,cpu,aq.reconstruction,16.878771
unsplash/campus_interior/12mp,7,cpu,aq.policy_initialize,0.023229
unsplash/campus_interior/12mp,7,cpu,aq.gaborish,3.3688955
unsplash/campus_interior/12mp,7,cpu,aq.epf.pass_1,3.6832295
unsplash/campus_interior/12mp,7,cpu,aq.epf_linear.pass_2,3.1916245
unsplash/campus_interior/12mp,7,cpu,butteraugli.psycho.sub,8.0025625
unsplash/campus_interior/12mp,7,cpu,butteraugli.malta.sub,3.6471255
unsplash/campus_interior/12mp,7,cpu,butteraugli.mask_final.sub,1.411791
unsplash/campus_interior/12mp,7,cpu,butteraugli.psycho.main,23.746917500000002
unsplash/campus_interior/12mp,7,cpu,butteraugli.malta.main,14.3656045
unsplash/campus_interior/12mp,7,cpu,butteraugli.mask.main,1.2723125
unsplash/campus_interior/12mp,7,cpu,butteraugli.resident_reduction,4.660062
unsplash/campus_interior/12mp,7,cpu,aq.policy_update,0.044146
unsplash/campus_interior/12mp,7,cpu,aq.final_frame,5.7987085
unsplash/campus_interior/12mp,7,release,frontend.prepare_aq.reference,17.456459
unsplash/campus_interior/12mp,7,release,frontend.initial_quantization,6.317125
unsplash/campus_interior/12mp,7,release,frontend.ac_strategy,35.44725
unsplash/campus_interior/12mp,7,release,frontend.ac_strategy.select,0.3747085
unsplash/campus_interior/12mp,7,release,frontend.ac_strategy.metadata,0.647959
unsplash/campus_interior/12mp,7,release,aq.strategy_dispatch,0.003479
unsplash/campus_interior/12mp,7,release,frontend.quant_adjustment,0.040542
unsplash/campus_interior/12mp,7,release,aq.policy_bounds,0.0110835
unsplash/campus_interior/12mp,7,release,aq.reconstruction,16.8756075
unsplash/campus_interior/12mp,7,release,aq.policy_initialize,0.023208
unsplash/campus_interior/12mp,7,release,aq.gaborish,3.3716665
unsplash/campus_interior/12mp,7,release,aq.epf.pass_1,3.683521
unsplash/campus_interior/12mp,7,release,aq.epf_linear.pass_2,3.188834
unsplash/campus_interior/12mp,7,release,butteraugli.psycho.sub,7.994666500000001
unsplash/campus_interior/12mp,7,release,butteraugli.malta.sub,3.6508125
unsplash/campus_interior/12mp,7,release,butteraugli.mask_final.sub,1.4182295
unsplash/campus_interior/12mp,7,release,butteraugli.psycho.main,23.758020000000002
unsplash/campus_interior/12mp,7,release,butteraugli.malta.main,14.3802085
unsplash/campus_interior/12mp,7,release,butteraugli.mask.main,1.2749575
unsplash/campus_interior/12mp,7,release,butteraugli.resident_reduction,4.6952495
unsplash/campus_interior/12mp,7,release,aq.policy_update,0.0443335
unsplash/campus_interior/12mp,7,release,aq.final_frame,5.8081455
unsplash/campus_interior/12mp,7,joined1,frontend.prepare_aq.reference,17.453895000000003
unsplash/campus_interior/12mp,7,joined1,frontend.initial_quantization,6.3126455
unsplash/campus_interior/12mp,7,joined1,frontend.ac_strategy,35.4591475
unsplash/campus_interior/12mp,7,joined1,frontend.ac_strategy.select,0.375
unsplash/campus_interior/12mp,7,joined1,frontend.ac_strategy.metadata,0.65025
unsplash/campus_interior/12mp,7,joined1,aq.strategy_dispatch,0.003375
unsplash/campus_interior/12mp,7,joined1,frontend.quant_adjustment,0.0411455
unsplash/campus_interior/12mp,7,joined1,aq.policy_bounds,0.0111665
unsplash/campus_interior/12mp,7,joined1,aq.reconstruction,16.8876245
unsplash/campus_interior/12mp,7,joined1,aq.policy_initialize,0.0238745
unsplash/campus_interior/12mp,7,joined1,aq.gaborish,3.36375
unsplash/campus_interior/12mp,7,joined1,aq.epf.pass_1,3.6842705000000002
unsplash/campus_interior/12mp,7,joined1,aq.epf_linear.pass_2,3.188083
unsplash/campus_interior/12mp,7,joined1,butteraugli.psycho.sub,8.005146499999999
unsplash/campus_interior/12mp,7,joined1,butteraugli.malta.sub,3.6487085
unsplash/campus_interior/12mp,7,joined1,butteraugli.mask_final.sub,1.4122910000000002
unsplash/campus_interior/12mp,7,joined1,butteraugli.psycho.main,23.764021
unsplash/campus_interior/12mp,7,joined1,butteraugli.malta.main,14.372771
unsplash/campus_interior/12mp,7,joined1,butteraugli.mask.main,1.273249
unsplash/campus_interior/12mp,7,joined1,butteraugli.resident_reduction,4.694458
unsplash/campus_interior/12mp,7,joined1,aq.policy_update,0.044021
unsplash/campus_interior/12mp,7,joined1,aq.final_frame,5.803937
unsplash/campus_interior/12mp,8,base,frontend.prepare_aq.reference,27.104354
unsplash/campus_interior/12mp,8,base,frontend.initial_quantization,6.3075415
unsplash/campus_interior/12mp,8,base,frontend.ac_strategy,35.450354
unsplash/campus_interior/12mp,8,base,frontend.ac_strategy.select,0.37477099999999997
unsplash/campus_interior/12mp,8,base,frontend.ac_strategy.metadata,0.6492910000000001
unsplash/campus_interior/12mp,8,base,aq.strategy_dispatch,0.0034999999999999996
unsplash/campus_interior/12mp,8,base,frontend.quant_adjustment,0.0410415
unsplash/campus_interior/12mp,8,base,aq.policy_bounds,0.01125
unsplash/campus_interior/12mp,8,base,aq.reconstruction,38.582899499999996
unsplash/campus_interior/12mp,8,base,aq.policy_initialize,0.022688
unsplash/campus_interior/12mp,8,base,aq.gaborish,5.0540415
unsplash/campus_interior/12mp,8,base,aq.epf.pass_1,5.523729
unsplash/campus_interior/12mp,8,base,aq.epf_linear.pass_2,4.788397
unsplash/campus_interior/12mp,8,base,butteraugli.psycho.sub,11.978396
unsplash/campus_interior/12mp,8,base,butteraugli.malta.sub,5.4730834999999995
unsplash/campus_interior/12mp,8,base,butteraugli.mask_final.sub,2.1140415
unsplash/campus_interior/12mp,8,base,butteraugli.psycho.main,35.665979
unsplash/campus_interior/12mp,8,base,butteraugli.malta.main,21.557146
unsplash/campus_interior/12mp,8,base,butteraugli.mask.main,1.913938
unsplash/campus_interior/12mp,8,base,butteraugli.resident_reduction,7.048459
unsplash/campus_interior/12mp,8,base,aq.policy_update,0.06689500000000001
unsplash/campus_interior/12mp,8,base,aq.final_frame,5.810686
unsplash/campus_interior/12mp,8,cpu,frontend.prepare_aq.reference,26.760000500000004
unsplash/campus_interior/12mp,8,cpu,frontend.initial_quantization,6.311625
unsplash/campus_interior/12mp,8,cpu,frontend.ac_strategy,35.4407505
unsplash/campus_interior/12mp,8,cpu,frontend.ac_strategy.select,0.3743335
unsplash/campus_interior/12mp,8,cpu,frontend.ac_strategy.metadata,0.6471454999999999
unsplash/campus_interior/12mp,8,cpu,aq.strategy_dispatch,0.003479
unsplash/campus_interior/12mp,8,cpu,frontend.quant_adjustment,0.0410415
unsplash/campus_interior/12mp,8,cpu,aq.policy_bounds,0.011208
unsplash/campus_interior/12mp,8,cpu,aq.reconstruction,38.47906200000001
unsplash/campus_interior/12mp,8,cpu,aq.policy_initialize,0.0221045
unsplash/campus_interior/12mp,8,cpu,aq.gaborish,5.0400835
unsplash/campus_interior/12mp,8,cpu,aq.epf.pass_1,5.5241665
unsplash/campus_interior/12mp,8,cpu,aq.epf_linear.pass_2,4.7846245
unsplash/campus_interior/12mp,8,cpu,butteraugli.psycho.sub,11.974332500000003
unsplash/campus_interior/12mp,8,cpu,butteraugli.malta.sub,5.4610415
unsplash/campus_interior/12mp,8,cpu,butteraugli.mask_final.sub,2.112167
unsplash/campus_interior/12mp,8,cpu,butteraugli.psycho.main,35.581791499999994
unsplash/campus_interior/12mp,8,cpu,butteraugli.malta.main,21.553041999999998
unsplash/campus_interior/12mp,8,cpu,butteraugli.mask.main,1.9108955
unsplash/campus_interior/12mp,8,cpu,butteraugli.resident_reduction,7.0261245
unsplash/campus_interior/12mp,8,cpu,aq.policy_update,0.06720849999999999
unsplash/campus_interior/12mp,8,cpu,aq.final_frame,5.818333
unsplash/campus_interior/12mp,8,release,frontend.prepare_aq.reference,27.648832000000002
unsplash/campus_interior/12mp,8,release,frontend.initial_quantization,6.3103955
unsplash/campus_interior/12mp,8,release,frontend.ac_strategy,35.443604
unsplash/campus_interior/12mp,8,release,frontend.ac_strategy.select,0.3747715
unsplash/campus_interior/12mp,8,release,frontend.ac_strategy.metadata,0.650667
unsplash/campus_interior/12mp,8,release,aq.strategy_dispatch,0.003375
unsplash/campus_interior/12mp,8,release,frontend.quant_adjustment,0.04075
unsplash/campus_interior/12mp,8,release,aq.policy_bounds,0.011186999999999999
unsplash/campus_interior/12mp,8,release,aq.reconstruction,38.44341950000001
unsplash/campus_interior/12mp,8,release,aq.policy_initialize,0.0216045
unsplash/campus_interior/12mp,8,release,aq.gaborish,5.0347285
unsplash/campus_interior/12mp,8,release,aq.epf.pass_1,5.525957999999999
unsplash/campus_interior/12mp,8,release,aq.epf_linear.pass_2,4.7946875
unsplash/campus_interior/12mp,8,release,butteraugli.psycho.sub,11.991872999999998
unsplash/campus_interior/12mp,8,release,butteraugli.malta.sub,5.473
unsplash/campus_interior/12mp,8,release,butteraugli.mask_final.sub,2.114896
unsplash/campus_interior/12mp,8,release,butteraugli.psycho.main,35.623498999999995
unsplash/campus_interior/12mp,8,release,butteraugli.malta.main,21.550791500000003
unsplash/campus_interior/12mp,8,release,butteraugli.mask.main,1.9107910000000001
unsplash/campus_interior/12mp,8,release,butteraugli.resident_reduction,7.005667
unsplash/campus_interior/12mp,8,release,aq.policy_update,0.066646
unsplash/campus_interior/12mp,8,release,aq.final_frame,5.802437
unsplash/campus_interior/12mp,8,joined1,frontend.prepare_aq.reference,26.769500999999995
unsplash/campus_interior/12mp,8,joined1,frontend.initial_quantization,6.302125
unsplash/campus_interior/12mp,8,joined1,frontend.ac_strategy,35.449791999999995
unsplash/campus_interior/12mp,8,joined1,frontend.ac_strategy.select,0.37458349999999996
unsplash/campus_interior/12mp,8,joined1,frontend.ac_strategy.metadata,0.6521250000000001
unsplash/campus_interior/12mp,8,joined1,aq.strategy_dispatch,0.0033959999999999997
unsplash/campus_interior/12mp,8,joined1,frontend.quant_adjustment,0.0412915
unsplash/campus_interior/12mp,8,joined1,aq.policy_bounds,0.011146
unsplash/campus_interior/12mp,8,joined1,aq.reconstruction,38.68600100000002
unsplash/campus_interior/12mp,8,joined1,aq.policy_initialize,0.0232295
unsplash/campus_interior/12mp,8,joined1,aq.gaborish,5.0357705
unsplash/campus_interior/12mp,8,joined1,aq.epf.pass_1,5.523645500000001
unsplash/campus_interior/12mp,8,joined1,aq.epf_linear.pass_2,4.789479
unsplash/campus_interior/12mp,8,joined1,butteraugli.psycho.sub,11.976936499999999
unsplash/campus_interior/12mp,8,joined1,butteraugli.malta.sub,5.4654585
unsplash/campus_interior/12mp,8,joined1,butteraugli.mask_final.sub,2.1066455
unsplash/campus_interior/12mp,8,joined1,butteraugli.psycho.main,35.585665000000006
unsplash/campus_interior/12mp,8,joined1,butteraugli.malta.main,21.546792500000002
unsplash/campus_interior/12mp,8,joined1,butteraugli.mask.main,1.9120629999999998
unsplash/campus_interior/12mp,8,joined1,butteraugli.resident_reduction,6.978792
unsplash/campus_interior/12mp,8,joined1,aq.policy_update,0.06816599999999999
unsplash/campus_interior/12mp,8,joined1,aq.final_frame,5.812728
unsplash/alpine_lake/24mp,1,base,frontend.initial_quantization,3.8072915
unsplash/alpine_lake/24mp,1,base,frontend.quant_adjustment,0.13487500000000002
unsplash/alpine_lake/24mp,1,base,aq.policy_bounds,0.0615835
unsplash/alpine_lake/24mp,1,base,aq.final_frame,24.433001499999996
unsplash/alpine_lake/24mp,1,cpu,frontend.initial_quantization,3.7148335
unsplash/alpine_lake/24mp,1,cpu,frontend.quant_adjustment,0.13558350000000002
unsplash/alpine_lake/24mp,1,cpu,aq.policy_bounds,0.0618125
unsplash/alpine_lake/24mp,1,cpu,aq.final_frame,25.1545205
unsplash/alpine_lake/24mp,1,release,frontend.initial_quantization,2.7290834999999998
unsplash/alpine_lake/24mp,1,release,frontend.quant_adjustment,0.0533125
unsplash/alpine_lake/24mp,1,release,aq.policy_bounds,0.01625
unsplash/alpine_lake/24mp,1,release,aq.final_frame,15.981916000000002
unsplash/alpine_lake/24mp,1,joined1,frontend.initial_quantization,2.728542
unsplash/alpine_lake/24mp,1,joined1,frontend.quant_adjustment,0.0554795
unsplash/alpine_lake/24mp,1,joined1,aq.policy_bounds,0.0161875
unsplash/alpine_lake/24mp,1,joined1,aq.final_frame,15.9910615
unsplash/alpine_lake/24mp,7,base,frontend.prepare_aq.reference,39.376875
unsplash/alpine_lake/24mp,7,base,frontend.initial_quantization,13.2707285
unsplash/alpine_lake/24mp,7,base,frontend.ac_strategy,70.99879100000001
unsplash/alpine_lake/24mp,7,base,frontend.ac_strategy.select,0.397458
unsplash/alpine_lake/24mp,7,base,frontend.ac_strategy.metadata,0.9692289999999999
unsplash/alpine_lake/24mp,7,base,aq.strategy_dispatch,0.0034375
unsplash/alpine_lake/24mp,7,base,frontend.quant_adjustment,0.047479
unsplash/alpine_lake/24mp,7,base,aq.policy_bounds,0.014792
unsplash/alpine_lake/24mp,7,base,aq.reconstruction,27.642253
unsplash/alpine_lake/24mp,7,base,aq.policy_initialize,0.043084
unsplash/alpine_lake/24mp,7,base,aq.gaborish,6.976312500000001
unsplash/alpine_lake/24mp,7,base,aq.epf.pass_1,7.332021
unsplash/alpine_lake/24mp,7,base,aq.epf_linear.pass_2,5.701271
unsplash/alpine_lake/24mp,7,base,butteraugli.psycho.sub,14.042480000000001
unsplash/alpine_lake/24mp,7,base,butteraugli.malta.sub,7.106020000000001
unsplash/alpine_lake/24mp,7,base,butteraugli.mask_final.sub,2.5588335000000004
unsplash/alpine_lake/24mp,7,base,butteraugli.psycho.main,41.5724405
unsplash/alpine_lake/24mp,7,base,butteraugli.malta.main,28.22
unsplash/alpine_lake/24mp,7,base,butteraugli.mask.main,2.4328335
unsplash/alpine_lake/24mp,7,base,butteraugli.resident_reduction,7.002542
unsplash/alpine_lake/24mp,7,base,aq.policy_update,0.0829165
unsplash/alpine_lake/24mp,7,base,aq.final_frame,8.7597915
unsplash/alpine_lake/24mp,7,cpu,frontend.prepare_aq.reference,33.951480000000004
unsplash/alpine_lake/24mp,7,cpu,frontend.initial_quantization,13.0986045
unsplash/alpine_lake/24mp,7,cpu,frontend.ac_strategy,71.0003345
unsplash/alpine_lake/24mp,7,cpu,frontend.ac_strategy.select,0.397229
unsplash/alpine_lake/24mp,7,cpu,frontend.ac_strategy.metadata,0.971
unsplash/alpine_lake/24mp,7,cpu,aq.strategy_dispatch,0.003375
unsplash/alpine_lake/24mp,7,cpu,frontend.quant_adjustment,0.048
unsplash/alpine_lake/24mp,7,cpu,aq.policy_bounds,0.014833
unsplash/alpine_lake/24mp,7,cpu,aq.reconstruction,27.66149800000001
unsplash/alpine_lake/24mp,7,cpu,aq.policy_initialize,0.0429585
unsplash/alpine_lake/24mp,7,cpu,aq.gaborish,6.9795
unsplash/alpine_lake/24mp,7,cpu,aq.epf.pass_1,7.3326875
unsplash/alpine_lake/24mp,7,cpu,aq.epf_linear.pass_2,5.689375
unsplash/alpine_lake/24mp,7,cpu,butteraugli.psycho.sub,14.033314
unsplash/alpine_lake/24mp,7,cpu,butteraugli.malta.sub,7.1032709999999994
unsplash/alpine_lake/24mp,7,cpu,butteraugli.mask_final.sub,2.5457710000000002
unsplash/alpine_lake/24mp,7,cpu,butteraugli.psycho.main,41.558896000000004
unsplash/alpine_lake/24mp,7,cpu,butteraugli.malta.main,28.2612295
unsplash/alpine_lake/24mp,7,cpu,butteraugli.mask.main,2.4336245
unsplash/alpine_lake/24mp,7,cpu,butteraugli.resident_reduction,7.006562499999999
unsplash/alpine_lake/24mp,7,cpu,aq.policy_update,0.0836245
unsplash/alpine_lake/24mp,7,cpu,aq.final_frame,8.740751
unsplash/alpine_lake/24mp,7,release,frontend.prepare_aq.reference,31.394647
unsplash/alpine_lake/24mp,7,release,frontend.initial_quantization,13.04175
unsplash/alpine_lake/24mp,7,release,frontend.ac_strategy,71.0072495
unsplash/alpine_lake/24mp,7,release,frontend.ac_strategy.select,0.39654199999999995
unsplash/alpine_lake/24mp,7,release,frontend.ac_strategy.metadata,0.972771
unsplash/alpine_lake/24mp,7,release,aq.strategy_dispatch,0.0034375
unsplash/alpine_lake/24mp,7,release,frontend.quant_adjustment,0.047625
unsplash/alpine_lake/24mp,7,release,aq.policy_bounds,0.014792
unsplash/alpine_lake/24mp,7,release,aq.reconstruction,27.6522475
unsplash/alpine_lake/24mp,7,release,aq.policy_initialize,0.043249499999999996
unsplash/alpine_lake/24mp,7,release,aq.gaborish,6.9820625
unsplash/alpine_lake/24mp,7,release,aq.epf.pass_1,7.334125500000001
unsplash/alpine_lake/24mp,7,release,aq.epf_linear.pass_2,5.701687
unsplash/alpine_lake/24mp,7,release,butteraugli.psycho.sub,14.0561045
unsplash/alpine_lake/24mp,7,release,butteraugli.malta.sub,7.1132290000000005
unsplash/alpine_lake/24mp,7,release,butteraugli.mask_final.sub,2.5685425000000004
unsplash/alpine_lake/24mp,7,release,butteraugli.psycho.main,41.5850395
unsplash/alpine_lake/24mp,7,release,butteraugli.malta.main,28.2640205
unsplash/alpine_lake/24mp,7,release,butteraugli.mask.main,2.431375
unsplash/alpine_lake/24mp,7,release,butteraugli.resident_reduction,7.0065005
unsplash/alpine_lake/24mp,7,release,aq.policy_update,0.08306250000000001
unsplash/alpine_lake/24mp,7,release,aq.final_frame,8.7519165
unsplash/alpine_lake/24mp,7,joined1,frontend.prepare_aq.reference,30.744626500000003
unsplash/alpine_lake/24mp,7,joined1,frontend.initial_quantization,13.0473335
unsplash/alpine_lake/24mp,7,joined1,frontend.ac_strategy,71.0042075
unsplash/alpine_lake/24mp,7,joined1,frontend.ac_strategy.select,0.3971665
unsplash/alpine_lake/24mp,7,joined1,frontend.ac_strategy.metadata,0.9647705
unsplash/alpine_lake/24mp,7,joined1,aq.strategy_dispatch,0.0033545
unsplash/alpine_lake/24mp,7,joined1,frontend.quant_adjustment,0.0475415
unsplash/alpine_lake/24mp,7,joined1,aq.policy_bounds,0.014792
unsplash/alpine_lake/24mp,7,joined1,aq.reconstruction,27.645854500000002
unsplash/alpine_lake/24mp,7,joined1,aq.policy_initialize,0.043208
unsplash/alpine_lake/24mp,7,joined1,aq.gaborish,6.975875500000001
unsplash/alpine_lake/24mp,7,joined1,aq.epf.pass_1,7.3347295
unsplash/alpine_lake/24mp,7,joined1,aq.epf_linear.pass_2,5.6952915
unsplash/alpine_lake/24mp,7,joined1,butteraugli.psycho.sub,14.0193525
unsplash/alpine_lake/24mp,7,joined1,butteraugli.malta.sub,7.101604
unsplash/alpine_lake/24mp,7,joined1,butteraugli.mask_final.sub,2.5443955000000003
unsplash/alpine_lake/24mp,7,joined1,butteraugli.psycho.main,41.574521999999995
unsplash/alpine_lake/24mp,7,joined1,butteraugli.malta.main,28.2500625
unsplash/alpine_lake/24mp,7,joined1,butteraugli.mask.main,2.4326665
unsplash/alpine_lake/24mp,7,joined1,butteraugli.resident_reduction,7.0031045
unsplash/alpine_lake/24mp,7,joined1,aq.policy_update,0.0829995
unsplash/alpine_lake/24mp,7,joined1,aq.final_frame,8.749105
unsplash/alpine_lake/24mp,8,base,frontend.prepare_aq.reference,31.620434000000003
unsplash/alpine_lake/24mp,8,base,frontend.initial_quantization,13.100417
unsplash/alpine_lake/24mp,8,base,frontend.ac_strategy,71.01379250000001
unsplash/alpine_lake/24mp,8,base,frontend.ac_strategy.select,0.39689549999999996
unsplash/alpine_lake/24mp,8,base,frontend.ac_strategy.metadata,0.9730835
unsplash/alpine_lake/24mp,8,base,aq.strategy_dispatch,0.0034790000000000003
unsplash/alpine_lake/24mp,8,base,frontend.quant_adjustment,0.047333
unsplash/alpine_lake/24mp,8,base,aq.policy_bounds,0.014875
unsplash/alpine_lake/24mp,8,base,aq.reconstruction,63.394792499999994
unsplash/alpine_lake/24mp,8,base,aq.policy_initialize,0.0438545
unsplash/alpine_lake/24mp,8,base,aq.gaborish,10.4678125
unsplash/alpine_lake/24mp,8,base,aq.epf.pass_1,10.999062000000002
unsplash/alpine_lake/24mp,8,base,aq.epf_linear.pass_2,8.5536245
unsplash/alpine_lake/24mp,8,base,butteraugli.psycho.sub,21.03802
unsplash/alpine_lake/24mp,8,base,butteraugli.malta.sub,10.660563
unsplash/alpine_lake/24mp,8,base,butteraugli.mask_final.sub,3.840896
unsplash/alpine_lake/24mp,8,base,butteraugli.psycho.main,62.3983535
unsplash/alpine_lake/24mp,8,base,butteraugli.malta.main,42.368937
unsplash/alpine_lake/24mp,8,base,butteraugli.mask.main,3.6503759999999996
unsplash/alpine_lake/24mp,8,base,butteraugli.resident_reduction,10.4864985
unsplash/alpine_lake/24mp,8,base,aq.policy_update,0.125291
unsplash/alpine_lake/24mp,8,base,aq.final_frame,8.787312
unsplash/alpine_lake/24mp,8,cpu,frontend.prepare_aq.reference,39.105832
unsplash/alpine_lake/24mp,8,cpu,frontend.initial_quantization,13.235479000000002
unsplash/alpine_lake/24mp,8,cpu,frontend.ac_strategy,70.9954585
unsplash/alpine_lake/24mp,8,cpu,frontend.ac_strategy.select,0.3971665
unsplash/alpine_lake/24mp,8,cpu,frontend.ac_strategy.metadata,0.9718955
unsplash/alpine_lake/24mp,8,cpu,aq.strategy_dispatch,0.003521
unsplash/alpine_lake/24mp,8,cpu,frontend.quant_adjustment,0.0475625
unsplash/alpine_lake/24mp,8,cpu,aq.policy_bounds,0.0147295
unsplash/alpine_lake/24mp,8,cpu,aq.reconstruction,63.414563999999984
unsplash/alpine_lake/24mp,8,cpu,aq.policy_initialize,0.043229000000000004
unsplash/alpine_lake/24mp,8,cpu,aq.gaborish,10.458125
unsplash/alpine_lake/24mp,8,cpu,aq.epf.pass_1,10.9993115
unsplash/alpine_lake/24mp,8,cpu,aq.epf_linear.pass_2,8.531832999999999
unsplash/alpine_lake/24mp,8,cpu,butteraugli.psycho.sub,21.039894500000003
unsplash/alpine_lake/24mp,8,cpu,butteraugli.malta.sub,10.654228499999999
unsplash/alpine_lake/24mp,8,cpu,butteraugli.mask_final.sub,3.8280209999999997
unsplash/alpine_lake/24mp,8,cpu,butteraugli.psycho.main,62.352165000000014
unsplash/alpine_lake/24mp,8,cpu,butteraugli.malta.main,42.34775
unsplash/alpine_lake/24mp,8,cpu,butteraugli.mask.main,3.6516455000000003
unsplash/alpine_lake/24mp,8,cpu,butteraugli.resident_reduction,10.5247915
unsplash/alpine_lake/24mp,8,cpu,aq.policy_update,0.126063
unsplash/alpine_lake/24mp,8,cpu,aq.final_frame,8.7796655
unsplash/alpine_lake/24mp,8,release,frontend.prepare_aq.reference,39.074289500000006
unsplash/alpine_lake/24mp,8,release,frontend.initial_quantization,13.2324165
unsplash/alpine_lake/24mp,8,release,frontend.ac_strategy,71.006418
unsplash/alpine_lake/24mp,8,release,frontend.ac_strategy.select,0.39675
unsplash/alpine_lake/24mp,8,release,frontend.ac_strategy.metadata,0.9744794999999999
unsplash/alpine_lake/24mp,8,release,aq.strategy_dispatch,0.003541
unsplash/alpine_lake/24mp,8,release,frontend.quant_adjustment,0.0473335
unsplash/alpine_lake/24mp,8,release,aq.policy_bounds,0.0149165
unsplash/alpine_lake/24mp,8,release,aq.reconstruction,63.535619999999994
unsplash/alpine_lake/24mp,8,release,aq.policy_initialize,0.0429375
unsplash/alpine_lake/24mp,8,release,aq.gaborish,10.458771
unsplash/alpine_lake/24mp,8,release,aq.epf.pass_1,11.0012085
unsplash/alpine_lake/24mp,8,release,aq.epf_linear.pass_2,8.539521
unsplash/alpine_lake/24mp,8,release,butteraugli.psycho.sub,21.064583999999996
unsplash/alpine_lake/24mp,8,release,butteraugli.malta.sub,10.6647505
unsplash/alpine_lake/24mp,8,release,butteraugli.mask_final.sub,3.8328119999999997
unsplash/alpine_lake/24mp,8,release,butteraugli.psycho.main,62.34498
unsplash/alpine_lake/24mp,8,release,butteraugli.malta.main,42.351479
unsplash/alpine_lake/24mp,8,release,butteraugli.mask.main,3.6515625
unsplash/alpine_lake/24mp,8,release,butteraugli.resident_reduction,10.500208
unsplash/alpine_lake/24mp,8,release,aq.policy_update,0.1263745
unsplash/alpine_lake/24mp,8,release,aq.final_frame,8.7661665
unsplash/alpine_lake/24mp,8,joined1,frontend.prepare_aq.reference,39.30191599999999
unsplash/alpine_lake/24mp,8,joined1,frontend.initial_quantization,13.254062000000001
unsplash/alpine_lake/24mp,8,joined1,frontend.ac_strategy,71.01693850000001
unsplash/alpine_lake/24mp,8,joined1,frontend.ac_strategy.select,0.397729
unsplash/alpine_lake/24mp,8,joined1,frontend.ac_strategy.metadata,0.966854
unsplash/alpine_lake/24mp,8,joined1,aq.strategy_dispatch,0.003542
unsplash/alpine_lake/24mp,8,joined1,frontend.quant_adjustment,0.047542
unsplash/alpine_lake/24mp,8,joined1,aq.policy_bounds,0.0148125
unsplash/alpine_lake/24mp,8,joined1,aq.reconstruction,63.4377305
unsplash/alpine_lake/24mp,8,joined1,aq.policy_initialize,0.04275
unsplash/alpine_lake/24mp,8,joined1,aq.gaborish,10.4405205
unsplash/alpine_lake/24mp,8,joined1,aq.epf.pass_1,10.998667000000001
unsplash/alpine_lake/24mp,8,joined1,aq.epf_linear.pass_2,8.551438000000001
unsplash/alpine_lake/24mp,8,joined1,butteraugli.psycho.sub,21.051478500000005
unsplash/alpine_lake/24mp,8,joined1,butteraugli.malta.sub,10.6451885
unsplash/alpine_lake/24mp,8,joined1,butteraugli.mask_final.sub,3.8386044999999998
unsplash/alpine_lake/24mp,8,joined1,butteraugli.psycho.main,62.3309145
unsplash/alpine_lake/24mp,8,joined1,butteraugli.malta.main,42.351083
unsplash/alpine_lake/24mp,8,joined1,butteraugli.mask.main,3.6521045
unsplash/alpine_lake/24mp,8,joined1,butteraugli.resident_reduction,10.511958
unsplash/alpine_lake/24mp,8,joined1,aq.policy_update,0.1264575
unsplash/alpine_lake/24mp,8,joined1,aq.final_frame,8.755207500000001
unsplash/forest_stream/48mp,1,base,frontend.initial_quantization,5.9551665
unsplash/forest_stream/48mp,1,base,frontend.quant_adjustment,0.11525
unsplash/forest_stream/48mp,1,base,aq.policy_bounds,0.038625
unsplash/forest_stream/48mp,1,base,aq.final_frame,38.71564600000001
unsplash/forest_stream/48mp,1,cpu,frontend.initial_quantization,5.7781665
unsplash/forest_stream/48mp,1,cpu,frontend.quant_adjustment,0.115458
unsplash/forest_stream/48mp,1,cpu,aq.policy_bounds,0.03875
unsplash/forest_stream/48mp,1,cpu,aq.final_frame,37.5806455
unsplash/forest_stream/48mp,1,release,frontend.initial_quantization,5.885625
unsplash/forest_stream/48mp,1,release,frontend.quant_adjustment,0.114
unsplash/forest_stream/48mp,1,release,aq.policy_bounds,0.0383335
unsplash/forest_stream/48mp,1,release,aq.final_frame,37.630438
unsplash/forest_stream/48mp,1,joined1,frontend.initial_quantization,5.9472915
unsplash/forest_stream/48mp,1,joined1,frontend.quant_adjustment,0.18533349999999998
unsplash/forest_stream/48mp,1,joined1,aq.policy_bounds,0.0687705
unsplash/forest_stream/48mp,1,joined1,aq.final_frame,39.7495835
unsplash/forest_stream/48mp,7,base,frontend.prepare_aq.reference,81.458501
unsplash/forest_stream/48mp,7,base,frontend.initial_quantization,24.7395
unsplash/forest_stream/48mp,7,base,frontend.ac_strategy,142.2533955
unsplash/forest_stream/48mp,7,base,frontend.ac_strategy.select,0.5097085
unsplash/forest_stream/48mp,7,base,frontend.ac_strategy.metadata,1.6839995
unsplash/forest_stream/48mp,7,base,aq.strategy_dispatch,0.003208
unsplash/forest_stream/48mp,7,base,frontend.quant_adjustment,0.0615835
unsplash/forest_stream/48mp,7,base,aq.policy_bounds,0.023
unsplash/forest_stream/48mp,7,base,aq.reconstruction,49.945083
unsplash/forest_stream/48mp,7,base,aq.policy_initialize,0.0809375
unsplash/forest_stream/48mp,7,base,aq.gaborish,14.0486045
unsplash/forest_stream/48mp,7,base,aq.epf.pass_1,14.6370625
unsplash/forest_stream/48mp,7,base,aq.epf_linear.pass_2,13.2048955
unsplash/forest_stream/48mp,7,base,butteraugli.psycho.sub,32.126312999999996
unsplash/forest_stream/48mp,7,base,butteraugli.malta.sub,14.4283965
unsplash/forest_stream/48mp,7,base,butteraugli.mask_final.sub,5.894417
unsplash/forest_stream/48mp,7,base,butteraugli.psycho.main,95.30097999999998
unsplash/forest_stream/48mp,7,base,butteraugli.malta.main,57.7566875
unsplash/forest_stream/48mp,7,base,butteraugli.mask.main,4.9975415
unsplash/forest_stream/48mp,7,base,butteraugli.resident_reduction,16.9743335
unsplash/forest_stream/48mp,7,base,aq.policy_update,0.1573125
unsplash/forest_stream/48mp,7,base,aq.final_frame,15.089561499999999
unsplash/forest_stream/48mp,7,cpu,frontend.prepare_aq.reference,79.82970850000001
unsplash/forest_stream/48mp,7,cpu,frontend.initial_quantization,24.743958499999998
unsplash/forest_stream/48mp,7,cpu,frontend.ac_strategy,142.240668
unsplash/forest_stream/48mp,7,cpu,frontend.ac_strategy.select,0.5118125
unsplash/forest_stream/48mp,7,cpu,frontend.ac_strategy.metadata,1.685625
unsplash/forest_stream/48mp,7,cpu,aq.strategy_dispatch,0.0031875000000000002
unsplash/forest_stream/48mp,7,cpu,frontend.quant_adjustment,0.0616665
unsplash/forest_stream/48mp,7,cpu,aq.policy_bounds,0.023041
unsplash/forest_stream/48mp,7,cpu,aq.reconstruction,49.985414500000005
unsplash/forest_stream/48mp,7,cpu,aq.policy_initialize,0.08081250000000001
unsplash/forest_stream/48mp,7,cpu,aq.gaborish,14.0705425
unsplash/forest_stream/48mp,7,cpu,aq.epf.pass_1,14.638521
unsplash/forest_stream/48mp,7,cpu,aq.epf_linear.pass_2,13.212333
unsplash/forest_stream/48mp,7,cpu,butteraugli.psycho.sub,32.092291
unsplash/forest_stream/48mp,7,cpu,butteraugli.malta.sub,14.416813000000001
unsplash/forest_stream/48mp,7,cpu,butteraugli.mask_final.sub,5.897041000000001
unsplash/forest_stream/48mp,7,cpu,butteraugli.psycho.main,95.3678525
unsplash/forest_stream/48mp,7,cpu,butteraugli.malta.main,57.8079375
unsplash/forest_stream/48mp,7,cpu,butteraugli.mask.main,4.990270499999999
unsplash/forest_stream/48mp,7,cpu,butteraugli.resident_reduction,16.997292
unsplash/forest_stream/48mp,7,cpu,aq.policy_update,0.1574995
unsplash/forest_stream/48mp,7,cpu,aq.final_frame,15.0451035
unsplash/forest_stream/48mp,7,release,frontend.prepare_aq.reference,81.3196655
unsplash/forest_stream/48mp,7,release,frontend.initial_quantization,24.743167
unsplash/forest_stream/48mp,7,release,frontend.ac_strategy,142.24475
unsplash/forest_stream/48mp,7,release,frontend.ac_strategy.select,0.513625
unsplash/forest_stream/48mp,7,release,frontend.ac_strategy.metadata,1.6843545
unsplash/forest_stream/48mp,7,release,aq.strategy_dispatch,0.00325
unsplash/forest_stream/48mp,7,release,frontend.quant_adjustment,0.061479
unsplash/forest_stream/48mp,7,release,aq.policy_bounds,0.0230835
unsplash/forest_stream/48mp,7,release,aq.reconstruction,50.01100099999999
unsplash/forest_stream/48mp,7,release,aq.policy_initialize,0.0809585
unsplash/forest_stream/48mp,7,release,aq.gaborish,14.0544785
unsplash/forest_stream/48mp,7,release,aq.epf.pass_1,14.639792
unsplash/forest_stream/48mp,7,release,aq.epf_linear.pass_2,13.2006045
unsplash/forest_stream/48mp,7,release,butteraugli.psycho.sub,32.059814
unsplash/forest_stream/48mp,7,release,butteraugli.malta.sub,14.416500000000001
unsplash/forest_stream/48mp,7,release,butteraugli.mask_final.sub,5.8782084999999995
unsplash/forest_stream/48mp,7,release,butteraugli.psycho.main,95.41022999999998
unsplash/forest_stream/48mp,7,release,butteraugli.malta.main,57.763146500000005
unsplash/forest_stream/48mp,7,release,butteraugli.mask.main,4.9950415
unsplash/forest_stream/48mp,7,release,butteraugli.resident_reduction,16.930500000000002
unsplash/forest_stream/48mp,7,release,aq.policy_update,0.15781250000000002
unsplash/forest_stream/48mp,7,release,aq.final_frame,15.075833
unsplash/forest_stream/48mp,7,joined1,frontend.prepare_aq.reference,81.51308450000002
unsplash/forest_stream/48mp,7,joined1,frontend.initial_quantization,24.773167
unsplash/forest_stream/48mp,7,joined1,frontend.ac_strategy,142.2240845
unsplash/forest_stream/48mp,7,joined1,frontend.ac_strategy.select,0.5104795
unsplash/forest_stream/48mp,7,joined1,frontend.ac_strategy.metadata,1.6875
unsplash/forest_stream/48mp,7,joined1,aq.strategy_dispatch,0.003417
unsplash/forest_stream/48mp,7,joined1,frontend.quant_adjustment,0.062146
unsplash/forest_stream/48mp,7,joined1,aq.policy_bounds,0.022875
unsplash/forest_stream/48mp,7,joined1,aq.reconstruction,50.0665235
unsplash/forest_stream/48mp,7,joined1,aq.policy_initialize,0.080646
unsplash/forest_stream/48mp,7,joined1,aq.gaborish,14.1112495
unsplash/forest_stream/48mp,7,joined1,aq.epf.pass_1,14.635437
unsplash/forest_stream/48mp,7,joined1,aq.epf_linear.pass_2,13.269688
unsplash/forest_stream/48mp,7,joined1,butteraugli.psycho.sub,32.1559595
unsplash/forest_stream/48mp,7,joined1,butteraugli.malta.sub,14.4228955
unsplash/forest_stream/48mp,7,joined1,butteraugli.mask_final.sub,5.889749500000001
unsplash/forest_stream/48mp,7,joined1,butteraugli.psycho.main,95.38764499999999
unsplash/forest_stream/48mp,7,joined1,butteraugli.malta.main,57.8334585
unsplash/forest_stream/48mp,7,joined1,butteraugli.mask.main,4.994959
unsplash/forest_stream/48mp,7,joined1,butteraugli.resident_reduction,16.992980000000003
unsplash/forest_stream/48mp,7,joined1,aq.policy_update,0.15768700000000002
unsplash/forest_stream/48mp,7,joined1,aq.final_frame,15.104937499999998
unsplash/forest_stream/48mp,8,base,frontend.prepare_aq.reference,81.55679350000003
unsplash/forest_stream/48mp,8,base,frontend.initial_quantization,24.7699165
unsplash/forest_stream/48mp,8,base,frontend.ac_strategy,142.26898
unsplash/forest_stream/48mp,8,base,frontend.ac_strategy.select,0.5128955
unsplash/forest_stream/48mp,8,base,frontend.ac_strategy.metadata,1.6865204999999999
unsplash/forest_stream/48mp,8,base,aq.strategy_dispatch,0.0031875000000000002
unsplash/forest_stream/48mp,8,base,frontend.quant_adjustment,0.0619375
unsplash/forest_stream/48mp,8,base,aq.policy_bounds,0.0230625
unsplash/forest_stream/48mp,8,base,aq.reconstruction,109.38518499999998
unsplash/forest_stream/48mp,8,base,aq.policy_initialize,0.080667
unsplash/forest_stream/48mp,8,base,aq.gaborish,21.1627295
unsplash/forest_stream/48mp,8,base,aq.epf.pass_1,21.960354000000002
unsplash/forest_stream/48mp,8,base,aq.epf_linear.pass_2,19.896167
unsplash/forest_stream/48mp,8,base,butteraugli.psycho.sub,48.339980999999995
unsplash/forest_stream/48mp,8,base,butteraugli.malta.sub,21.664458500000002
unsplash/forest_stream/48mp,8,base,butteraugli.mask_final.sub,8.886313
unsplash/forest_stream/48mp,8,base,butteraugli.psycho.main,143.30337400000002
unsplash/forest_stream/48mp,8,base,butteraugli.malta.main,86.8902295
unsplash/forest_stream/48mp,8,base,butteraugli.mask.main,7.515438
unsplash/forest_stream/48mp,8,base,butteraugli.resident_reduction,25.630647
unsplash/forest_stream/48mp,8,base,aq.policy_update,0.23741600000000002
unsplash/forest_stream/48mp,8,base,aq.final_frame,15.1440825
unsplash/forest_stream/48mp,8,cpu,frontend.prepare_aq.reference,79.74820849999999
unsplash/forest_stream/48mp,8,cpu,frontend.initial_quantization,24.7499375
unsplash/forest_stream/48mp,8,cpu,frontend.ac_strategy,142.29647749999998
unsplash/forest_stream/48mp,8,cpu,frontend.ac_strategy.select,0.5108745
unsplash/forest_stream/48mp,8,cpu,frontend.ac_strategy.metadata,1.6855
unsplash/forest_stream/48mp,8,cpu,aq.strategy_dispatch,0.003167
unsplash/forest_stream/48mp,8,cpu,frontend.quant_adjustment,0.0617505
unsplash/forest_stream/48mp,8,cpu,aq.policy_bounds,0.023083
unsplash/forest_stream/48mp,8,cpu,aq.reconstruction,109.3470235
unsplash/forest_stream/48mp,8,cpu,aq.policy_initialize,0.0805
unsplash/forest_stream/48mp,8,cpu,aq.gaborish,21.168646000000003
unsplash/forest_stream/48mp,8,cpu,aq.epf.pass_1,21.9629585
unsplash/forest_stream/48mp,8,cpu,aq.epf_linear.pass_2,19.9199165
unsplash/forest_stream/48mp,8,cpu,butteraugli.psycho.sub,48.356731
unsplash/forest_stream/48mp,8,cpu,butteraugli.malta.sub,21.6683955
unsplash/forest_stream/48mp,8,cpu,butteraugli.mask_final.sub,8.8658125
unsplash/forest_stream/48mp,8,cpu,butteraugli.psycho.main,143.052644
unsplash/forest_stream/48mp,8,cpu,butteraugli.malta.main,86.7831665
unsplash/forest_stream/48mp,8,cpu,butteraugli.mask.main,7.496709
unsplash/forest_stream/48mp,8,cpu,butteraugli.resident_reduction,25.524688
unsplash/forest_stream/48mp,8,cpu,aq.policy_update,0.2364375
unsplash/forest_stream/48mp,8,cpu,aq.final_frame,15.1319385
unsplash/forest_stream/48mp,8,release,frontend.prepare_aq.reference,79.952709
unsplash/forest_stream/48mp,8,release,frontend.initial_quantization,24.7358335
unsplash/forest_stream/48mp,8,release,frontend.ac_strategy,142.251626
unsplash/forest_stream/48mp,8,release,frontend.ac_strategy.select,0.511563
unsplash/forest_stream/48mp,8,release,frontend.ac_strategy.metadata,1.6868124999999998
unsplash/forest_stream/48mp,8,release,aq.strategy_dispatch,0.003208
unsplash/forest_stream/48mp,8,release,frontend.quant_adjustment,0.0618755
unsplash/forest_stream/48mp,8,release,aq.policy_bounds,0.0229375
unsplash/forest_stream/48mp,8,release,aq.reconstruction,109.4171235
unsplash/forest_stream/48mp,8,release,aq.policy_initialize,0.0804375
unsplash/forest_stream/48mp,8,release,aq.gaborish,21.1684375
unsplash/forest_stream/48mp,8,release,aq.epf.pass_1,21.9605625
unsplash/forest_stream/48mp,8,release,aq.epf_linear.pass_2,19.901978999999997
unsplash/forest_stream/48mp,8,release,butteraugli.psycho.sub,48.3836045
unsplash/forest_stream/48mp,8,release,butteraugli.malta.sub,21.652709
unsplash/forest_stream/48mp,8,release,butteraugli.mask_final.sub,8.866166
unsplash/forest_stream/48mp,8,release,butteraugli.psycho.main,143.19741499999998
unsplash/forest_stream/48mp,8,release,butteraugli.malta.main,86.676709
unsplash/forest_stream/48mp,8,release,butteraugli.mask.main,7.496812499999999
unsplash/forest_stream/48mp,8,release,butteraugli.resident_reduction,25.48
unsplash/forest_stream/48mp,8,release,aq.policy_update,0.236645
unsplash/forest_stream/48mp,8,release,aq.final_frame,15.13525
unsplash/forest_stream/48mp,8,joined1,frontend.prepare_aq.reference,81.1587505
unsplash/forest_stream/48mp,8,joined1,frontend.initial_quantization,24.7631455
unsplash/forest_stream/48mp,8,joined1,frontend.ac_strategy,142.220729
unsplash/forest_stream/48mp,8,joined1,frontend.ac_strategy.select,0.5098125
unsplash/forest_stream/48mp,8,joined1,frontend.ac_strategy.metadata,1.685146
unsplash/forest_stream/48mp,8,joined1,aq.strategy_dispatch,0.0034795
unsplash/forest_stream/48mp,8,joined1,frontend.quant_adjustment,0.0616665
unsplash/forest_stream/48mp,8,joined1,aq.policy_bounds,0.023
unsplash/forest_stream/48mp,8,joined1,aq.reconstruction,109.36912399999997
unsplash/forest_stream/48mp,8,joined1,aq.policy_initialize,0.0804375
unsplash/forest_stream/48mp,8,joined1,aq.gaborish,21.149375499999998
unsplash/forest_stream/48mp,8,joined1,aq.epf.pass_1,21.951771
unsplash/forest_stream/48mp,8,joined1,aq.epf_linear.pass_2,19.92127
unsplash/forest_stream/48mp,8,joined1,butteraugli.psycho.sub,48.20606199999999
unsplash/forest_stream/48mp,8,joined1,butteraugli.malta.sub,21.631146
unsplash/forest_stream/48mp,8,joined1,butteraugli.mask_final.sub,8.8479365
unsplash/forest_stream/48mp,8,joined1,butteraugli.psycho.main,142.99170800000002
unsplash/forest_stream/48mp,8,joined1,butteraugli.malta.main,86.686375
unsplash/forest_stream/48mp,8,joined1,butteraugli.mask.main,7.495875
unsplash/forest_stream/48mp,8,joined1,butteraugli.resident_reduction,25.594521
unsplash/forest_stream/48mp,8,joined1,aq.policy_update,0.2381675
unsplash/forest_stream/48mp,8,joined1,aq.final_frame,15.158127499999999
